implementation	indicator_family	indicator_definition	case_id	mode	parameters	input_length	output_kind	output_arity	median_ns	ci95_lower_ns	ci95_upper_ns	throughput_observations_per_second	sample_count	outlier_count	outlier_low_count	outlier_high_count	output_begin	output_count	output_checksum	semantic_status	semantic_reason	timing_status	timing_reason	comparison_status	comparison_reason	warmup_iterations	iterations_per_sample	timed_boundary	fixture	input_checksum	ta_lib_version	ta_lib_revision	python_version	python_binding_version	python_ta_lib_version	numpy_version	rustc	cpu	os	arch	float_width	features	commit	dirty
fast-ta	Overlap Studies	SMA: Simple Moving Average	SMA	Owned Compact Output	timeperiod=14	256	float	1	368.82039599505003	367.5118123523456	369.8531893351333	694104780.4835495	50	1	0	1	13	243	fnv1a64:3e37ece299fccaa3	verified		measured		unavailable	separate Rust execution cost; not aggregated with the direct C kernel	643504	26667	IndicatorConfig::compute; API-owned Compact Output allocation included	catalogue_fixture_v1:f64le	fnv1a64:73fedfe0ae0a803f	0.6.4	43f9d5042ecc4bd367941846494ad907bf20ea50	3.12.13	0.6.4	0.6.4	2.2.3	rustc 1.93.0 (254b59607 2026-01-19)	Apple M2	Darwin 25.5.0 Darwin Kernel Version 25.5.0: Tue Jun  9 22:27:52 PDT 2026; root:xnu-12377.121.10~1/RELEASE_ARM64_T8112	aarch64	64	ta-core=default(f64,std); ta-benchmarks=catalogue-matrix	e61c887995a7cb4277c15fdff85633db15de32a8	false
fast-ta	Overlap Studies	SMA: Simple Moving Average	SMA	caller-owned Batch Computation	timeperiod=14	256	float	1	329.7146285671429	327.4826377170285	330.4247759403007	776429001.9903327	50	1	0	1	13	243	fnv1a64:3e37ece299fccaa3	verified		measured		comparable	primary caller-owned Rust/C kernel	726960	26667	IndicatorConfig::compute_into; caller output allocation excluded	catalogue_fixture_v1:f64le	fnv1a64:73fedfe0ae0a803f	0.6.4	43f9d5042ecc4bd367941846494ad907bf20ea50	3.12.13	0.6.4	0.6.4	2.2.3	rustc 1.93.0 (254b59607 2026-01-19)	Apple M2	Darwin 25.5.0 Darwin Kernel Version 25.5.0: Tue Jun  9 22:27:52 PDT 2026; root:xnu-12377.121.10~1/RELEASE_ARM64_T8112	aarch64	64	ta-core=default(f64,std); ta-benchmarks=catalogue-matrix	e61c887995a7cb4277c15fdff85633db15de32a8	false
fast-ta	Overlap Studies	SMA: Simple Moving Average	SMA	Prepared Batch Runner	timeperiod=14	256	float	1	339.80903363707955	338.63014212322344	341.0050999362508	753364315.4213825	50	1	0	1	13	243	fnv1a64:3e37ece299fccaa3	verified		measured		unavailable	separate Rust execution cost; not aggregated with the direct C kernel	723392	26667	PreparedBatchRunner::compute_into; preparation and caller output allocation excluded	catalogue_fixture_v1:f64le	fnv1a64:73fedfe0ae0a803f	0.6.4	43f9d5042ecc4bd367941846494ad907bf20ea50	3.12.13	0.6.4	0.6.4	2.2.3	rustc 1.93.0 (254b59607 2026-01-19)	Apple M2	Darwin 25.5.0 Darwin Kernel Version 25.5.0: Tue Jun  9 22:27:52 PDT 2026; root:xnu-12377.121.10~1/RELEASE_ARM64_T8112	aarch64	64	ta-core=default(f64,std); ta-benchmarks=catalogue-matrix	e61c887995a7cb4277c15fdff85633db15de32a8	false
fast-ta	Overlap Studies	SMA: Simple Moving Average	SMA	Streaming Computation	timeperiod=14	256	float	1	1249.0094315245478	1247.197659883721	1256.0776485788115	204962423.45225927	50	1	0	1	13	243	fnv1a64:3e37ece299fccaa3	verified		measured		unavailable	separate Rust execution cost; not aggregated with the direct C kernel	197930	7740	StreamingComputation::reset plus one next call per observation; stream and output allocation excluded	catalogue_fixture_v1:f64le	fnv1a64:73fedfe0ae0a803f	0.6.4	43f9d5042ecc4bd367941846494ad907bf20ea50	3.12.13	0.6.4	0.6.4	2.2.3	rustc 1.93.0 (254b59607 2026-01-19)	Apple M2	Darwin 25.5.0 Darwin Kernel Version 25.5.0: Tue Jun  9 22:27:52 PDT 2026; root:xnu-12377.121.10~1/RELEASE_ARM64_T8112	aarch64	64	ta-core=default(f64,std); ta-benchmarks=catalogue-matrix	e61c887995a7cb4277c15fdff85633db15de32a8	false
TA-Lib C	Overlap Studies	SMA: Simple Moving Average	SMA	direct C caller-owned	timeperiod=14	256	float	1	461.502075	460.17085	463.6146	554710398.6477201	50	0	0	0	13	243	fnv1a64:5ba01d7e61357601	verified		measured		comparable	primary caller-owned Rust/C kernel	531859	20000	direct TA_SMA call; caller output allocation excluded	catalogue_fixture_v1:f64le	fnv1a64:73fedfe0ae0a803f	0.6.4	43f9d5042ecc4bd367941846494ad907bf20ea50	3.12.13	0.6.4	0.6.4	2.2.3	rustc 1.93.0 (254b59607 2026-01-19)	Apple M2	Darwin 25.5.0 Darwin Kernel Version 25.5.0: Tue Jun  9 22:27:52 PDT 2026; root:xnu-12377.121.10~1/RELEASE_ARM64_T8112	aarch64	64	ta-core=default(f64,std); ta-benchmarks=catalogue-matrix	e61c887995a7cb4277c15fdff85633db15de32a8	false
TA-Lib Python	Overlap Studies	SMA: Simple Moving Average	SMA	official Python NumPy API	timeperiod=14	256	float	1	564.1789295225001	562.2916554008875	566.0014319845	453756754.46913415	50	2	0	2	13	243	fnv1a64:5ba01d7e61357601	verified		measured		unavailable	user-facing Python API cost; not aggregated with caller-owned kernels	284419	17124	direct talib.SMA NumPy API expression including API-owned output; fixture loading excluded	catalogue_fixture_v1:f64le	fnv1a64:73fedfe0ae0a803f	0.6.4	43f9d5042ecc4bd367941846494ad907bf20ea50	3.12.13	0.6.4	0.6.4	2.2.3	rustc 1.93.0 (254b59607 2026-01-19)	Apple M2	Darwin 25.5.0 Darwin Kernel Version 25.5.0: Tue Jun  9 22:27:52 PDT 2026; root:xnu-12377.121.10~1/RELEASE_ARM64_T8112	aarch64	64	ta-core=default(f64,std); ta-benchmarks=catalogue-matrix	e61c887995a7cb4277c15fdff85633db15de32a8	false
fast-ta	Overlap Studies	BBANDS: Bollinger Bands	BBANDS	Owned Compact Output	timeperiod=20;nbdevup=2;nbdevdn=2;matype=SMA	256	float	3	1094.4121385982676	1092.220722240972	1098.9425132185847	233915534.16785654	50	3	0	3	19	237	fnv1a64:452fee1cda830f1b	verified		measured		unavailable	separate Rust execution cost; not aggregated with the direct C kernel	225926	8889	IndicatorConfig::compute; API-owned Compact Output allocation included	catalogue_fixture_v1:f64le	fnv1a64:73fedfe0ae0a803f	0.6.4	43f9d5042ecc4bd367941846494ad907bf20ea50	3.12.13	0.6.4	0.6.4	2.2.3	rustc 1.93.0 (254b59607 2026-01-19)	Apple M2	Darwin 25.5.0 Darwin Kernel Version 25.5.0: Tue Jun  9 22:27:52 PDT 2026; root:xnu-12377.121.10~1/RELEASE_ARM64_T8112	aarch64	64	ta-core=default(f64,std); ta-benchmarks=catalogue-matrix	e61c887995a7cb4277c15fdff85633db15de32a8	false
fast-ta	Overlap Studies	BBANDS: Bollinger Bands	BBANDS	caller-owned Batch Computation	timeperiod=20;nbdevup=2;nbdevdn=2;matype=SMA	256	float	3	965.3707999999999	960.9667	967.1167	265183077.839106	50	0	0	0	19	237	fnv1a64:452fee1cda830f1b	verified		measured		comparable	primary caller-owned Rust/C kernel	252680	10000	IndicatorConfig::compute_into; caller output allocation excluded	catalogue_fixture_v1:f64le	fnv1a64:73fedfe0ae0a803f	0.6.4	43f9d5042ecc4bd367941846494ad907bf20ea50	3.12.13	0.6.4	0.6.4	2.2.3	rustc 1.93.0 (254b59607 2026-01-19)	Apple M2	Darwin 25.5.0 Darwin Kernel Version 25.5.0: Tue Jun  9 22:27:52 PDT 2026; root:xnu-12377.121.10~1/RELEASE_ARM64_T8112	aarch64	64	ta-core=default(f64,std); ta-benchmarks=catalogue-matrix	e61c887995a7cb4277c15fdff85633db15de32a8	false
fast-ta	Overlap Studies	BBANDS: Bollinger Bands	BBANDS	Prepared Batch Runner	timeperiod=20;nbdevup=2;nbdevdn=2;matype=SMA	256	float	3	969.6769805536928	964.9951144745665	972.4510968483571	264005442.15644068	50	0	0	0	19	237	fnv1a64:452fee1cda830f1b	verified		measured		unavailable	separate Rust execution cost; not aggregated with the direct C kernel	253375	10439	PreparedBatchRunner::compute_into; preparation and caller output allocation excluded	catalogue_fixture_v1:f64le	fnv1a64:73fedfe0ae0a803f	0.6.4	43f9d5042ecc4bd367941846494ad907bf20ea50	3.12.13	0.6.4	0.6.4	2.2.3	rustc 1.93.0 (254b59607 2026-01-19)	Apple M2	Darwin 25.5.0 Darwin Kernel Version 25.5.0: Tue Jun  9 22:27:52 PDT 2026; root:xnu-12377.121.10~1/RELEASE_ARM64_T8112	aarch64	64	ta-core=default(f64,std); ta-benchmarks=catalogue-matrix	e61c887995a7cb4277c15fdff85633db15de32a8	false
fast-ta	Overlap Studies	BBANDS: Bollinger Bands	BBANDS	Streaming Computation	timeperiod=20;nbdevup=2;nbdevdn=2;matype=SMA	256	float	3	1700.4941900205058	1692.0497265892002	1705.2573479152427	150544472.0142872	50	0	0	0	19	237	fnv1a64:452fee1cda830f1b	verified		measured		unavailable	separate Rust execution cost; not aggregated with the direct C kernel	145546	5852	StreamingComputation::reset plus one next call per observation; stream and output allocation excluded	catalogue_fixture_v1:f64le	fnv1a64:73fedfe0ae0a803f	0.6.4	43f9d5042ecc4bd367941846494ad907bf20ea50	3.12.13	0.6.4	0.6.4	2.2.3	rustc 1.93.0 (254b59607 2026-01-19)	Apple M2	Darwin 25.5.0 Darwin Kernel Version 25.5.0: Tue Jun  9 22:27:52 PDT 2026; root:xnu-12377.121.10~1/RELEASE_ARM64_T8112	aarch64	64	ta-core=default(f64,std); ta-benchmarks=catalogue-matrix	e61c887995a7cb4277c15fdff85633db15de32a8	false
TA-Lib C	Overlap Studies	BBANDS: Bollinger Bands	BBANDS	direct C caller-owned	timeperiod=20;nbdevup=2;nbdevdn=2;matype=SMA	256	float	3	986.234944380514	984.6767357115458	988.9420790180284	259573037.29569414	50	3	0	3	19	237	fnv1a64:1fe927e3fb52b1e4	verified		measured		comparable	primary caller-owned Rust/C kernel	250843	10428	direct TA_BBANDS call; caller output allocation excluded	catalogue_fixture_v1:f64le	fnv1a64:73fedfe0ae0a803f	0.6.4	43f9d5042ecc4bd367941846494ad907bf20ea50	3.12.13	0.6.4	0.6.4	2.2.3	rustc 1.93.0 (254b59607 2026-01-19)	Apple M2	Darwin 25.5.0 Darwin Kernel Version 25.5.0: Tue Jun  9 22:27:52 PDT 2026; root:xnu-12377.121.10~1/RELEASE_ARM64_T8112	aarch64	64	ta-core=default(f64,std); ta-benchmarks=catalogue-matrix	e61c887995a7cb4277c15fdff85633db15de32a8	false
TA-Lib Python	Overlap Studies	BBANDS: Bollinger Bands	BBANDS	official Python NumPy API	timeperiod=20;nbdevup=2;nbdevdn=2;matype=SMA	256	float	3	1362.426935775	1359.06160211	1369.8140237385	187899984.41595513	50	2	0	2	19	237	fnv1a64:1fe927e3fb52b1e4	verified		measured		unavailable	user-facing Python API cost; not aggregated with caller-owned kernels	149397	5584	direct talib.BBANDS NumPy API expression including API-owned output; fixture loading excluded	catalogue_fixture_v1:f64le	fnv1a64:73fedfe0ae0a803f	0.6.4	43f9d5042ecc4bd367941846494ad907bf20ea50	3.12.13	0.6.4	0.6.4	2.2.3	rustc 1.93.0 (254b59607 2026-01-19)	Apple M2	Darwin 25.5.0 Darwin Kernel Version 25.5.0: Tue Jun  9 22:27:52 PDT 2026; root:xnu-12377.121.10~1/RELEASE_ARM64_T8112	aarch64	64	ta-core=default(f64,std); ta-benchmarks=catalogue-matrix	e61c887995a7cb4277c15fdff85633db15de32a8	false
fast-ta	Momentum Indicators	RSI: Relative Strength Index	RSI	Owned Compact Output	timeperiod=14	256	float	1	1385.3121132957513	1379.8581053210505	1390.2791145332048	184795900.89698896	50	5	0	5	14	242	fnv1a64:704911d19149ae89	verified		measured		unavailable	separate Rust execution cost; not aggregated with the direct C kernel	178811	7273	IndicatorConfig::compute; API-owned Compact Output allocation included	catalogue_fixture_v1:f64le	fnv1a64:73fedfe0ae0a803f	0.6.4	43f9d5042ecc4bd367941846494ad907bf20ea50	3.12.13	0.6.4	0.6.4	2.2.3	rustc 1.93.0 (254b59607 2026-01-19)	Apple M2	Darwin 25.5.0 Darwin Kernel Version 25.5.0: Tue Jun  9 22:27:52 PDT 2026; root:xnu-12377.121.10~1/RELEASE_ARM64_T8112	aarch64	64	ta-core=default(f64,std); ta-benchmarks=catalogue-matrix	e61c887995a7cb4277c15fdff85633db15de32a8	false
fast-ta	Momentum Indicators	RSI: Relative Strength Index	RSI	caller-owned Batch Computation	timeperiod=14	256	float	1	1352.0211742059673	1345.696411384573	1355.1607314725698	189346147.00124577	50	0	0	0	14	242	fnv1a64:704911d19149ae89	verified		measured		comparable	primary caller-owned Rust/C kernel	182947	7273	IndicatorConfig::compute_into; caller output allocation excluded	catalogue_fixture_v1:f64le	fnv1a64:73fedfe0ae0a803f	0.6.4	43f9d5042ecc4bd367941846494ad907bf20ea50	3.12.13	0.6.4	0.6.4	2.2.3	rustc 1.93.0 (254b59607 2026-01-19)	Apple M2	Darwin 25.5.0 Darwin Kernel Version 25.5.0: Tue Jun  9 22:27:52 PDT 2026; root:xnu-12377.121.10~1/RELEASE_ARM64_T8112	aarch64	64	ta-core=default(f64,std); ta-benchmarks=catalogue-matrix	e61c887995a7cb4277c15fdff85633db15de32a8	false
fast-ta	Momentum Indicators	RSI: Relative Strength Index	RSI	Prepared Batch Runner	timeperiod=14	256	float	1	1346.4125532792518	1343.725697786333	1348.2314725697788	190134887.98548397	50	4	0	4	14	242	fnv1a64:704911d19149ae89	verified		measured		unavailable	separate Rust execution cost; not aggregated with the direct C kernel	182569	7273	PreparedBatchRunner::compute_into; preparation and caller output allocation excluded	catalogue_fixture_v1:f64le	fnv1a64:73fedfe0ae0a803f	0.6.4	43f9d5042ecc4bd367941846494ad907bf20ea50	3.12.13	0.6.4	0.6.4	2.2.3	rustc 1.93.0 (254b59607 2026-01-19)	Apple M2	Darwin 25.5.0 Darwin Kernel Version 25.5.0: Tue Jun  9 22:27:52 PDT 2026; root:xnu-12377.121.10~1/RELEASE_ARM64_T8112	aarch64	64	ta-core=default(f64,std); ta-benchmarks=catalogue-matrix	e61c887995a7cb4277c15fdff85633db15de32a8	false
fast-ta	Momentum Indicators	RSI: Relative Strength Index	RSI	Streaming Computation	timeperiod=14	256	float	1	2197.6796202252153	2190.4072642967544	2204.34510929565	116486496.77779943	50	0	0	0	14	242	fnv1a64:704911d19149ae89	verified		measured		unavailable	separate Rust execution cost; not aggregated with the direct C kernel	112554	4529	StreamingComputation::reset plus one next call per observation; stream and output allocation excluded	catalogue_fixture_v1:f64le	fnv1a64:73fedfe0ae0a803f	0.6.4	43f9d5042ecc4bd367941846494ad907bf20ea50	3.12.13	0.6.4	0.6.4	2.2.3	rustc 1.93.0 (254b59607 2026-01-19)	Apple M2	Darwin 25.5.0 Darwin Kernel Version 25.5.0: Tue Jun  9 22:27:52 PDT 2026; root:xnu-12377.121.10~1/RELEASE_ARM64_T8112	aarch64	64	ta-core=default(f64,std); ta-benchmarks=catalogue-matrix	e61c887995a7cb4277c15fdff85633db15de32a8	false
TA-Lib C	Momentum Indicators	RSI: Relative Strength Index	RSI	direct C caller-owned	timeperiod=14	256	float	1	1408.1935927402724	1404.2348411934552	1411.1897428846419	181793186.1924163	50	2	0	2	14	242	fnv1a64:704911d19149ae89	verified		measured		comparable	primary caller-owned Rust/C kernel	176659	7273	direct TA_RSI call; caller output allocation excluded	catalogue_fixture_v1:f64le	fnv1a64:73fedfe0ae0a803f	0.6.4	43f9d5042ecc4bd367941846494ad907bf20ea50	3.12.13	0.6.4	0.6.4	2.2.3	rustc 1.93.0 (254b59607 2026-01-19)	Apple M2	Darwin 25.5.0 Darwin Kernel Version 25.5.0: Tue Jun  9 22:27:52 PDT 2026; root:xnu-12377.121.10~1/RELEASE_ARM64_T8112	aarch64	64	ta-core=default(f64,std); ta-benchmarks=catalogue-matrix	e61c887995a7cb4277c15fdff85633db15de32a8	false
TA-Lib Python	Momentum Indicators	RSI: Relative Strength Index	RSI	official Python NumPy API	timeperiod=14	256	float	1	1501.1086508985	1496.462939286	1506.889448774	170540619.99227655	50	1	0	1	14	242	fnv1a64:704911d19149ae89	verified		measured		unavailable	user-facing Python API cost; not aggregated with caller-owned kernels	139671	6314	direct talib.RSI NumPy API expression including API-owned output; fixture loading excluded	catalogue_fixture_v1:f64le	fnv1a64:73fedfe0ae0a803f	0.6.4	43f9d5042ecc4bd367941846494ad907bf20ea50	3.12.13	0.6.4	0.6.4	2.2.3	rustc 1.93.0 (254b59607 2026-01-19)	Apple M2	Darwin 25.5.0 Darwin Kernel Version 25.5.0: Tue Jun  9 22:27:52 PDT 2026; root:xnu-12377.121.10~1/RELEASE_ARM64_T8112	aarch64	64	ta-core=default(f64,std); ta-benchmarks=catalogue-matrix	e61c887995a7cb4277c15fdff85633db15de32a8	false
fast-ta	Momentum Indicators	MACD: Moving Average Convergence/Divergence	MACD	Owned Compact Output	fastperiod=12;slowperiod=26;signalperiod=9	256	float	3	2286.9609673790774	2282.845894263217	2293.2695163104613	111938945.89875022	50	1	0	1	33	223	fnv1a64:fb88d74066d8bf54	verified		measured		unavailable	separate Rust execution cost; not aggregated with the direct C kernel	109646	4445	IndicatorConfig::compute; API-owned Compact Output allocation included	catalogue_fixture_v1:f64le	fnv1a64:73fedfe0ae0a803f	0.6.4	43f9d5042ecc4bd367941846494ad907bf20ea50	3.12.13	0.6.4	0.6.4	2.2.3	rustc 1.93.0 (254b59607 2026-01-19)	Apple M2	Darwin 25.5.0 Darwin Kernel Version 25.5.0: Tue Jun  9 22:27:52 PDT 2026; root:xnu-12377.121.10~1/RELEASE_ARM64_T8112	aarch64	64	ta-core=default(f64,std); ta-benchmarks=catalogue-matrix	e61c887995a7cb4277c15fdff85633db15de32a8	false
fast-ta	Momentum Indicators	MACD: Moving Average Convergence/Divergence	MACD	caller-owned Batch Computation	fastperiod=12;slowperiod=26;signalperiod=9	256	float	3	2144.553973650659	2135.066935826604	2155.0902039949	119372141.31487352	50	3	0	3	33	223	fnv1a64:fb88d74066d8bf54	verified		measured		comparable	primary caller-owned Rust/C kernel	114958	4706	IndicatorConfig::compute_into; caller output allocation excluded	catalogue_fixture_v1:f64le	fnv1a64:73fedfe0ae0a803f	0.6.4	43f9d5042ecc4bd367941846494ad907bf20ea50	3.12.13	0.6.4	0.6.4	2.2.3	rustc 1.93.0 (254b59607 2026-01-19)	Apple M2	Darwin 25.5.0 Darwin Kernel Version 25.5.0: Tue Jun  9 22:27:52 PDT 2026; root:xnu-12377.121.10~1/RELEASE_ARM64_T8112	aarch64	64	ta-core=default(f64,std); ta-benchmarks=catalogue-matrix	e61c887995a7cb4277c15fdff85633db15de32a8	false
fast-ta	Momentum Indicators	MACD: Moving Average Convergence/Divergence	MACD	Prepared Batch Runner	fastperiod=12;slowperiod=26;signalperiod=9	256	float	3	2106.645875	2093.5727500000003	2115.9269999999997	121520186.6806399	50	6	0	6	33	223	fnv1a64:fb88d74066d8bf54	verified		measured		unavailable	separate Rust execution cost; not aggregated with the direct C kernel	102342	4000	PreparedBatchRunner::compute_into; preparation and caller output allocation excluded	catalogue_fixture_v1:f64le	fnv1a64:73fedfe0ae0a803f	0.6.4	43f9d5042ecc4bd367941846494ad907bf20ea50	3.12.13	0.6.4	0.6.4	2.2.3	rustc 1.93.0 (254b59607 2026-01-19)	Apple M2	Darwin 25.5.0 Darwin Kernel Version 25.5.0: Tue Jun  9 22:27:52 PDT 2026; root:xnu-12377.121.10~1/RELEASE_ARM64_T8112	aarch64	64	ta-core=default(f64,std); ta-benchmarks=catalogue-matrix	e61c887995a7cb4277c15fdff85633db15de32a8	false
fast-ta	Momentum Indicators	MACD: Moving Average Convergence/Divergence	MACD	Streaming Computation	fastperiod=12;slowperiod=26;signalperiod=9	256	float	3	2426.9776462058962	2419.043015949734	2441.0645239246014	105480988.01000735	50	4	0	4	33	223	fnv1a64:fb88d74066d8bf54	verified		measured		unavailable	separate Rust execution cost; not aggregated with the direct C kernel	101139	4138	StreamingComputation::reset plus one next call per observation; stream and output allocation excluded	catalogue_fixture_v1:f64le	fnv1a64:73fedfe0ae0a803f	0.6.4	43f9d5042ecc4bd367941846494ad907bf20ea50	3.12.13	0.6.4	0.6.4	2.2.3	rustc 1.93.0 (254b59607 2026-01-19)	Apple M2	Darwin 25.5.0 Darwin Kernel Version 25.5.0: Tue Jun  9 22:27:52 PDT 2026; root:xnu-12377.121.10~1/RELEASE_ARM64_T8112	aarch64	64	ta-core=default(f64,std); ta-benchmarks=catalogue-matrix	e61c887995a7cb4277c15fdff85633db15de32a8	false
TA-Lib C	Momentum Indicators	MACD: Moving Average Convergence/Divergence	MACD	direct C caller-owned	fastperiod=12;slowperiod=26;signalperiod=9	256	float	3	1540.4598765432097	1535.862262583096	1544.878363406141	166184140.13772544	50	1	0	1	33	223	fnv1a64:ae8cc7092892ecc8	verified		measured		comparable	primary caller-owned Rust/C kernel	161817	6318	direct TA_MACD call; caller output allocation excluded	catalogue_fixture_v1:f64le	fnv1a64:73fedfe0ae0a803f	0.6.4	43f9d5042ecc4bd367941846494ad907bf20ea50	3.12.13	0.6.4	0.6.4	2.2.3	rustc 1.93.0 (254b59607 2026-01-19)	Apple M2	Darwin 25.5.0 Darwin Kernel Version 25.5.0: Tue Jun  9 22:27:52 PDT 2026; root:xnu-12377.121.10~1/RELEASE_ARM64_T8112	aarch64	64	ta-core=default(f64,std); ta-benchmarks=catalogue-matrix	e61c887995a7cb4277c15fdff85633db15de32a8	false
TA-Lib Python	Momentum Indicators	MACD: Moving Average Convergence/Divergence	MACD	official Python NumPy API	fastperiod=12;slowperiod=26;signalperiod=9	256	float	3	1859.8405257315	1853.8321878533375	1865.4064072415	137646210.23047757	50	1	0	1	33	223	fnv1a64:ae8cc7092892ecc8	verified		measured		unavailable	user-facing Python API cost; not aggregated with caller-owned kernels	115640	5214	direct talib.MACD NumPy API expression including API-owned output; fixture loading excluded	catalogue_fixture_v1:f64le	fnv1a64:73fedfe0ae0a803f	0.6.4	43f9d5042ecc4bd367941846494ad907bf20ea50	3.12.13	0.6.4	0.6.4	2.2.3	rustc 1.93.0 (254b59607 2026-01-19)	Apple M2	Darwin 25.5.0 Darwin Kernel Version 25.5.0: Tue Jun  9 22:27:52 PDT 2026; root:xnu-12377.121.10~1/RELEASE_ARM64_T8112	aarch64	64	ta-core=default(f64,std); ta-benchmarks=catalogue-matrix	e61c887995a7cb4277c15fdff85633db15de32a8	false
fast-ta	Volatility Indicators	ATR: Average True Range	ATR	Owned Compact Output	timeperiod=14	256	float	1	1582.395596360091	1579.7313129671757	1585.9705069873253	161780025.54409564	50	1	0	1	14	242	fnv1a64:e201ee4cd8bdbc90	verified		measured		unavailable	separate Rust execution cost; not aggregated with the direct C kernel	155491	6154	IndicatorConfig::compute; API-owned Compact Output allocation included	catalogue_fixture_v1:f64le	fnv1a64:73fedfe0ae0a803f	0.6.4	43f9d5042ecc4bd367941846494ad907bf20ea50	3.12.13	0.6.4	0.6.4	2.2.3	rustc 1.93.0 (254b59607 2026-01-19)	Apple M2	Darwin 25.5.0 Darwin Kernel Version 25.5.0: Tue Jun  9 22:27:52 PDT 2026; root:xnu-12377.121.10~1/RELEASE_ARM64_T8112	aarch64	64	ta-core=default(f64,std); ta-benchmarks=catalogue-matrix	e61c887995a7cb4277c15fdff85633db15de32a8	false
fast-ta	Volatility Indicators	ATR: Average True Range	ATR	caller-owned Batch Computation	timeperiod=14	256	float	1	1540.451158526421	1536.54775795966	1543.6912818803135	166185080.63889986	50	2	0	2	14	242	fnv1a64:e201ee4cd8bdbc90	verified		measured		comparable	primary caller-owned Rust/C kernel	160115	5999	IndicatorConfig::compute_into; caller output allocation excluded	catalogue_fixture_v1:f64le	fnv1a64:73fedfe0ae0a803f	0.6.4	43f9d5042ecc4bd367941846494ad907bf20ea50	3.12.13	0.6.4	0.6.4	2.2.3	rustc 1.93.0 (254b59607 2026-01-19)	Apple M2	Darwin 25.5.0 Darwin Kernel Version 25.5.0: Tue Jun  9 22:27:52 PDT 2026; root:xnu-12377.121.10~1/RELEASE_ARM64_T8112	aarch64	64	ta-core=default(f64,std); ta-benchmarks=catalogue-matrix	e61c887995a7cb4277c15fdff85633db15de32a8	false
fast-ta	Volatility Indicators	ATR: Average True Range	ATR	Prepared Batch Runner	timeperiod=14	256	float	1	1533.2607924761023	1527.809821153253	1539.495374653099	166964420.7014379	50	1	0	1	14	242	fnv1a64:e201ee4cd8bdbc90	verified		measured		unavailable	separate Rust execution cost; not aggregated with the direct C kernel	156273	6486	PreparedBatchRunner::compute_into; preparation and caller output allocation excluded	catalogue_fixture_v1:f64le	fnv1a64:73fedfe0ae0a803f	0.6.4	43f9d5042ecc4bd367941846494ad907bf20ea50	3.12.13	0.6.4	0.6.4	2.2.3	rustc 1.93.0 (254b59607 2026-01-19)	Apple M2	Darwin 25.5.0 Darwin Kernel Version 25.5.0: Tue Jun  9 22:27:52 PDT 2026; root:xnu-12377.121.10~1/RELEASE_ARM64_T8112	aarch64	64	ta-core=default(f64,std); ta-benchmarks=catalogue-matrix	e61c887995a7cb4277c15fdff85633db15de32a8	false
fast-ta	Volatility Indicators	ATR: Average True Range	ATR	Streaming Computation	timeperiod=14	256	float	1	1790.402767595308	1783.9342925219942	1795.317082111437	142984586.83899036	50	0	0	0	14	242	fnv1a64:e201ee4cd8bdbc90	verified		measured		unavailable	separate Rust execution cost; not aggregated with the direct C kernel	138350	5456	StreamingComputation::reset plus one next call per observation; stream and output allocation excluded	catalogue_fixture_v1:f64le	fnv1a64:73fedfe0ae0a803f	0.6.4	43f9d5042ecc4bd367941846494ad907bf20ea50	3.12.13	0.6.4	0.6.4	2.2.3	rustc 1.93.0 (254b59607 2026-01-19)	Apple M2	Darwin 25.5.0 Darwin Kernel Version 25.5.0: Tue Jun  9 22:27:52 PDT 2026; root:xnu-12377.121.10~1/RELEASE_ARM64_T8112	aarch64	64	ta-core=default(f64,std); ta-benchmarks=catalogue-matrix	e61c887995a7cb4277c15fdff85633db15de32a8	false
TA-Lib C	Volatility Indicators	ATR: Average True Range	ATR	direct C caller-owned	timeperiod=14	256	float	1	1340.8424420154624	1337.3149543455079	1343.6472274060252	190924744.01033902	50	1	0	1	14	242	fnv1a64:e201ee4cd8bdbc90	verified		measured		comparable	primary caller-owned Rust/C kernel	185309	7502	direct TA_ATR call; caller output allocation excluded	catalogue_fixture_v1:f64le	fnv1a64:73fedfe0ae0a803f	0.6.4	43f9d5042ecc4bd367941846494ad907bf20ea50	3.12.13	0.6.4	0.6.4	2.2.3	rustc 1.93.0 (254b59607 2026-01-19)	Apple M2	Darwin 25.5.0 Darwin Kernel Version 25.5.0: Tue Jun  9 22:27:52 PDT 2026; root:xnu-12377.121.10~1/RELEASE_ARM64_T8112	aarch64	64	ta-core=default(f64,std); ta-benchmarks=catalogue-matrix	e61c887995a7cb4277c15fdff85633db15de32a8	false
TA-Lib Python	Volatility Indicators	ATR: Average True Range	ATR	official Python NumPy API	timeperiod=14	256	float	1	1464.8973309135	1458.096246936	1467.911718397	174756274.4485036	50	0	0	0	14	242	fnv1a64:e201ee4cd8bdbc90	verified		measured		unavailable	user-facing Python API cost; not aggregated with caller-owned kernels	141234	6151	direct talib.ATR NumPy API expression including API-owned output; fixture loading excluded	catalogue_fixture_v1:f64le	fnv1a64:73fedfe0ae0a803f	0.6.4	43f9d5042ecc4bd367941846494ad907bf20ea50	3.12.13	0.6.4	0.6.4	2.2.3	rustc 1.93.0 (254b59607 2026-01-19)	Apple M2	Darwin 25.5.0 Darwin Kernel Version 25.5.0: Tue Jun  9 22:27:52 PDT 2026; root:xnu-12377.121.10~1/RELEASE_ARM64_T8112	aarch64	64	ta-core=default(f64,std); ta-benchmarks=catalogue-matrix	e61c887995a7cb4277c15fdff85633db15de32a8	false
fast-ta	Momentum Indicators	ADX: Average Directional Movement Index	ADX	Owned Compact Output	timeperiod=14	256	float	1	2256.313385826772	2252.45601799775	2262.359392575928	113459416.41266952	50	2	0	2	27	229	fnv1a64:5f19198bbbe9b60c	verified		measured		unavailable	separate Rust execution cost; not aggregated with the direct C kernel	108923	4445	IndicatorConfig::compute; API-owned Compact Output allocation included	catalogue_fixture_v1:f64le	fnv1a64:73fedfe0ae0a803f	0.6.4	43f9d5042ecc4bd367941846494ad907bf20ea50	3.12.13	0.6.4	0.6.4	2.2.3	rustc 1.93.0 (254b59607 2026-01-19)	Apple M2	Darwin 25.5.0 Darwin Kernel Version 25.5.0: Tue Jun  9 22:27:52 PDT 2026; root:xnu-12377.121.10~1/RELEASE_ARM64_T8112	aarch64	64	ta-core=default(f64,std); ta-benchmarks=catalogue-matrix	e61c887995a7cb4277c15fdff85633db15de32a8	false
fast-ta	Momentum Indicators	ADX: Average Directional Movement Index	ADX	caller-owned Batch Computation	timeperiod=14	256	float	1	2215.83130933981	2208.4897328328548	2219.75049679841	115532260.47531264	50	2	0	2	27	229	fnv1a64:5f19198bbbe9b60c	verified		measured		comparable	primary caller-owned Rust/C kernel	112127	4529	IndicatorConfig::compute_into; caller output allocation excluded	catalogue_fixture_v1:f64le	fnv1a64:73fedfe0ae0a803f	0.6.4	43f9d5042ecc4bd367941846494ad907bf20ea50	3.12.13	0.6.4	0.6.4	2.2.3	rustc 1.93.0 (254b59607 2026-01-19)	Apple M2	Darwin 25.5.0 Darwin Kernel Version 25.5.0: Tue Jun  9 22:27:52 PDT 2026; root:xnu-12377.121.10~1/RELEASE_ARM64_T8112	aarch64	64	ta-core=default(f64,std); ta-benchmarks=catalogue-matrix	e61c887995a7cb4277c15fdff85633db15de32a8	false
fast-ta	Momentum Indicators	ADX: Average Directional Movement Index	ADX	Prepared Batch Runner	timeperiod=14	256	float	1	2260.23492379059	2241.002982107356	2269.586260216479	113262562.80062607	50	0	0	0	27	229	fnv1a64:5f19198bbbe9b60c	verified		measured		unavailable	separate Rust execution cost; not aggregated with the direct C kernel	111964	4527	PreparedBatchRunner::compute_into; preparation and caller output allocation excluded	catalogue_fixture_v1:f64le	fnv1a64:73fedfe0ae0a803f	0.6.4	43f9d5042ecc4bd367941846494ad907bf20ea50	3.12.13	0.6.4	0.6.4	2.2.3	rustc 1.93.0 (254b59607 2026-01-19)	Apple M2	Darwin 25.5.0 Darwin Kernel Version 25.5.0: Tue Jun  9 22:27:52 PDT 2026; root:xnu-12377.121.10~1/RELEASE_ARM64_T8112	aarch64	64	ta-core=default(f64,std); ta-benchmarks=catalogue-matrix	e61c887995a7cb4277c15fdff85633db15de32a8	false
fast-ta	Momentum Indicators	ADX: Average Directional Movement Index	ADX	Streaming Computation	timeperiod=14	256	float	1	2380.0346396081177	2369.7856309773733	2386.14800559832	107561459.71142313	50	0	0	0	27	229	fnv1a64:5f19198bbbe9b60c	verified		measured		unavailable	separate Rust execution cost; not aggregated with the direct C kernel	106487	4287	StreamingComputation::reset plus one next call per observation; stream and output allocation excluded	catalogue_fixture_v1:f64le	fnv1a64:73fedfe0ae0a803f	0.6.4	43f9d5042ecc4bd367941846494ad907bf20ea50	3.12.13	0.6.4	0.6.4	2.2.3	rustc 1.93.0 (254b59607 2026-01-19)	Apple M2	Darwin 25.5.0 Darwin Kernel Version 25.5.0: Tue Jun  9 22:27:52 PDT 2026; root:xnu-12377.121.10~1/RELEASE_ARM64_T8112	aarch64	64	ta-core=default(f64,std); ta-benchmarks=catalogue-matrix	e61c887995a7cb4277c15fdff85633db15de32a8	false
TA-Lib C	Momentum Indicators	ADX: Average Directional Movement Index	ADX	direct C caller-owned	timeperiod=14	256	float	1	1471.8201589920504	1468.6766161691917	1476.4574771261437	173934293.83065182	50	2	0	2	27	229	fnv1a64:1dcdacc4b2a9a145	verified		measured		comparable	primary caller-owned Rust/C kernel	163380	6667	direct TA_ADX call; caller output allocation excluded	catalogue_fixture_v1:f64le	fnv1a64:73fedfe0ae0a803f	0.6.4	43f9d5042ecc4bd367941846494ad907bf20ea50	3.12.13	0.6.4	0.6.4	2.2.3	rustc 1.93.0 (254b59607 2026-01-19)	Apple M2	Darwin 25.5.0 Darwin Kernel Version 25.5.0: Tue Jun  9 22:27:52 PDT 2026; root:xnu-12377.121.10~1/RELEASE_ARM64_T8112	aarch64	64	ta-core=default(f64,std); ta-benchmarks=catalogue-matrix	e61c887995a7cb4277c15fdff85633db15de32a8	false
TA-Lib Python	Momentum Indicators	ADX: Average Directional Movement Index	ADX	official Python NumPy API	timeperiod=14	256	float	1	1590.8660944535	1583.3119529340001	1596.10734388	160918634.7565865	50	0	0	0	27	229	fnv1a64:1dcdacc4b2a9a145	verified		measured		unavailable	user-facing Python API cost; not aggregated with caller-owned kernels	130949	5855	direct talib.ADX NumPy API expression including API-owned output; fixture loading excluded	catalogue_fixture_v1:f64le	fnv1a64:73fedfe0ae0a803f	0.6.4	43f9d5042ecc4bd367941846494ad907bf20ea50	3.12.13	0.6.4	0.6.4	2.2.3	rustc 1.93.0 (254b59607 2026-01-19)	Apple M2	Darwin 25.5.0 Darwin Kernel Version 25.5.0: Tue Jun  9 22:27:52 PDT 2026; root:xnu-12377.121.10~1/RELEASE_ARM64_T8112	aarch64	64	ta-core=default(f64,std); ta-benchmarks=catalogue-matrix	e61c887995a7cb4277c15fdff85633db15de32a8	false
fast-ta	Cycle Indicators	HT_DCPHASE: Hilbert Transform Dominant Cycle Phase	HT_DCPHASE	Owned Compact Output	none	256	float	1	24765.59715025907	24643.134715025906	24932.155440414506	10336920.141548939	50	7	0	7	63	193	fnv1a64:5de06b02103ca09e	verified		measured		unavailable	separate Rust execution cost; not aggregated with the direct C kernel	10101	386	IndicatorConfig::compute; API-owned Compact Output allocation included	catalogue_fixture_v1:f64le	fnv1a64:73fedfe0ae0a803f	0.6.4	43f9d5042ecc4bd367941846494ad907bf20ea50	3.12.13	0.6.4	0.6.4	2.2.3	rustc 1.93.0 (254b59607 2026-01-19)	Apple M2	Darwin 25.5.0 Darwin Kernel Version 25.5.0: Tue Jun  9 22:27:52 PDT 2026; root:xnu-12377.121.10~1/RELEASE_ARM64_T8112	aarch64	64	ta-core=default(f64,std); ta-benchmarks=catalogue-matrix	e61c887995a7cb4277c15fdff85633db15de32a8	false
fast-ta	Cycle Indicators	HT_DCPHASE: Hilbert Transform Dominant Cycle Phase	HT_DCPHASE	caller-owned Batch Computation	none	256	float	1	24711.178048780486	24652.490243902437	24774.39024390244	10359684.167814646	50	5	0	5	63	193	fnv1a64:5de06b02103ca09e	verified		measured		comparable	primary caller-owned Rust/C kernel	10118	410	IndicatorConfig::compute_into; caller output allocation excluded	catalogue_fixture_v1:f64le	fnv1a64:73fedfe0ae0a803f	0.6.4	43f9d5042ecc4bd367941846494ad907bf20ea50	3.12.13	0.6.4	0.6.4	2.2.3	rustc 1.93.0 (254b59607 2026-01-19)	Apple M2	Darwin 25.5.0 Darwin Kernel Version 25.5.0: Tue Jun  9 22:27:52 PDT 2026; root:xnu-12377.121.10~1/RELEASE_ARM64_T8112	aarch64	64	ta-core=default(f64,std); ta-benchmarks=catalogue-matrix	e61c887995a7cb4277c15fdff85633db15de32a8	false
fast-ta	Cycle Indicators	HT_DCPHASE: Hilbert Transform Dominant Cycle Phase	HT_DCPHASE	Prepared Batch Runner	none	256	float	1	24569.392512077295	24533.615942028984	24643.117149758455	10419468.038298506	50	6	0	6	63	193	fnv1a64:5de06b02103ca09e	verified		measured		unavailable	separate Rust execution cost; not aggregated with the direct C kernel	10199	414	PreparedBatchRunner::compute_into; preparation and caller output allocation excluded	catalogue_fixture_v1:f64le	fnv1a64:73fedfe0ae0a803f	0.6.4	43f9d5042ecc4bd367941846494ad907bf20ea50	3.12.13	0.6.4	0.6.4	2.2.3	rustc 1.93.0 (254b59607 2026-01-19)	Apple M2	Darwin 25.5.0 Darwin Kernel Version 25.5.0: Tue Jun  9 22:27:52 PDT 2026; root:xnu-12377.121.10~1/RELEASE_ARM64_T8112	aarch64	64	ta-core=default(f64,std); ta-benchmarks=catalogue-matrix	e61c887995a7cb4277c15fdff85633db15de32a8	false
fast-ta	Cycle Indicators	HT_DCPHASE: Hilbert Transform Dominant Cycle Phase	HT_DCPHASE	Streaming Computation	none	256	float	1	23801.333746898265	23687.655086848634	23940.033498759305	10755699.773898652	50	2	0	2	63	193	fnv1a64:5de06b02103ca09e	verified		measured		unavailable	separate Rust execution cost; not aggregated with the direct C kernel	10479	403	StreamingComputation::reset plus one next call per observation; stream and output allocation excluded	catalogue_fixture_v1:f64le	fnv1a64:73fedfe0ae0a803f	0.6.4	43f9d5042ecc4bd367941846494ad907bf20ea50	3.12.13	0.6.4	0.6.4	2.2.3	rustc 1.93.0 (254b59607 2026-01-19)	Apple M2	Darwin 25.5.0 Darwin Kernel Version 25.5.0: Tue Jun  9 22:27:52 PDT 2026; root:xnu-12377.121.10~1/RELEASE_ARM64_T8112	aarch64	64	ta-core=default(f64,std); ta-benchmarks=catalogue-matrix	e61c887995a7cb4277c15fdff85633db15de32a8	false
TA-Lib C	Cycle Indicators	HT_DCPHASE: Hilbert Transform Dominant Cycle Phase	HT_DCPHASE	direct C caller-owned	none	256	float	1	19780.03747534517	19746.178500986192	19830.908284023666	12942341.505626127	50	3	0	3	63	193	fnv1a64:a308bbdd7dd86e9c	verified		measured		comparable	primary caller-owned Rust/C kernel	12586	507	direct TA_HT_DCPHASE call; caller output allocation excluded	catalogue_fixture_v1:f64le	fnv1a64:73fedfe0ae0a803f	0.6.4	43f9d5042ecc4bd367941846494ad907bf20ea50	3.12.13	0.6.4	0.6.4	2.2.3	rustc 1.93.0 (254b59607 2026-01-19)	Apple M2	Darwin 25.5.0 Darwin Kernel Version 25.5.0: Tue Jun  9 22:27:52 PDT 2026; root:xnu-12377.121.10~1/RELEASE_ARM64_T8112	aarch64	64	ta-core=default(f64,std); ta-benchmarks=catalogue-matrix	e61c887995a7cb4277c15fdff85633db15de32a8	false
TA-Lib Python	Cycle Indicators	HT_DCPHASE: Hilbert Transform Dominant Cycle Phase	HT_DCPHASE	official Python NumPy API	none	256	float	1	19769.154272677	19705.632618264	19823.510793526	12949466.450055392	50	0	0	0	63	193	fnv1a64:a308bbdd7dd86e9c	verified		measured		unavailable	user-facing Python API cost; not aggregated with caller-owned kernels	12397	509	direct talib.HT_DCPHASE NumPy API expression including API-owned output; fixture loading excluded	catalogue_fixture_v1:f64le	fnv1a64:73fedfe0ae0a803f	0.6.4	43f9d5042ecc4bd367941846494ad907bf20ea50	3.12.13	0.6.4	0.6.4	2.2.3	rustc 1.93.0 (254b59607 2026-01-19)	Apple M2	Darwin 25.5.0 Darwin Kernel Version 25.5.0: Tue Jun  9 22:27:52 PDT 2026; root:xnu-12377.121.10~1/RELEASE_ARM64_T8112	aarch64	64	ta-core=default(f64,std); ta-benchmarks=catalogue-matrix	e61c887995a7cb4277c15fdff85633db15de32a8	false
fast-ta	Pattern Recognition	CDLDOJI: Doji	CDLDOJI	Owned Compact Output	candle_settings=TA-Lib defaults	256	integer	1	865.769096158894	859.5677662087671	870.0297171668561	295690850.0612691	50	0	0	0	10	246	fnv1a64:1a5464c16caf8419	verified		measured		unavailable	separate Rust execution cost; not aggregated with the direct C kernel	282023	11429	IndicatorConfig::compute; API-owned Compact Output allocation included	catalogue_fixture_v1:f64le	fnv1a64:73fedfe0ae0a803f	0.6.4	43f9d5042ecc4bd367941846494ad907bf20ea50	3.12.13	0.6.4	0.6.4	2.2.3	rustc 1.93.0 (254b59607 2026-01-19)	Apple M2	Darwin 25.5.0 Darwin Kernel Version 25.5.0: Tue Jun  9 22:27:52 PDT 2026; root:xnu-12377.121.10~1/RELEASE_ARM64_T8112	aarch64	64	ta-core=default(f64,std); ta-benchmarks=catalogue-matrix	e61c887995a7cb4277c15fdff85633db15de32a8	false
fast-ta	Pattern Recognition	CDLDOJI: Doji	CDLDOJI	caller-owned Batch Computation	candle_settings=TA-Lib defaults	256	integer	1	790.3356101624323	787.3767596834653	794.3634319033736	323913027.2105366	50	5	0	5	10	246	fnv1a64:1a5464c16caf8419	verified		measured		comparable	primary caller-owned Rust/C kernel	308641	12005	IndicatorConfig::compute_into; caller output allocation excluded	catalogue_fixture_v1:f64le	fnv1a64:73fedfe0ae0a803f	0.6.4	43f9d5042ecc4bd367941846494ad907bf20ea50	3.12.13	0.6.4	0.6.4	2.2.3	rustc 1.93.0 (254b59607 2026-01-19)	Apple M2	Darwin 25.5.0 Darwin Kernel Version 25.5.0: Tue Jun  9 22:27:52 PDT 2026; root:xnu-12377.121.10~1/RELEASE_ARM64_T8112	aarch64	64	ta-core=default(f64,std); ta-benchmarks=catalogue-matrix	e61c887995a7cb4277c15fdff85633db15de32a8	false
fast-ta	Pattern Recognition	CDLDOJI: Doji	CDLDOJI	Prepared Batch Runner	candle_settings=TA-Lib defaults	256	integer	1	795.9871865854623	794.4893617021277	797.6746025468639	321613217.29079646	50	1	0	1	10	246	fnv1a64:1a5464c16caf8419	verified		measured		unavailable	separate Rust execution cost; not aggregated with the direct C kernel	312008	12643	PreparedBatchRunner::compute_into; preparation and caller output allocation excluded	catalogue_fixture_v1:f64le	fnv1a64:73fedfe0ae0a803f	0.6.4	43f9d5042ecc4bd367941846494ad907bf20ea50	3.12.13	0.6.4	0.6.4	2.2.3	rustc 1.93.0 (254b59607 2026-01-19)	Apple M2	Darwin 25.5.0 Darwin Kernel Version 25.5.0: Tue Jun  9 22:27:52 PDT 2026; root:xnu-12377.121.10~1/RELEASE_ARM64_T8112	aarch64	64	ta-core=default(f64,std); ta-benchmarks=catalogue-matrix	e61c887995a7cb4277c15fdff85633db15de32a8	false
fast-ta	Pattern Recognition	CDLDOJI: Doji	CDLDOJI	Streaming Computation	candle_settings=TA-Lib defaults	256	integer	1	2587.912190082645	2581.202608471074	2593.298037190083	98921439.83132003	50	0	0	0	10	246	fnv1a64:1a5464c16caf8419	verified		measured		unavailable	separate Rust execution cost; not aggregated with the direct C kernel	95883	3872	StreamingComputation::reset plus one next call per observation; stream and output allocation excluded	catalogue_fixture_v1:f64le	fnv1a64:73fedfe0ae0a803f	0.6.4	43f9d5042ecc4bd367941846494ad907bf20ea50	3.12.13	0.6.4	0.6.4	2.2.3	rustc 1.93.0 (254b59607 2026-01-19)	Apple M2	Darwin 25.5.0 Darwin Kernel Version 25.5.0: Tue Jun  9 22:27:52 PDT 2026; root:xnu-12377.121.10~1/RELEASE_ARM64_T8112	aarch64	64	ta-core=default(f64,std); ta-benchmarks=catalogue-matrix	e61c887995a7cb4277c15fdff85633db15de32a8	false
TA-Lib C	Pattern Recognition	CDLDOJI: Doji	CDLDOJI	direct C caller-owned	candle_settings=TA-Lib defaults	256	integer	1	392.1316458863267	390.58179392018684	392.7909803594513	652841979.6912048	50	0	0	0	10	246	fnv1a64:1a5464c16caf8419	verified		measured		comparable	primary caller-owned Rust/C kernel	619099	23981	direct TA_CDLDOJI call; caller output allocation excluded	catalogue_fixture_v1:f64le	fnv1a64:73fedfe0ae0a803f	0.6.4	43f9d5042ecc4bd367941846494ad907bf20ea50	3.12.13	0.6.4	0.6.4	2.2.3	rustc 1.93.0 (254b59607 2026-01-19)	Apple M2	Darwin 25.5.0 Darwin Kernel Version 25.5.0: Tue Jun  9 22:27:52 PDT 2026; root:xnu-12377.121.10~1/RELEASE_ARM64_T8112	aarch64	64	ta-core=default(f64,std); ta-benchmarks=catalogue-matrix	e61c887995a7cb4277c15fdff85633db15de32a8	false
TA-Lib Python	Pattern Recognition	CDLDOJI: Doji	CDLDOJI	official Python NumPy API	candle_settings=TA-Lib defaults	256	integer	1	502.3505015795	498.328368867	504.974773441	509604348.3485732	50	2	0	2	10	246	fnv1a64:1a5464c16caf8419	verified		measured		unavailable	user-facing Python API cost; not aggregated with caller-owned kernels	312371	17124	direct talib.CDLDOJI NumPy API expression including API-owned output; fixture loading excluded	catalogue_fixture_v1:f64le	fnv1a64:73fedfe0ae0a803f	0.6.4	43f9d5042ecc4bd367941846494ad907bf20ea50	3.12.13	0.6.4	0.6.4	2.2.3	rustc 1.93.0 (254b59607 2026-01-19)	Apple M2	Darwin 25.5.0 Darwin Kernel Version 25.5.0: Tue Jun  9 22:27:52 PDT 2026; root:xnu-12377.121.10~1/RELEASE_ARM64_T8112	aarch64	64	ta-core=default(f64,std); ta-benchmarks=catalogue-matrix	e61c887995a7cb4277c15fdff85633db15de32a8	false
fast-ta	Pattern Recognition	CDLENGULFING: Engulfing Pattern	CDLENGULFING	Owned Compact Output	candle_settings=TA-Lib defaults	256	integer	1	3073.176688251619	3062.6791242676536	3079.086956521739	83301425.84338118	50	3	3	0	2	254	fnv1a64:76a5786b86f2c019	verified		measured		unavailable	separate Rust execution cost; not aggregated with the direct C kernel	81270	3243	IndicatorConfig::compute; API-owned Compact Output allocation included	catalogue_fixture_v1:f64le	fnv1a64:73fedfe0ae0a803f	0.6.4	43f9d5042ecc4bd367941846494ad907bf20ea50	3.12.13	0.6.4	0.6.4	2.2.3	rustc 1.93.0 (254b59607 2026-01-19)	Apple M2	Darwin 25.5.0 Darwin Kernel Version 25.5.0: Tue Jun  9 22:27:52 PDT 2026; root:xnu-12377.121.10~1/RELEASE_ARM64_T8112	aarch64	64	ta-core=default(f64,std); ta-benchmarks=catalogue-matrix	e61c887995a7cb4277c15fdff85633db15de32a8	false
fast-ta	Pattern Recognition	CDLENGULFING: Engulfing Pattern	CDLENGULFING	caller-owned Batch Computation	candle_settings=TA-Lib defaults	256	integer	1	2992.412426035503	2983.961982248521	3003.0079881656807	85549704.90453468	50	1	1	0	2	254	fnv1a64:76a5786b86f2c019	verified		measured		comparable	primary caller-owned Rust/C kernel	83102	3380	IndicatorConfig::compute_into; caller output allocation excluded	catalogue_fixture_v1:f64le	fnv1a64:73fedfe0ae0a803f	0.6.4	43f9d5042ecc4bd367941846494ad907bf20ea50	3.12.13	0.6.4	0.6.4	2.2.3	rustc 1.93.0 (254b59607 2026-01-19)	Apple M2	Darwin 25.5.0 Darwin Kernel Version 25.5.0: Tue Jun  9 22:27:52 PDT 2026; root:xnu-12377.121.10~1/RELEASE_ARM64_T8112	aarch64	64	ta-core=default(f64,std); ta-benchmarks=catalogue-matrix	e61c887995a7cb4277c15fdff85633db15de32a8	false
fast-ta	Pattern Recognition	CDLENGULFING: Engulfing Pattern	CDLENGULFING	Prepared Batch Runner	candle_settings=TA-Lib defaults	256	integer	1	2962.7083703046437	2950.2860100561966	2974.0461401952084	86407424.55987206	50	3	3	0	2	254	fnv1a64:76a5786b86f2c019	verified		measured		unavailable	separate Rust execution cost; not aggregated with the direct C kernel	84413	3381	PreparedBatchRunner::compute_into; preparation and caller output allocation excluded	catalogue_fixture_v1:f64le	fnv1a64:73fedfe0ae0a803f	0.6.4	43f9d5042ecc4bd367941846494ad907bf20ea50	3.12.13	0.6.4	0.6.4	2.2.3	rustc 1.93.0 (254b59607 2026-01-19)	Apple M2	Darwin 25.5.0 Darwin Kernel Version 25.5.0: Tue Jun  9 22:27:52 PDT 2026; root:xnu-12377.121.10~1/RELEASE_ARM64_T8112	aarch64	64	ta-core=default(f64,std); ta-benchmarks=catalogue-matrix	e61c887995a7cb4277c15fdff85633db15de32a8	false
fast-ta	Pattern Recognition	CDLENGULFING: Engulfing Pattern	CDLENGULFING	Streaming Computation	candle_settings=TA-Lib defaults	256	integer	1	3164.9956689124156	3143.300288739172	3179.125441129291	80884786.83067805	50	0	0	0	2	254	fnv1a64:76a5786b86f2c019	verified		measured		unavailable	separate Rust execution cost; not aggregated with the direct C kernel	80345	3117	StreamingComputation::reset plus one next call per observation; stream and output allocation excluded	catalogue_fixture_v1:f64le	fnv1a64:73fedfe0ae0a803f	0.6.4	43f9d5042ecc4bd367941846494ad907bf20ea50	3.12.13	0.6.4	0.6.4	2.2.3	rustc 1.93.0 (254b59607 2026-01-19)	Apple M2	Darwin 25.5.0 Darwin Kernel Version 25.5.0: Tue Jun  9 22:27:52 PDT 2026; root:xnu-12377.121.10~1/RELEASE_ARM64_T8112	aarch64	64	ta-core=default(f64,std); ta-benchmarks=catalogue-matrix	e61c887995a7cb4277c15fdff85633db15de32a8	false
TA-Lib C	Pattern Recognition	CDLENGULFING: Engulfing Pattern	CDLENGULFING	direct C caller-owned	candle_settings=TA-Lib defaults	256	integer	1	297.7652259332024	297.00351303652894	298.2751157137625	859737731.9587629	50	1	0	1	2	254	fnv1a64:76a5786b86f2c019	verified		measured		comparable	primary caller-owned Rust/C kernel	809654	30031	direct TA_CDLENGULFING call; caller output allocation excluded	catalogue_fixture_v1:f64le	fnv1a64:73fedfe0ae0a803f	0.6.4	43f9d5042ecc4bd367941846494ad907bf20ea50	3.12.13	0.6.4	0.6.4	2.2.3	rustc 1.93.0 (254b59607 2026-01-19)	Apple M2	Darwin 25.5.0 Darwin Kernel Version 25.5.0: Tue Jun  9 22:27:52 PDT 2026; root:xnu-12377.121.10~1/RELEASE_ARM64_T8112	aarch64	64	ta-core=default(f64,std); ta-benchmarks=catalogue-matrix	e61c887995a7cb4277c15fdff85633db15de32a8	false
TA-Lib Python	Pattern Recognition	CDLENGULFING: Engulfing Pattern	CDLENGULFING	official Python NumPy API	candle_settings=TA-Lib defaults	256	integer	1	410.8131214645	409.203480372	411.797778624	623154389.731736	50	1	0	1	2	254	fnv1a64:76a5786b86f2c019	verified		measured		unavailable	user-facing Python API cost; not aggregated with caller-owned kernels	352551	21835	direct talib.CDLENGULFING NumPy API expression including API-owned output; fixture loading excluded	catalogue_fixture_v1:f64le	fnv1a64:73fedfe0ae0a803f	0.6.4	43f9d5042ecc4bd367941846494ad907bf20ea50	3.12.13	0.6.4	0.6.4	2.2.3	rustc 1.93.0 (254b59607 2026-01-19)	Apple M2	Darwin 25.5.0 Darwin Kernel Version 25.5.0: Tue Jun  9 22:27:52 PDT 2026; root:xnu-12377.121.10~1/RELEASE_ARM64_T8112	aarch64	64	ta-core=default(f64,std); ta-benchmarks=catalogue-matrix	e61c887995a7cb4277c15fdff85633db15de32a8	false
fast-ta	Pattern Recognition	CDL3WHITESOLDIERS: Three Advancing White Soldiers	CDL3WHITESOLDIERS	Owned Compact Output	candle_settings=TA-Lib defaults	256	integer	1	5814.403448275862	5798.395977011494	5831.968390804598	44028592.4905867	50	0	0	0	12	244	fnv1a64:dbe064041adf4dbd	verified		measured		unavailable	separate Rust execution cost; not aggregated with the direct C kernel	42361	1740	IndicatorConfig::compute; API-owned Compact Output allocation included	catalogue_fixture_v1:f64le	fnv1a64:73fedfe0ae0a803f	0.6.4	43f9d5042ecc4bd367941846494ad907bf20ea50	3.12.13	0.6.4	0.6.4	2.2.3	rustc 1.93.0 (254b59607 2026-01-19)	Apple M2	Darwin 25.5.0 Darwin Kernel Version 25.5.0: Tue Jun  9 22:27:52 PDT 2026; root:xnu-12377.121.10~1/RELEASE_ARM64_T8112	aarch64	64	ta-core=default(f64,std); ta-benchmarks=catalogue-matrix	e61c887995a7cb4277c15fdff85633db15de32a8	false
fast-ta	Pattern Recognition	CDL3WHITESOLDIERS: Three Advancing White Soldiers	CDL3WHITESOLDIERS	caller-owned Batch Computation	candle_settings=TA-Lib defaults	256	integer	1	5710.644252873563	5700.790517241379	5721.814942528736	44828567.262123235	50	0	0	0	12	244	fnv1a64:dbe064041adf4dbd	verified		measured		comparable	primary caller-owned Rust/C kernel	43550	1740	IndicatorConfig::compute_into; caller output allocation excluded	catalogue_fixture_v1:f64le	fnv1a64:73fedfe0ae0a803f	0.6.4	43f9d5042ecc4bd367941846494ad907bf20ea50	3.12.13	0.6.4	0.6.4	2.2.3	rustc 1.93.0 (254b59607 2026-01-19)	Apple M2	Darwin 25.5.0 Darwin Kernel Version 25.5.0: Tue Jun  9 22:27:52 PDT 2026; root:xnu-12377.121.10~1/RELEASE_ARM64_T8112	aarch64	64	ta-core=default(f64,std); ta-benchmarks=catalogue-matrix	e61c887995a7cb4277c15fdff85633db15de32a8	false
fast-ta	Pattern Recognition	CDL3WHITESOLDIERS: Three Advancing White Soldiers	CDL3WHITESOLDIERS	Prepared Batch Runner	candle_settings=TA-Lib defaults	256	integer	1	5736.449575070821	5725.637393767705	5753.092351274788	44626906.7041942	50	0	0	0	12	244	fnv1a64:dbe064041adf4dbd	verified		measured		unavailable	separate Rust execution cost; not aggregated with the direct C kernel	43364	1765	PreparedBatchRunner::compute_into; preparation and caller output allocation excluded	catalogue_fixture_v1:f64le	fnv1a64:73fedfe0ae0a803f	0.6.4	43f9d5042ecc4bd367941846494ad907bf20ea50	3.12.13	0.6.4	0.6.4	2.2.3	rustc 1.93.0 (254b59607 2026-01-19)	Apple M2	Darwin 25.5.0 Darwin Kernel Version 25.5.0: Tue Jun  9 22:27:52 PDT 2026; root:xnu-12377.121.10~1/RELEASE_ARM64_T8112	aarch64	64	ta-core=default(f64,std); ta-benchmarks=catalogue-matrix	e61c887995a7cb4277c15fdff85633db15de32a8	false
fast-ta	Pattern Recognition	CDL3WHITESOLDIERS: Three Advancing White Soldiers	CDL3WHITESOLDIERS	Streaming Computation	candle_settings=TA-Lib defaults	256	integer	1	5955.54892601432	5940.250994431185	5976.796340493238	42985122.47658167	50	0	0	0	12	244	fnv1a64:dbe064041adf4dbd	verified		measured		unavailable	separate Rust execution cost; not aggregated with the direct C kernel	41830	1257	StreamingComputation::reset plus one next call per observation; stream and output allocation excluded	catalogue_fixture_v1:f64le	fnv1a64:73fedfe0ae0a803f	0.6.4	43f9d5042ecc4bd367941846494ad907bf20ea50	3.12.13	0.6.4	0.6.4	2.2.3	rustc 1.93.0 (254b59607 2026-01-19)	Apple M2	Darwin 25.5.0 Darwin Kernel Version 25.5.0: Tue Jun  9 22:27:52 PDT 2026; root:xnu-12377.121.10~1/RELEASE_ARM64_T8112	aarch64	64	ta-core=default(f64,std); ta-benchmarks=catalogue-matrix	e61c887995a7cb4277c15fdff85633db15de32a8	false
TA-Lib C	Pattern Recognition	CDL3WHITESOLDIERS: Three Advancing White Soldiers	CDL3WHITESOLDIERS	direct C caller-owned	candle_settings=TA-Lib defaults	256	integer	1	1286.6413436692505	1282.5312661498708	1288.0813953488373	198967646.46932444	50	1	0	1	12	244	fnv1a64:dbe064041adf4dbd	verified		measured		comparable	primary caller-owned Rust/C kernel	191658	7740	direct TA_CDL3WHITESOLDIERS call; caller output allocation excluded	catalogue_fixture_v1:f64le	fnv1a64:73fedfe0ae0a803f	0.6.4	43f9d5042ecc4bd367941846494ad907bf20ea50	3.12.13	0.6.4	0.6.4	2.2.3	rustc 1.93.0 (254b59607 2026-01-19)	Apple M2	Darwin 25.5.0 Darwin Kernel Version 25.5.0: Tue Jun  9 22:27:52 PDT 2026; root:xnu-12377.121.10~1/RELEASE_ARM64_T8112	aarch64	64	ta-core=default(f64,std); ta-benchmarks=catalogue-matrix	e61c887995a7cb4277c15fdff85633db15de32a8	false
TA-Lib Python	Pattern Recognition	CDL3WHITESOLDIERS: Three Advancing White Soldiers	CDL3WHITESOLDIERS	official Python NumPy API	candle_settings=TA-Lib defaults	256	integer	1	1380.063275083	1372.885983655	1384.506928028	185498740.9795421	50	1	0	1	12	244	fnv1a64:dbe064041adf4dbd	verified		measured		unavailable	user-facing Python API cost; not aggregated with caller-owned kernels	148317	6859	direct talib.CDL3WHITESOLDIERS NumPy API expression including API-owned output; fixture loading excluded	catalogue_fixture_v1:f64le	fnv1a64:73fedfe0ae0a803f	0.6.4	43f9d5042ecc4bd367941846494ad907bf20ea50	3.12.13	0.6.4	0.6.4	2.2.3	rustc 1.93.0 (254b59607 2026-01-19)	Apple M2	Darwin 25.5.0 Darwin Kernel Version 25.5.0: Tue Jun  9 22:27:52 PDT 2026; root:xnu-12377.121.10~1/RELEASE_ARM64_T8112	aarch64	64	ta-core=default(f64,std); ta-benchmarks=catalogue-matrix	e61c887995a7cb4277c15fdff85633db15de32a8	false
fast-ta	Statistic Functions	LINEARREG: Linear Regression endpoint	LINEARREG	Owned Compact Output	timeperiod=14	256	float	1	1563.838714783159	1560.0993985438429	1566.189854384299	163699745.74743587	50	1	0	1	13	243	fnv1a64:a694f85735c86cf8	verified		measured		unavailable	separate Rust execution cost; not aggregated with the direct C kernel	157661	6318	IndicatorConfig::compute; API-owned Compact Output allocation included	catalogue_fixture_v1:f64le	fnv1a64:73fedfe0ae0a803f	0.6.4	43f9d5042ecc4bd367941846494ad907bf20ea50	3.12.13	0.6.4	0.6.4	2.2.3	rustc 1.93.0 (254b59607 2026-01-19)	Apple M2	Darwin 25.5.0 Darwin Kernel Version 25.5.0: Tue Jun  9 22:27:52 PDT 2026; root:xnu-12377.121.10~1/RELEASE_ARM64_T8112	aarch64	64	ta-core=default(f64,std); ta-benchmarks=catalogue-matrix	e61c887995a7cb4277c15fdff85633db15de32a8	false
fast-ta	Statistic Functions	LINEARREG: Linear Regression endpoint	LINEARREG	caller-owned Batch Computation	timeperiod=14	256	float	1	1546.9855175688508	1541.7787274453942	1551.4172206394428	165483126.43696508	50	0	0	0	13	243	fnv1a64:a694f85735c86cf8	verified		measured		comparable	primary caller-owned Rust/C kernel	158533	6318	IndicatorConfig::compute_into; caller output allocation excluded	catalogue_fixture_v1:f64le	fnv1a64:73fedfe0ae0a803f	0.6.4	43f9d5042ecc4bd367941846494ad907bf20ea50	3.12.13	0.6.4	0.6.4	2.2.3	rustc 1.93.0 (254b59607 2026-01-19)	Apple M2	Darwin 25.5.0 Darwin Kernel Version 25.5.0: Tue Jun  9 22:27:52 PDT 2026; root:xnu-12377.121.10~1/RELEASE_ARM64_T8112	aarch64	64	ta-core=default(f64,std); ta-benchmarks=catalogue-matrix	e61c887995a7cb4277c15fdff85633db15de32a8	false
fast-ta	Statistic Functions	LINEARREG: Linear Regression endpoint	LINEARREG	Prepared Batch Runner	timeperiod=14	256	float	1	1512.004387390315	1507.9826941826454	1514.2048261293467	169311678.01824313	50	0	0	0	13	243	fnv1a64:a694f85735c86cf8	verified		measured		unavailable	separate Rust execution cost; not aggregated with the direct C kernel	163427	6154	PreparedBatchRunner::compute_into; preparation and caller output allocation excluded	catalogue_fixture_v1:f64le	fnv1a64:73fedfe0ae0a803f	0.6.4	43f9d5042ecc4bd367941846494ad907bf20ea50	3.12.13	0.6.4	0.6.4	2.2.3	rustc 1.93.0 (254b59607 2026-01-19)	Apple M2	Darwin 25.5.0 Darwin Kernel Version 25.5.0: Tue Jun  9 22:27:52 PDT 2026; root:xnu-12377.121.10~1/RELEASE_ARM64_T8112	aarch64	64	ta-core=default(f64,std); ta-benchmarks=catalogue-matrix	e61c887995a7cb4277c15fdff85633db15de32a8	false
fast-ta	Statistic Functions	LINEARREG: Linear Regression endpoint	LINEARREG	Streaming Computation	timeperiod=14	256	float	1	1401.8063853886451	1394.942517343905	1404.7206569446412	182621510.83655182	50	0	0	0	13	243	fnv1a64:a694f85735c86cf8	verified		measured		unavailable	separate Rust execution cost; not aggregated with the direct C kernel	176981	7063	StreamingComputation::reset plus one next call per observation; stream and output allocation excluded	catalogue_fixture_v1:f64le	fnv1a64:73fedfe0ae0a803f	0.6.4	43f9d5042ecc4bd367941846494ad907bf20ea50	3.12.13	0.6.4	0.6.4	2.2.3	rustc 1.93.0 (254b59607 2026-01-19)	Apple M2	Darwin 25.5.0 Darwin Kernel Version 25.5.0: Tue Jun  9 22:27:52 PDT 2026; root:xnu-12377.121.10~1/RELEASE_ARM64_T8112	aarch64	64	ta-core=default(f64,std); ta-benchmarks=catalogue-matrix	e61c887995a7cb4277c15fdff85633db15de32a8	false
TA-Lib C	Statistic Functions	LINEARREG: Linear Regression endpoint	LINEARREG	direct C caller-owned	timeperiod=14	256	float	1	1497.1123188405797	1494.1026827012024	1501.7473789700894	170995854.33794042	50	0	0	0	13	243	fnv1a64:e0c618d18c393f6b	verified		measured		comparable	primary caller-owned Rust/C kernel	165318	6486	direct TA_LINEARREG call; caller output allocation excluded	catalogue_fixture_v1:f64le	fnv1a64:73fedfe0ae0a803f	0.6.4	43f9d5042ecc4bd367941846494ad907bf20ea50	3.12.13	0.6.4	0.6.4	2.2.3	rustc 1.93.0 (254b59607 2026-01-19)	Apple M2	Darwin 25.5.0 Darwin Kernel Version 25.5.0: Tue Jun  9 22:27:52 PDT 2026; root:xnu-12377.121.10~1/RELEASE_ARM64_T8112	aarch64	64	ta-core=default(f64,std); ta-benchmarks=catalogue-matrix	e61c887995a7cb4277c15fdff85633db15de32a8	false
TA-Lib Python	Statistic Functions	LINEARREG: Linear Regression endpoint	LINEARREG	official Python NumPy API	timeperiod=14	256	float	1	1585.9739169905001	1583.956289452	1590.7472336705	161415012.72970393	50	1	0	1	13	243	fnv1a64:e0c618d18c393f6b	verified		measured		unavailable	user-facing Python API cost; not aggregated with caller-owned kernels	131998	6154	direct talib.LINEARREG NumPy API expression including API-owned output; fixture loading excluded	catalogue_fixture_v1:f64le	fnv1a64:73fedfe0ae0a803f	0.6.4	43f9d5042ecc4bd367941846494ad907bf20ea50	3.12.13	0.6.4	0.6.4	2.2.3	rustc 1.93.0 (254b59607 2026-01-19)	Apple M2	Darwin 25.5.0 Darwin Kernel Version 25.5.0: Tue Jun  9 22:27:52 PDT 2026; root:xnu-12377.121.10~1/RELEASE_ARM64_T8112	aarch64	64	ta-core=default(f64,std); ta-benchmarks=catalogue-matrix	e61c887995a7cb4277c15fdff85633db15de32a8	false
fast-ta	Price Transform	TYPPRICE: Typical Price	TYPPRICE	Owned Compact Output	none	256	float	1	419.2733226471262	418.6359743531028	420.1883215021754	610580225.7670894	50	2	0	2	0	256	fnv1a64:956ef7b87e4ad4a6	verified		measured		unavailable	separate Rust execution cost; not aggregated with the direct C kernel	577802	21835	IndicatorConfig::compute; API-owned Compact Output allocation included	catalogue_fixture_v1:f64le	fnv1a64:73fedfe0ae0a803f	0.6.4	43f9d5042ecc4bd367941846494ad907bf20ea50	3.12.13	0.6.4	0.6.4	2.2.3	rustc 1.93.0 (254b59607 2026-01-19)	Apple M2	Darwin 25.5.0 Darwin Kernel Version 25.5.0: Tue Jun  9 22:27:52 PDT 2026; root:xnu-12377.121.10~1/RELEASE_ARM64_T8112	aarch64	64	ta-core=default(f64,std); ta-benchmarks=catalogue-matrix	e61c887995a7cb4277c15fdff85633db15de32a8	false
fast-ta	Price Transform	TYPPRICE: Typical Price	TYPPRICE	caller-owned Batch Computation	none	256	float	1	382.2192777615612	381.2497393770068	383.16792460698053	669772601.474329	50	1	0	1	0	256	fnv1a64:956ef7b87e4ad4a6	verified		measured		comparable	primary caller-owned Rust/C kernel	637605	23981	IndicatorConfig::compute_into; caller output allocation excluded	catalogue_fixture_v1:f64le	fnv1a64:73fedfe0ae0a803f	0.6.4	43f9d5042ecc4bd367941846494ad907bf20ea50	3.12.13	0.6.4	0.6.4	2.2.3	rustc 1.93.0 (254b59607 2026-01-19)	Apple M2	Darwin 25.5.0 Darwin Kernel Version 25.5.0: Tue Jun  9 22:27:52 PDT 2026; root:xnu-12377.121.10~1/RELEASE_ARM64_T8112	aarch64	64	ta-core=default(f64,std); ta-benchmarks=catalogue-matrix	e61c887995a7cb4277c15fdff85633db15de32a8	false
fast-ta	Price Transform	TYPPRICE: Typical Price	TYPPRICE	Prepared Batch Runner	none	256	float	1	379.2194660066749	378.37651404357445	380.6811789852627	675070830.8720998	50	8	4	4	0	256	fnv1a64:956ef7b87e4ad4a6	verified		measured		unavailable	separate Rust execution cost; not aggregated with the direct C kernel	643357	26667	PreparedBatchRunner::compute_into; preparation and caller output allocation excluded	catalogue_fixture_v1:f64le	fnv1a64:73fedfe0ae0a803f	0.6.4	43f9d5042ecc4bd367941846494ad907bf20ea50	3.12.13	0.6.4	0.6.4	2.2.3	rustc 1.93.0 (254b59607 2026-01-19)	Apple M2	Darwin 25.5.0 Darwin Kernel Version 25.5.0: Tue Jun  9 22:27:52 PDT 2026; root:xnu-12377.121.10~1/RELEASE_ARM64_T8112	aarch64	64	ta-core=default(f64,std); ta-benchmarks=catalogue-matrix	e61c887995a7cb4277c15fdff85633db15de32a8	false
fast-ta	Price Transform	TYPPRICE: Typical Price	TYPPRICE	Streaming Computation	none	256	float	1	926.1845576112842	918.4794834218721	1022.3502930939733	276402794.5577583	50	0	0	0	0	256	fnv1a64:956ef7b87e4ad4a6	verified		measured		unavailable	separate Rust execution cost; not aggregated with the direct C kernel	270983	10918	StreamingComputation::reset plus one next call per observation; stream and output allocation excluded	catalogue_fixture_v1:f64le	fnv1a64:73fedfe0ae0a803f	0.6.4	43f9d5042ecc4bd367941846494ad907bf20ea50	3.12.13	0.6.4	0.6.4	2.2.3	rustc 1.93.0 (254b59607 2026-01-19)	Apple M2	Darwin 25.5.0 Darwin Kernel Version 25.5.0: Tue Jun  9 22:27:52 PDT 2026; root:xnu-12377.121.10~1/RELEASE_ARM64_T8112	aarch64	64	ta-core=default(f64,std); ta-benchmarks=catalogue-matrix	e61c887995a7cb4277c15fdff85633db15de32a8	false
TA-Lib C	Price Transform	TYPPRICE: Typical Price	TYPPRICE	direct C caller-owned	none	256	float	1	104.58659675022128	104.28738665018955	105.041315275296	2447732385.9326973	50	1	0	1	0	256	fnv1a64:956ef7b87e4ad4a6	verified		measured		comparable	primary caller-owned Rust/C kernel	2152064	59881	direct TA_TYPPRICE call; caller output allocation excluded	catalogue_fixture_v1:f64le	fnv1a64:73fedfe0ae0a803f	0.6.4	43f9d5042ecc4bd367941846494ad907bf20ea50	3.12.13	0.6.4	0.6.4	2.2.3	rustc 1.93.0 (254b59607 2026-01-19)	Apple M2	Darwin 25.5.0 Darwin Kernel Version 25.5.0: Tue Jun  9 22:27:52 PDT 2026; root:xnu-12377.121.10~1/RELEASE_ARM64_T8112	aarch64	64	ta-core=default(f64,std); ta-benchmarks=catalogue-matrix	e61c887995a7cb4277c15fdff85633db15de32a8	false
TA-Lib Python	Price Transform	TYPPRICE: Typical Price	TYPPRICE	official Python NumPy API	none	256	float	1	189.51007743600002	188.93169008643753	189.758465527	1350851645.7994404	50	2	0	2	0	256	fnv1a64:956ef7b87e4ad4a6	verified		measured		unavailable	user-facing Python API cost; not aggregated with caller-owned kernels	479383	39841	direct talib.TYPPRICE NumPy API expression including API-owned output; fixture loading excluded	catalogue_fixture_v1:f64le	fnv1a64:73fedfe0ae0a803f	0.6.4	43f9d5042ecc4bd367941846494ad907bf20ea50	3.12.13	0.6.4	0.6.4	2.2.3	rustc 1.93.0 (254b59607 2026-01-19)	Apple M2	Darwin 25.5.0 Darwin Kernel Version 25.5.0: Tue Jun  9 22:27:52 PDT 2026; root:xnu-12377.121.10~1/RELEASE_ARM64_T8112	aarch64	64	ta-core=default(f64,std); ta-benchmarks=catalogue-matrix	e61c887995a7cb4277c15fdff85633db15de32a8	false
fast-ta	Volume Indicators	OBV: On Balance Volume	OBV	Owned Compact Output	none	256	float	1	468.8174147935703	466.12445808043753	473.89054892283065	546054800.700443	50	2	0	2	0	256	fnv1a64:34a87e118e2aea2c	verified		measured		unavailable	separate Rust execution cost; not aggregated with the direct C kernel	519178	14993	IndicatorConfig::compute; API-owned Compact Output allocation included	catalogue_fixture_v1:f64le	fnv1a64:73fedfe0ae0a803f	0.6.4	43f9d5042ecc4bd367941846494ad907bf20ea50	3.12.13	0.6.4	0.6.4	2.2.3	rustc 1.93.0 (254b59607 2026-01-19)	Apple M2	Darwin 25.5.0 Darwin Kernel Version 25.5.0: Tue Jun  9 22:27:52 PDT 2026; root:xnu-12377.121.10~1/RELEASE_ARM64_T8112	aarch64	64	ta-core=default(f64,std); ta-benchmarks=catalogue-matrix	e61c887995a7cb4277c15fdff85633db15de32a8	false
fast-ta	Volume Indicators	OBV: On Balance Volume	OBV	caller-owned Batch Computation	none	256	float	1	433.45898930554915	432.12886124753294	435.36969982099413	590597971.933034	50	8	0	8	0	256	fnv1a64:34a87e118e2aea2c	verified		measured		comparable	primary caller-owned Rust/C kernel	557044	21787	IndicatorConfig::compute_into; caller output allocation excluded	catalogue_fixture_v1:f64le	fnv1a64:73fedfe0ae0a803f	0.6.4	43f9d5042ecc4bd367941846494ad907bf20ea50	3.12.13	0.6.4	0.6.4	2.2.3	rustc 1.93.0 (254b59607 2026-01-19)	Apple M2	Darwin 25.5.0 Darwin Kernel Version 25.5.0: Tue Jun  9 22:27:52 PDT 2026; root:xnu-12377.121.10~1/RELEASE_ARM64_T8112	aarch64	64	ta-core=default(f64,std); ta-benchmarks=catalogue-matrix	e61c887995a7cb4277c15fdff85633db15de32a8	false
fast-ta	Volume Indicators	OBV: On Balance Volume	OBV	Prepared Batch Runner	none	256	float	1	432.099975	430.025	433.50625	592455484.4049691	50	6	0	6	0	256	fnv1a64:34a87e118e2aea2c	verified		measured		unavailable	separate Rust execution cost; not aggregated with the direct C kernel	550483	20000	PreparedBatchRunner::compute_into; preparation and caller output allocation excluded	catalogue_fixture_v1:f64le	fnv1a64:73fedfe0ae0a803f	0.6.4	43f9d5042ecc4bd367941846494ad907bf20ea50	3.12.13	0.6.4	0.6.4	2.2.3	rustc 1.93.0 (254b59607 2026-01-19)	Apple M2	Darwin 25.5.0 Darwin Kernel Version 25.5.0: Tue Jun  9 22:27:52 PDT 2026; root:xnu-12377.121.10~1/RELEASE_ARM64_T8112	aarch64	64	ta-core=default(f64,std); ta-benchmarks=catalogue-matrix	e61c887995a7cb4277c15fdff85633db15de32a8	false
fast-ta	Volume Indicators	OBV: On Balance Volume	OBV	Streaming Computation	none	256	float	1	1444.358361277154	1435.388977985129	1464.067939932935	177241332.1120913	50	1	0	1	0	256	fnv1a64:34a87e118e2aea2c	verified		measured		unavailable	separate Rust execution cost; not aggregated with the direct C kernel	170089	6859	StreamingComputation::reset plus one next call per observation; stream and output allocation excluded	catalogue_fixture_v1:f64le	fnv1a64:73fedfe0ae0a803f	0.6.4	43f9d5042ecc4bd367941846494ad907bf20ea50	3.12.13	0.6.4	0.6.4	2.2.3	rustc 1.93.0 (254b59607 2026-01-19)	Apple M2	Darwin 25.5.0 Darwin Kernel Version 25.5.0: Tue Jun  9 22:27:52 PDT 2026; root:xnu-12377.121.10~1/RELEASE_ARM64_T8112	aarch64	64	ta-core=default(f64,std); ta-benchmarks=catalogue-matrix	e61c887995a7cb4277c15fdff85633db15de32a8	false
TA-Lib C	Volume Indicators	OBV: On Balance Volume	OBV	direct C caller-owned	none	256	float	1	246.25208750000002	244.882275	249.940625	1039585095.902994	50	4	0	4	0	256	fnv1a64:34a87e118e2aea2c	verified		measured		comparable	primary caller-owned Rust/C kernel	975148	40000	direct TA_OBV call; caller output allocation excluded	catalogue_fixture_v1:f64le	fnv1a64:73fedfe0ae0a803f	0.6.4	43f9d5042ecc4bd367941846494ad907bf20ea50	3.12.13	0.6.4	0.6.4	2.2.3	rustc 1.93.0 (254b59607 2026-01-19)	Apple M2	Darwin 25.5.0 Darwin Kernel Version 25.5.0: Tue Jun  9 22:27:52 PDT 2026; root:xnu-12377.121.10~1/RELEASE_ARM64_T8112	aarch64	64	ta-core=default(f64,std); ta-benchmarks=catalogue-matrix	e61c887995a7cb4277c15fdff85633db15de32a8	false
TA-Lib Python	Volume Indicators	OBV: On Balance Volume	OBV	official Python NumPy API	none	256	float	1	342.98164509549997	340.921513644	345.894101763	746395626.8817804	50	0	0	0	0	256	fnv1a64:34a87e118e2aea2c	verified		measured		unavailable	user-facing Python API cost; not aggregated with caller-owned kernels	380493	26667	direct talib.OBV NumPy API expression including API-owned output; fixture loading excluded	catalogue_fixture_v1:f64le	fnv1a64:73fedfe0ae0a803f	0.6.4	43f9d5042ecc4bd367941846494ad907bf20ea50	3.12.13	0.6.4	0.6.4	2.2.3	rustc 1.93.0 (254b59607 2026-01-19)	Apple M2	Darwin 25.5.0 Darwin Kernel Version 25.5.0: Tue Jun  9 22:27:52 PDT 2026; root:xnu-12377.121.10~1/RELEASE_ARM64_T8112	aarch64	64	ta-core=default(f64,std); ta-benchmarks=catalogue-matrix	e61c887995a7cb4277c15fdff85633db15de32a8	false
fast-ta	Math Transform	SIN: Vector Trigonometric Sine	SIN	Owned Compact Output	none	256	float	1	1001.142864577912	996.7471635265952	1006.1109607577807	255707760.65804672	50	2	0	2	0	256	fnv1a64:4a7dd747524cff33	verified		measured		unavailable	separate Rust execution cost; not aggregated with the direct C kernel	239623	9607	IndicatorConfig::compute; API-owned Compact Output allocation included	catalogue_fixture_v1:f64le	fnv1a64:73fedfe0ae0a803f	0.6.4	43f9d5042ecc4bd367941846494ad907bf20ea50	3.12.13	0.6.4	0.6.4	2.2.3	rustc 1.93.0 (254b59607 2026-01-19)	Apple M2	Darwin 25.5.0 Darwin Kernel Version 25.5.0: Tue Jun  9 22:27:52 PDT 2026; root:xnu-12377.121.10~1/RELEASE_ARM64_T8112	aarch64	64	ta-core=default(f64,std); ta-benchmarks=catalogue-matrix	e61c887995a7cb4277c15fdff85633db15de32a8	false
fast-ta	Math Transform	SIN: Vector Trigonometric Sine	SIN	caller-owned Batch Computation	none	256	float	1	980.2794399693134	975.7763233601842	985.0242616033755	261150024.73989844	50	0	0	0	0	256	fnv1a64:4a7dd747524cff33	verified		measured		comparable	primary caller-owned Rust/C kernel	257267	10428	IndicatorConfig::compute_into; caller output allocation excluded	catalogue_fixture_v1:f64le	fnv1a64:73fedfe0ae0a803f	0.6.4	43f9d5042ecc4bd367941846494ad907bf20ea50	3.12.13	0.6.4	0.6.4	2.2.3	rustc 1.93.0 (254b59607 2026-01-19)	Apple M2	Darwin 25.5.0 Darwin Kernel Version 25.5.0: Tue Jun  9 22:27:52 PDT 2026; root:xnu-12377.121.10~1/RELEASE_ARM64_T8112	aarch64	64	ta-core=default(f64,std); ta-benchmarks=catalogue-matrix	e61c887995a7cb4277c15fdff85633db15de32a8	false
fast-ta	Math Transform	SIN: Vector Trigonometric Sine	SIN	Prepared Batch Runner	none	256	float	1	974.0645999999999	969.41245	977.95	262816244.42567775	50	1	0	1	0	256	fnv1a64:4a7dd747524cff33	verified		measured		unavailable	separate Rust execution cost; not aggregated with the direct C kernel	252894	10000	PreparedBatchRunner::compute_into; preparation and caller output allocation excluded	catalogue_fixture_v1:f64le	fnv1a64:73fedfe0ae0a803f	0.6.4	43f9d5042ecc4bd367941846494ad907bf20ea50	3.12.13	0.6.4	0.6.4	2.2.3	rustc 1.93.0 (254b59607 2026-01-19)	Apple M2	Darwin 25.5.0 Darwin Kernel Version 25.5.0: Tue Jun  9 22:27:52 PDT 2026; root:xnu-12377.121.10~1/RELEASE_ARM64_T8112	aarch64	64	ta-core=default(f64,std); ta-benchmarks=catalogue-matrix	e61c887995a7cb4277c15fdff85633db15de32a8	false
fast-ta	Math Transform	SIN: Vector Trigonometric Sine	SIN	Streaming Computation	none	256	float	1	948.7099339017147	945.0797490181051	952.1765015806111	269840117.4605191	50	2	0	2	0	256	fnv1a64:4a7dd747524cff33	verified		measured		unavailable	separate Rust execution cost; not aggregated with the direct C kernel	258363	10439	StreamingComputation::reset plus one next call per observation; stream and output allocation excluded	catalogue_fixture_v1:f64le	fnv1a64:73fedfe0ae0a803f	0.6.4	43f9d5042ecc4bd367941846494ad907bf20ea50	3.12.13	0.6.4	0.6.4	2.2.3	rustc 1.93.0 (254b59607 2026-01-19)	Apple M2	Darwin 25.5.0 Darwin Kernel Version 25.5.0: Tue Jun  9 22:27:52 PDT 2026; root:xnu-12377.121.10~1/RELEASE_ARM64_T8112	aarch64	64	ta-core=default(f64,std); ta-benchmarks=catalogue-matrix	e61c887995a7cb4277c15fdff85633db15de32a8	false
TA-Lib C	Math Transform	SIN: Vector Trigonometric Sine	SIN	direct C caller-owned	none	256	float	1	879.9857876398313	874.1193838254172	883.6726114065652	290913789.2858538	50	5	0	5	0	256	fnv1a64:4a7dd747524cff33	verified		measured		comparable	primary caller-owned Rust/C kernel	268397	10906	direct TA_SIN call; caller output allocation excluded	catalogue_fixture_v1:f64le	fnv1a64:73fedfe0ae0a803f	0.6.4	43f9d5042ecc4bd367941846494ad907bf20ea50	3.12.13	0.6.4	0.6.4	2.2.3	rustc 1.93.0 (254b59607 2026-01-19)	Apple M2	Darwin 25.5.0 Darwin Kernel Version 25.5.0: Tue Jun  9 22:27:52 PDT 2026; root:xnu-12377.121.10~1/RELEASE_ARM64_T8112	aarch64	64	ta-core=default(f64,std); ta-benchmarks=catalogue-matrix	e61c887995a7cb4277c15fdff85633db15de32a8	false
TA-Lib Python	Math Transform	SIN: Vector Trigonometric Sine	SIN	official Python NumPy API	none	256	float	1	999.242755598	993.151242101	1005.3049252855001	256194001.47344175	50	1	0	1	0	256	fnv1a64:4a7dd747524cff33	verified		measured		unavailable	user-facing Python API cost; not aggregated with caller-owned kernels	190519	9217	direct talib.SIN NumPy API expression including API-owned output; fixture loading excluded	catalogue_fixture_v1:f64le	fnv1a64:73fedfe0ae0a803f	0.6.4	43f9d5042ecc4bd367941846494ad907bf20ea50	3.12.13	0.6.4	0.6.4	2.2.3	rustc 1.93.0 (254b59607 2026-01-19)	Apple M2	Darwin 25.5.0 Darwin Kernel Version 25.5.0: Tue Jun  9 22:27:52 PDT 2026; root:xnu-12377.121.10~1/RELEASE_ARM64_T8112	aarch64	64	ta-core=default(f64,std); ta-benchmarks=catalogue-matrix	e61c887995a7cb4277c15fdff85633db15de32a8	false
fast-ta	Math Operators	ADD: Vector Arithmetic Add	ADD	Owned Compact Output	none	256	float	1	292.2591215329425	290.1700936214892	293.3400559979001	875935021.8300868	50	2	0	2	0	256	fnv1a64:c5367dde45f21bf7	verified		measured		unavailable	separate Rust execution cost; not aggregated with the direct C kernel	787157	11429	IndicatorConfig::compute; API-owned Compact Output allocation included	catalogue_fixture_v1:f64le	fnv1a64:73fedfe0ae0a803f	0.6.4	43f9d5042ecc4bd367941846494ad907bf20ea50	3.12.13	0.6.4	0.6.4	2.2.3	rustc 1.93.0 (254b59607 2026-01-19)	Apple M2	Darwin 25.5.0 Darwin Kernel Version 25.5.0: Tue Jun  9 22:27:52 PDT 2026; root:xnu-12377.121.10~1/RELEASE_ARM64_T8112	aarch64	64	ta-core=default(f64,std); ta-benchmarks=catalogue-matrix	e61c887995a7cb4277c15fdff85633db15de32a8	false
fast-ta	Math Operators	ADD: Vector Arithmetic Add	ADD	caller-owned Batch Computation	none	256	float	1	263.33645	261.55105	264.4948	972140393.0219307	50	2	1	1	0	256	fnv1a64:c5367dde45f21bf7	verified		measured		comparable	primary caller-owned Rust/C kernel	915172	40000	IndicatorConfig::compute_into; caller output allocation excluded	catalogue_fixture_v1:f64le	fnv1a64:73fedfe0ae0a803f	0.6.4	43f9d5042ecc4bd367941846494ad907bf20ea50	3.12.13	0.6.4	0.6.4	2.2.3	rustc 1.93.0 (254b59607 2026-01-19)	Apple M2	Darwin 25.5.0 Darwin Kernel Version 25.5.0: Tue Jun  9 22:27:52 PDT 2026; root:xnu-12377.121.10~1/RELEASE_ARM64_T8112	aarch64	64	ta-core=default(f64,std); ta-benchmarks=catalogue-matrix	e61c887995a7cb4277c15fdff85633db15de32a8	false
fast-ta	Math Operators	ADD: Vector Arithmetic Add	ADD	Prepared Batch Runner	none	256	float	1	261.442009519082	259.11149881741466	262.88799018892166	979184640.1077912	50	0	0	0	0	256	fnv1a64:c5367dde45f21bf7	verified		measured		unavailable	separate Rust execution cost; not aggregated with the direct C kernel	920072	34247	PreparedBatchRunner::compute_into; preparation and caller output allocation excluded	catalogue_fixture_v1:f64le	fnv1a64:73fedfe0ae0a803f	0.6.4	43f9d5042ecc4bd367941846494ad907bf20ea50	3.12.13	0.6.4	0.6.4	2.2.3	rustc 1.93.0 (254b59607 2026-01-19)	Apple M2	Darwin 25.5.0 Darwin Kernel Version 25.5.0: Tue Jun  9 22:27:52 PDT 2026; root:xnu-12377.121.10~1/RELEASE_ARM64_T8112	aarch64	64	ta-core=default(f64,std); ta-benchmarks=catalogue-matrix	e61c887995a7cb4277c15fdff85633db15de32a8	false
fast-ta	Math Operators	ADD: Vector Arithmetic Add	ADD	Streaming Computation	none	256	float	1	295.0921540572897	294.3846760300172	296.63608491254706	867525606.7645218	50	0	0	0	0	256	fnv1a64:c5367dde45f21bf7	verified		measured		unavailable	separate Rust execution cost; not aggregated with the direct C kernel	816276	34247	StreamingComputation::reset plus one next call per observation; stream and output allocation excluded	catalogue_fixture_v1:f64le	fnv1a64:73fedfe0ae0a803f	0.6.4	43f9d5042ecc4bd367941846494ad907bf20ea50	3.12.13	0.6.4	0.6.4	2.2.3	rustc 1.93.0 (254b59607 2026-01-19)	Apple M2	Darwin 25.5.0 Darwin Kernel Version 25.5.0: Tue Jun  9 22:27:52 PDT 2026; root:xnu-12377.121.10~1/RELEASE_ARM64_T8112	aarch64	64	ta-core=default(f64,std); ta-benchmarks=catalogue-matrix	e61c887995a7cb4277c15fdff85633db15de32a8	false
TA-Lib C	Math Operators	ADD: Vector Arithmetic Add	ADD	direct C caller-owned	none	256	float	1	60.837502519991936	60.570106175660236	61.13429877024394	4207930789.333032	50	4	0	4	0	256	fnv1a64:c5367dde45f21bf7	verified		measured		comparable	primary caller-owned Rust/C kernel	3389795	119048	direct TA_ADD call; caller output allocation excluded	catalogue_fixture_v1:f64le	fnv1a64:73fedfe0ae0a803f	0.6.4	43f9d5042ecc4bd367941846494ad907bf20ea50	3.12.13	0.6.4	0.6.4	2.2.3	rustc 1.93.0 (254b59607 2026-01-19)	Apple M2	Darwin 25.5.0 Darwin Kernel Version 25.5.0: Tue Jun  9 22:27:52 PDT 2026; root:xnu-12377.121.10~1/RELEASE_ARM64_T8112	aarch64	64	ta-core=default(f64,std); ta-benchmarks=catalogue-matrix	e61c887995a7cb4277c15fdff85633db15de32a8	false
TA-Lib Python	Math Operators	ADD: Vector Arithmetic Add	ADD	official Python NumPy API	none	256	float	1	162.5411108865	161.9567684765	163.1027855565	1574986159.5246565	50	3	0	3	0	256	fnv1a64:c5367dde45f21bf7	verified		measured		unavailable	user-facing Python API cost; not aggregated with caller-owned kernels	540336	47847	direct talib.ADD NumPy API expression including API-owned output; fixture loading excluded	catalogue_fixture_v1:f64le	fnv1a64:73fedfe0ae0a803f	0.6.4	43f9d5042ecc4bd367941846494ad907bf20ea50	3.12.13	0.6.4	0.6.4	2.2.3	rustc 1.93.0 (254b59607 2026-01-19)	Apple M2	Darwin 25.5.0 Darwin Kernel Version 25.5.0: Tue Jun  9 22:27:52 PDT 2026; root:xnu-12377.121.10~1/RELEASE_ARM64_T8112	aarch64	64	ta-core=default(f64,std); ta-benchmarks=catalogue-matrix	e61c887995a7cb4277c15fdff85633db15de32a8	false
fast-ta	Overlap Studies	SMA: Simple Moving Average	SMA	Owned Compact Output	timeperiod=14	4096	float	1	5874.987226277372	5852.189781021898	5892.1076642335765	697193005.234054	50	1	0	1	13	4083	fnv1a64:85a9e76a8f8e5d5a	verified		measured		unavailable	separate Rust execution cost; not aggregated with the direct C kernel	41273	1644	IndicatorConfig::compute; API-owned Compact Output allocation included	catalogue_fixture_v1:f64le	fnv1a64:06be03be64d63c6c	0.6.4	43f9d5042ecc4bd367941846494ad907bf20ea50	3.12.13	0.6.4	0.6.4	2.2.3	rustc 1.93.0 (254b59607 2026-01-19)	Apple M2	Darwin 25.5.0 Darwin Kernel Version 25.5.0: Tue Jun  9 22:27:52 PDT 2026; root:xnu-12377.121.10~1/RELEASE_ARM64_T8112	aarch64	64	ta-core=default(f64,std); ta-benchmarks=catalogue-matrix	e61c887995a7cb4277c15fdff85633db15de32a8	false
fast-ta	Overlap Studies	SMA: Simple Moving Average	SMA	caller-owned Batch Computation	timeperiod=14	4096	float	1	5435.777599999999	5421.021866666667	5453.277866666667	753526045.6572028	50	0	0	0	13	4083	fnv1a64:85a9e76a8f8e5d5a	verified		measured		comparable	primary caller-owned Rust/C kernel	45696	1875	IndicatorConfig::compute_into; caller output allocation excluded	catalogue_fixture_v1:f64le	fnv1a64:06be03be64d63c6c	0.6.4	43f9d5042ecc4bd367941846494ad907bf20ea50	3.12.13	0.6.4	0.6.4	2.2.3	rustc 1.93.0 (254b59607 2026-01-19)	Apple M2	Darwin 25.5.0 Darwin Kernel Version 25.5.0: Tue Jun  9 22:27:52 PDT 2026; root:xnu-12377.121.10~1/RELEASE_ARM64_T8112	aarch64	64	ta-core=default(f64,std); ta-benchmarks=catalogue-matrix	e61c887995a7cb4277c15fdff85633db15de32a8	false
fast-ta	Overlap Studies	SMA: Simple Moving Average	SMA	Prepared Batch Runner	timeperiod=14	4096	float	1	5616.11180292366	5607.246345425014	5623.7593394694095	729330209.891421	50	1	0	1	13	4083	fnv1a64:85a9e76a8f8e5d5a	verified		measured		unavailable	separate Rust execution cost; not aggregated with the direct C kernel	45872	1847	PreparedBatchRunner::compute_into; preparation and caller output allocation excluded	catalogue_fixture_v1:f64le	fnv1a64:06be03be64d63c6c	0.6.4	43f9d5042ecc4bd367941846494ad907bf20ea50	3.12.13	0.6.4	0.6.4	2.2.3	rustc 1.93.0 (254b59607 2026-01-19)	Apple M2	Darwin 25.5.0 Darwin Kernel Version 25.5.0: Tue Jun  9 22:27:52 PDT 2026; root:xnu-12377.121.10~1/RELEASE_ARM64_T8112	aarch64	64	ta-core=default(f64,std); ta-benchmarks=catalogue-matrix	e61c887995a7cb4277c15fdff85633db15de32a8	false
fast-ta	Overlap Studies	SMA: Simple Moving Average	SMA	Streaming Computation	timeperiod=14	4096	float	1	20264.423076923078	20185.531868131868	20319.04835164835	202127639.38315538	50	0	0	0	13	4083	fnv1a64:85a9e76a8f8e5d5a	verified		measured		unavailable	separate Rust execution cost; not aggregated with the direct C kernel	12371	455	StreamingComputation::reset plus one next call per observation; stream and output allocation excluded	catalogue_fixture_v1:f64le	fnv1a64:06be03be64d63c6c	0.6.4	43f9d5042ecc4bd367941846494ad907bf20ea50	3.12.13	0.6.4	0.6.4	2.2.3	rustc 1.93.0 (254b59607 2026-01-19)	Apple M2	Darwin 25.5.0 Darwin Kernel Version 25.5.0: Tue Jun  9 22:27:52 PDT 2026; root:xnu-12377.121.10~1/RELEASE_ARM64_T8112	aarch64	64	ta-core=default(f64,std); ta-benchmarks=catalogue-matrix	e61c887995a7cb4277c15fdff85633db15de32a8	false
TA-Lib C	Overlap Studies	SMA: Simple Moving Average	SMA	direct C caller-owned	timeperiod=14	4096	float	1	7319.120626822158	7297.163265306122	7343.567419825073	559630071.5402222	50	0	0	0	13	4083	fnv1a64:9577750b1dc4758a	verified		measured		comparable	primary caller-owned Rust/C kernel	34059	1372	direct TA_SMA call; caller output allocation excluded	catalogue_fixture_v1:f64le	fnv1a64:06be03be64d63c6c	0.6.4	43f9d5042ecc4bd367941846494ad907bf20ea50	3.12.13	0.6.4	0.6.4	2.2.3	rustc 1.93.0 (254b59607 2026-01-19)	Apple M2	Darwin 25.5.0 Darwin Kernel Version 25.5.0: Tue Jun  9 22:27:52 PDT 2026; root:xnu-12377.121.10~1/RELEASE_ARM64_T8112	aarch64	64	ta-core=default(f64,std); ta-benchmarks=catalogue-matrix	e61c887995a7cb4277c15fdff85633db15de32a8	false
TA-Lib Python	Overlap Studies	SMA: Simple Moving Average	SMA	official Python NumPy API	timeperiod=14	4096	float	1	7526.5048963730005	7493.558087278	7620.946431131	544210102.3509398	50	0	0	0	13	4083	fnv1a64:9577750b1dc4758a	verified		measured		unavailable	user-facing Python API cost; not aggregated with caller-owned kernels	32119	1326	direct talib.SMA NumPy API expression including API-owned output; fixture loading excluded	catalogue_fixture_v1:f64le	fnv1a64:06be03be64d63c6c	0.6.4	43f9d5042ecc4bd367941846494ad907bf20ea50	3.12.13	0.6.4	0.6.4	2.2.3	rustc 1.93.0 (254b59607 2026-01-19)	Apple M2	Darwin 25.5.0 Darwin Kernel Version 25.5.0: Tue Jun  9 22:27:52 PDT 2026; root:xnu-12377.121.10~1/RELEASE_ARM64_T8112	aarch64	64	ta-core=default(f64,std); ta-benchmarks=catalogue-matrix	e61c887995a7cb4277c15fdff85633db15de32a8	false
fast-ta	Overlap Studies	BBANDS: Bollinger Bands	BBANDS	Owned Compact Output	timeperiod=20;nbdevup=2;nbdevdn=2;matype=SMA	4096	float	3	17322.696302816905	17260.48943661972	17353.763204225354	236452797.4397343	50	8	0	8	19	4077	fnv1a64:d9bc0e193c594d44	verified		measured		unavailable	separate Rust execution cost; not aggregated with the direct C kernel	14300	568	IndicatorConfig::compute; API-owned Compact Output allocation included	catalogue_fixture_v1:f64le	fnv1a64:06be03be64d63c6c	0.6.4	43f9d5042ecc4bd367941846494ad907bf20ea50	3.12.13	0.6.4	0.6.4	2.2.3	rustc 1.93.0 (254b59607 2026-01-19)	Apple M2	Darwin 25.5.0 Darwin Kernel Version 25.5.0: Tue Jun  9 22:27:52 PDT 2026; root:xnu-12377.121.10~1/RELEASE_ARM64_T8112	aarch64	64	ta-core=default(f64,std); ta-benchmarks=catalogue-matrix	e61c887995a7cb4277c15fdff85633db15de32a8	false
fast-ta	Overlap Studies	BBANDS: Bollinger Bands	BBANDS	caller-owned Batch Computation	timeperiod=20;nbdevup=2;nbdevdn=2;matype=SMA	4096	float	3	16072.423501577287	16011.435331230285	16146.162460567823	254846445.50325805	50	4	0	4	19	4077	fnv1a64:d9bc0e193c594d44	verified		measured		comparable	primary caller-owned Rust/C kernel	15600	634	IndicatorConfig::compute_into; caller output allocation excluded	catalogue_fixture_v1:f64le	fnv1a64:06be03be64d63c6c	0.6.4	43f9d5042ecc4bd367941846494ad907bf20ea50	3.12.13	0.6.4	0.6.4	2.2.3	rustc 1.93.0 (254b59607 2026-01-19)	Apple M2	Darwin 25.5.0 Darwin Kernel Version 25.5.0: Tue Jun  9 22:27:52 PDT 2026; root:xnu-12377.121.10~1/RELEASE_ARM64_T8112	aarch64	64	ta-core=default(f64,std); ta-benchmarks=catalogue-matrix	e61c887995a7cb4277c15fdff85633db15de32a8	false
fast-ta	Overlap Studies	BBANDS: Bollinger Bands	BBANDS	Prepared Batch Runner	timeperiod=20;nbdevup=2;nbdevdn=2;matype=SMA	4096	float	3	16141.317246835442	16070.378164556962	16189.280063291139	253758719.7725783	50	0	0	0	19	4077	fnv1a64:d9bc0e193c594d44	verified		measured		unavailable	separate Rust execution cost; not aggregated with the direct C kernel	15448	632	PreparedBatchRunner::compute_into; preparation and caller output allocation excluded	catalogue_fixture_v1:f64le	fnv1a64:06be03be64d63c6c	0.6.4	43f9d5042ecc4bd367941846494ad907bf20ea50	3.12.13	0.6.4	0.6.4	2.2.3	rustc 1.93.0 (254b59607 2026-01-19)	Apple M2	Darwin 25.5.0 Darwin Kernel Version 25.5.0: Tue Jun  9 22:27:52 PDT 2026; root:xnu-12377.121.10~1/RELEASE_ARM64_T8112	aarch64	64	ta-core=default(f64,std); ta-benchmarks=catalogue-matrix	e61c887995a7cb4277c15fdff85633db15de32a8	false
fast-ta	Overlap Studies	BBANDS: Bollinger Bands	BBANDS	Streaming Computation	timeperiod=20;nbdevup=2;nbdevdn=2;matype=SMA	4096	float	3	27273.937669376694	27172.764227642278	27351.909214092142	150180001.49641055	50	4	0	4	19	4077	fnv1a64:d9bc0e193c594d44	verified		measured		unavailable	separate Rust execution cost; not aggregated with the direct C kernel	9172	369	StreamingComputation::reset plus one next call per observation; stream and output allocation excluded	catalogue_fixture_v1:f64le	fnv1a64:06be03be64d63c6c	0.6.4	43f9d5042ecc4bd367941846494ad907bf20ea50	3.12.13	0.6.4	0.6.4	2.2.3	rustc 1.93.0 (254b59607 2026-01-19)	Apple M2	Darwin 25.5.0 Darwin Kernel Version 25.5.0: Tue Jun  9 22:27:52 PDT 2026; root:xnu-12377.121.10~1/RELEASE_ARM64_T8112	aarch64	64	ta-core=default(f64,std); ta-benchmarks=catalogue-matrix	e61c887995a7cb4277c15fdff85633db15de32a8	false
TA-Lib C	Overlap Studies	BBANDS: Bollinger Bands	BBANDS	direct C caller-owned	timeperiod=20;nbdevup=2;nbdevdn=2;matype=SMA	4096	float	3	16434.082892416227	16348.875661375661	16515.873015873018	249238124.6227111	50	5	0	5	19	4077	fnv1a64:bc9fd89b1f41e7d7	verified		measured		comparable	primary caller-owned Rust/C kernel	14415	567	direct TA_BBANDS call; caller output allocation excluded	catalogue_fixture_v1:f64le	fnv1a64:06be03be64d63c6c	0.6.4	43f9d5042ecc4bd367941846494ad907bf20ea50	3.12.13	0.6.4	0.6.4	2.2.3	rustc 1.93.0 (254b59607 2026-01-19)	Apple M2	Darwin 25.5.0 Darwin Kernel Version 25.5.0: Tue Jun  9 22:27:52 PDT 2026; root:xnu-12377.121.10~1/RELEASE_ARM64_T8112	aarch64	64	ta-core=default(f64,std); ta-benchmarks=catalogue-matrix	e61c887995a7cb4277c15fdff85633db15de32a8	false
TA-Lib Python	Overlap Studies	BBANDS: Bollinger Bands	BBANDS	official Python NumPy API	timeperiod=20;nbdevup=2;nbdevdn=2;matype=SMA	4096	float	3	19786.339072451	19569.253335286	20015.600443601	207011513.60045984	50	4	0	4	19	4077	fnv1a64:bc9fd89b1f41e7d7	verified		measured		unavailable	user-facing Python API cost; not aggregated with caller-owned kernels	12310	438	direct talib.BBANDS NumPy API expression including API-owned output; fixture loading excluded	catalogue_fixture_v1:f64le	fnv1a64:06be03be64d63c6c	0.6.4	43f9d5042ecc4bd367941846494ad907bf20ea50	3.12.13	0.6.4	0.6.4	2.2.3	rustc 1.93.0 (254b59607 2026-01-19)	Apple M2	Darwin 25.5.0 Darwin Kernel Version 25.5.0: Tue Jun  9 22:27:52 PDT 2026; root:xnu-12377.121.10~1/RELEASE_ARM64_T8112	aarch64	64	ta-core=default(f64,std); ta-benchmarks=catalogue-matrix	e61c887995a7cb4277c15fdff85633db15de32a8	false
fast-ta	Momentum Indicators	RSI: Relative Strength Index	RSI	Owned Compact Output	timeperiod=14	4096	float	1	23428.962529274002	23303.08430913349	23707.648711943795	174826349.86001337	50	1	0	1	14	4082	fnv1a64:6ed644285034132b	verified		measured		unavailable	separate Rust execution cost; not aggregated with the direct C kernel	10534	427	IndicatorConfig::compute; API-owned Compact Output allocation included	catalogue_fixture_v1:f64le	fnv1a64:06be03be64d63c6c	0.6.4	43f9d5042ecc4bd367941846494ad907bf20ea50	3.12.13	0.6.4	0.6.4	2.2.3	rustc 1.93.0 (254b59607 2026-01-19)	Apple M2	Darwin 25.5.0 Darwin Kernel Version 25.5.0: Tue Jun  9 22:27:52 PDT 2026; root:xnu-12377.121.10~1/RELEASE_ARM64_T8112	aarch64	64	ta-core=default(f64,std); ta-benchmarks=catalogue-matrix	e61c887995a7cb4277c15fdff85633db15de32a8	false
fast-ta	Momentum Indicators	RSI: Relative Strength Index	RSI	caller-owned Batch Computation	timeperiod=14	4096	float	1	22926.37100456621	22762.842465753423	23137.93607305936	178658890.20046854	50	0	0	0	14	4082	fnv1a64:6ed644285034132b	verified		measured		comparable	primary caller-owned Rust/C kernel	10596	438	IndicatorConfig::compute_into; caller output allocation excluded	catalogue_fixture_v1:f64le	fnv1a64:06be03be64d63c6c	0.6.4	43f9d5042ecc4bd367941846494ad907bf20ea50	3.12.13	0.6.4	0.6.4	2.2.3	rustc 1.93.0 (254b59607 2026-01-19)	Apple M2	Darwin 25.5.0 Darwin Kernel Version 25.5.0: Tue Jun  9 22:27:52 PDT 2026; root:xnu-12377.121.10~1/RELEASE_ARM64_T8112	aarch64	64	ta-core=default(f64,std); ta-benchmarks=catalogue-matrix	e61c887995a7cb4277c15fdff85633db15de32a8	false
fast-ta	Momentum Indicators	RSI: Relative Strength Index	RSI	Prepared Batch Runner	timeperiod=14	4096	float	1	22634.590702947848	22571.333333333332	22677.061224489797	180961964.5327429	50	1	0	1	14	4082	fnv1a64:6ed644285034132b	verified		measured		unavailable	separate Rust execution cost; not aggregated with the direct C kernel	10872	441	PreparedBatchRunner::compute_into; preparation and caller output allocation excluded	catalogue_fixture_v1:f64le	fnv1a64:06be03be64d63c6c	0.6.4	43f9d5042ecc4bd367941846494ad907bf20ea50	3.12.13	0.6.4	0.6.4	2.2.3	rustc 1.93.0 (254b59607 2026-01-19)	Apple M2	Darwin 25.5.0 Darwin Kernel Version 25.5.0: Tue Jun  9 22:27:52 PDT 2026; root:xnu-12377.121.10~1/RELEASE_ARM64_T8112	aarch64	64	ta-core=default(f64,std); ta-benchmarks=catalogue-matrix	e61c887995a7cb4277c15fdff85633db15de32a8	false
fast-ta	Momentum Indicators	RSI: Relative Strength Index	RSI	Streaming Computation	timeperiod=14	4096	float	1	36896.15444015444	36736.00193050193	37135.940154440155	111014279.45949522	50	4	0	4	14	4082	fnv1a64:6ed644285034132b	verified		measured		unavailable	separate Rust execution cost; not aggregated with the direct C kernel	6750	259	StreamingComputation::reset plus one next call per observation; stream and output allocation excluded	catalogue_fixture_v1:f64le	fnv1a64:06be03be64d63c6c	0.6.4	43f9d5042ecc4bd367941846494ad907bf20ea50	3.12.13	0.6.4	0.6.4	2.2.3	rustc 1.93.0 (254b59607 2026-01-19)	Apple M2	Darwin 25.5.0 Darwin Kernel Version 25.5.0: Tue Jun  9 22:27:52 PDT 2026; root:xnu-12377.121.10~1/RELEASE_ARM64_T8112	aarch64	64	ta-core=default(f64,std); ta-benchmarks=catalogue-matrix	e61c887995a7cb4277c15fdff85633db15de32a8	false
TA-Lib C	Momentum Indicators	RSI: Relative Strength Index	RSI	direct C caller-owned	timeperiod=14	4096	float	1	23062.02511415525	22990.25	23115.39269406393	177607993.2150414	50	1	0	1	14	4082	fnv1a64:6ed644285034132b	verified		measured		comparable	primary caller-owned Rust/C kernel	10823	438	direct TA_RSI call; caller output allocation excluded	catalogue_fixture_v1:f64le	fnv1a64:06be03be64d63c6c	0.6.4	43f9d5042ecc4bd367941846494ad907bf20ea50	3.12.13	0.6.4	0.6.4	2.2.3	rustc 1.93.0 (254b59607 2026-01-19)	Apple M2	Darwin 25.5.0 Darwin Kernel Version 25.5.0: Tue Jun  9 22:27:52 PDT 2026; root:xnu-12377.121.10~1/RELEASE_ARM64_T8112	aarch64	64	ta-core=default(f64,std); ta-benchmarks=catalogue-matrix	e61c887995a7cb4277c15fdff85633db15de32a8	false
TA-Lib Python	Momentum Indicators	RSI: Relative Strength Index	RSI	official Python NumPy API	timeperiod=14	4096	float	1	23171.850246772	23127.352568848997	23289.746578036	176766203.664319	50	0	0	0	14	4082	fnv1a64:6ed644285034132b	verified		measured		unavailable	user-facing Python API cost; not aggregated with caller-owned kernels	10525	434	direct talib.RSI NumPy API expression including API-owned output; fixture loading excluded	catalogue_fixture_v1:f64le	fnv1a64:06be03be64d63c6c	0.6.4	43f9d5042ecc4bd367941846494ad907bf20ea50	3.12.13	0.6.4	0.6.4	2.2.3	rustc 1.93.0 (254b59607 2026-01-19)	Apple M2	Darwin 25.5.0 Darwin Kernel Version 25.5.0: Tue Jun  9 22:27:52 PDT 2026; root:xnu-12377.121.10~1/RELEASE_ARM64_T8112	aarch64	64	ta-core=default(f64,std); ta-benchmarks=catalogue-matrix	e61c887995a7cb4277c15fdff85633db15de32a8	false
fast-ta	Momentum Indicators	MACD: Moving Average Convergence/Divergence	MACD	Owned Compact Output	fastperiod=12;slowperiod=26;signalperiod=9	4096	float	3	35290.79861111111	35246.67013888889	35343.604166666664	116064247.93998279	50	7	0	7	33	4063	fnv1a64:c59701467711d106	verified		measured		unavailable	separate Rust execution cost; not aggregated with the direct C kernel	6927	288	IndicatorConfig::compute; API-owned Compact Output allocation included	catalogue_fixture_v1:f64le	fnv1a64:06be03be64d63c6c	0.6.4	43f9d5042ecc4bd367941846494ad907bf20ea50	3.12.13	0.6.4	0.6.4	2.2.3	rustc 1.93.0 (254b59607 2026-01-19)	Apple M2	Darwin 25.5.0 Darwin Kernel Version 25.5.0: Tue Jun  9 22:27:52 PDT 2026; root:xnu-12377.121.10~1/RELEASE_ARM64_T8112	aarch64	64	ta-core=default(f64,std); ta-benchmarks=catalogue-matrix	e61c887995a7cb4277c15fdff85633db15de32a8	false
fast-ta	Momentum Indicators	MACD: Moving Average Convergence/Divergence	MACD	caller-owned Batch Computation	fastperiod=12;slowperiod=26;signalperiod=9	4096	float	3	33646.38666666667	33542.153333333335	33758.193333333336	121736697.63053307	50	3	0	3	33	4063	fnv1a64:c59701467711d106	verified		measured		comparable	primary caller-owned Rust/C kernel	7326	300	IndicatorConfig::compute_into; caller output allocation excluded	catalogue_fixture_v1:f64le	fnv1a64:06be03be64d63c6c	0.6.4	43f9d5042ecc4bd367941846494ad907bf20ea50	3.12.13	0.6.4	0.6.4	2.2.3	rustc 1.93.0 (254b59607 2026-01-19)	Apple M2	Darwin 25.5.0 Darwin Kernel Version 25.5.0: Tue Jun  9 22:27:52 PDT 2026; root:xnu-12377.121.10~1/RELEASE_ARM64_T8112	aarch64	64	ta-core=default(f64,std); ta-benchmarks=catalogue-matrix	e61c887995a7cb4277c15fdff85633db15de32a8	false
fast-ta	Momentum Indicators	MACD: Moving Average Convergence/Divergence	MACD	Prepared Batch Runner	fastperiod=12;slowperiod=26;signalperiod=9	4096	float	3	33907.35430463576	33652.317880794704	34313.11920529801	120799752.26613306	50	2	0	2	33	4063	fnv1a64:c59701467711d106	verified		measured		unavailable	separate Rust execution cost; not aggregated with the direct C kernel	7410	302	PreparedBatchRunner::compute_into; preparation and caller output allocation excluded	catalogue_fixture_v1:f64le	fnv1a64:06be03be64d63c6c	0.6.4	43f9d5042ecc4bd367941846494ad907bf20ea50	3.12.13	0.6.4	0.6.4	2.2.3	rustc 1.93.0 (254b59607 2026-01-19)	Apple M2	Darwin 25.5.0 Darwin Kernel Version 25.5.0: Tue Jun  9 22:27:52 PDT 2026; root:xnu-12377.121.10~1/RELEASE_ARM64_T8112	aarch64	64	ta-core=default(f64,std); ta-benchmarks=catalogue-matrix	e61c887995a7cb4277c15fdff85633db15de32a8	false
fast-ta	Momentum Indicators	MACD: Moving Average Convergence/Divergence	MACD	Streaming Computation	fastperiod=12;slowperiod=26;signalperiod=9	4096	float	3	40043.57971014493	39862.42028985507	40282.811594202896	102288557.35797991	50	0	0	0	33	4063	fnv1a64:c59701467711d106	verified		measured		unavailable	separate Rust execution cost; not aggregated with the direct C kernel	6280	207	StreamingComputation::reset plus one next call per observation; stream and output allocation excluded	catalogue_fixture_v1:f64le	fnv1a64:06be03be64d63c6c	0.6.4	43f9d5042ecc4bd367941846494ad907bf20ea50	3.12.13	0.6.4	0.6.4	2.2.3	rustc 1.93.0 (254b59607 2026-01-19)	Apple M2	Darwin 25.5.0 Darwin Kernel Version 25.5.0: Tue Jun  9 22:27:52 PDT 2026; root:xnu-12377.121.10~1/RELEASE_ARM64_T8112	aarch64	64	ta-core=default(f64,std); ta-benchmarks=catalogue-matrix	e61c887995a7cb4277c15fdff85633db15de32a8	false
TA-Lib C	Momentum Indicators	MACD: Moving Average Convergence/Divergence	MACD	direct C caller-owned	fastperiod=12;slowperiod=26;signalperiod=9	4096	float	3	27815.475274725275	27704.49862637363	27912.145604395606	147256157.2126671	50	7	0	7	33	4063	fnv1a64:1a2ab1fe5c86c3b9	verified		measured		comparable	primary caller-owned Rust/C kernel	9004	364	direct TA_MACD call; caller output allocation excluded	catalogue_fixture_v1:f64le	fnv1a64:06be03be64d63c6c	0.6.4	43f9d5042ecc4bd367941846494ad907bf20ea50	3.12.13	0.6.4	0.6.4	2.2.3	rustc 1.93.0 (254b59607 2026-01-19)	Apple M2	Darwin 25.5.0 Darwin Kernel Version 25.5.0: Tue Jun  9 22:27:52 PDT 2026; root:xnu-12377.121.10~1/RELEASE_ARM64_T8112	aarch64	64	ta-core=default(f64,std); ta-benchmarks=catalogue-matrix	e61c887995a7cb4277c15fdff85633db15de32a8	false
TA-Lib Python	Momentum Indicators	MACD: Moving Average Convergence/Divergence	MACD	official Python NumPy API	fastperiod=12;slowperiod=26;signalperiod=9	4096	float	3	28257.236714248	28188.666703795003	28323.879594594	144954018.02451175	50	3	0	3	33	4063	fnv1a64:1a2ab1fe5c86c3b9	verified		measured		unavailable	user-facing Python API cost; not aggregated with caller-owned kernels	8737	357	direct talib.MACD NumPy API expression including API-owned output; fixture loading excluded	catalogue_fixture_v1:f64le	fnv1a64:06be03be64d63c6c	0.6.4	43f9d5042ecc4bd367941846494ad907bf20ea50	3.12.13	0.6.4	0.6.4	2.2.3	rustc 1.93.0 (254b59607 2026-01-19)	Apple M2	Darwin 25.5.0 Darwin Kernel Version 25.5.0: Tue Jun  9 22:27:52 PDT 2026; root:xnu-12377.121.10~1/RELEASE_ARM64_T8112	aarch64	64	ta-core=default(f64,std); ta-benchmarks=catalogue-matrix	e61c887995a7cb4277c15fdff85633db15de32a8	false
fast-ta	Volatility Indicators	ATR: Average True Range	ATR	Owned Compact Output	timeperiod=14	4096	float	1	26262.853470437018	26173.092544987147	26361.120083547557	155961727.63978955	50	2	0	2	14	4082	fnv1a64:2f3c03f7c4fd984a	verified		measured		unavailable	separate Rust execution cost; not aggregated with the direct C kernel	9574	389	IndicatorConfig::compute; API-owned Compact Output allocation included	catalogue_fixture_v1:f64le	fnv1a64:06be03be64d63c6c	0.6.4	43f9d5042ecc4bd367941846494ad907bf20ea50	3.12.13	0.6.4	0.6.4	2.2.3	rustc 1.93.0 (254b59607 2026-01-19)	Apple M2	Darwin 25.5.0 Darwin Kernel Version 25.5.0: Tue Jun  9 22:27:52 PDT 2026; root:xnu-12377.121.10~1/RELEASE_ARM64_T8112	aarch64	64	ta-core=default(f64,std); ta-benchmarks=catalogue-matrix	e61c887995a7cb4277c15fdff85633db15de32a8	false
fast-ta	Volatility Indicators	ATR: Average True Range	ATR	caller-owned Batch Computation	timeperiod=14	4096	float	1	25725.78299492386	25658.100253807104	25782.201776649745	159217700.03300625	50	1	0	1	14	4082	fnv1a64:2f3c03f7c4fd984a	verified		measured		comparable	primary caller-owned Rust/C kernel	9661	394	IndicatorConfig::compute_into; caller output allocation excluded	catalogue_fixture_v1:f64le	fnv1a64:06be03be64d63c6c	0.6.4	43f9d5042ecc4bd367941846494ad907bf20ea50	3.12.13	0.6.4	0.6.4	2.2.3	rustc 1.93.0 (254b59607 2026-01-19)	Apple M2	Darwin 25.5.0 Darwin Kernel Version 25.5.0: Tue Jun  9 22:27:52 PDT 2026; root:xnu-12377.121.10~1/RELEASE_ARM64_T8112	aarch64	64	ta-core=default(f64,std); ta-benchmarks=catalogue-matrix	e61c887995a7cb4277c15fdff85633db15de32a8	false
fast-ta	Volatility Indicators	ATR: Average True Range	ATR	Prepared Batch Runner	timeperiod=14	4096	float	1	25963.941025641026	25845.619230769233	26124.78717948718	157757252.48932517	50	3	0	3	14	4082	fnv1a64:2f3c03f7c4fd984a	verified		measured		unavailable	separate Rust execution cost; not aggregated with the direct C kernel	9645	390	PreparedBatchRunner::compute_into; preparation and caller output allocation excluded	catalogue_fixture_v1:f64le	fnv1a64:06be03be64d63c6c	0.6.4	43f9d5042ecc4bd367941846494ad907bf20ea50	3.12.13	0.6.4	0.6.4	2.2.3	rustc 1.93.0 (254b59607 2026-01-19)	Apple M2	Darwin 25.5.0 Darwin Kernel Version 25.5.0: Tue Jun  9 22:27:52 PDT 2026; root:xnu-12377.121.10~1/RELEASE_ARM64_T8112	aarch64	64	ta-core=default(f64,std); ta-benchmarks=catalogue-matrix	e61c887995a7cb4277c15fdff85633db15de32a8	false
fast-ta	Volatility Indicators	ATR: Average True Range	ATR	Streaming Computation	timeperiod=14	4096	float	1	30128.644314868805	29908.892128279884	30399.47813411079	135950358.64187825	50	1	0	1	14	4082	fnv1a64:2f3c03f7c4fd984a	verified		measured		unavailable	separate Rust execution cost; not aggregated with the direct C kernel	8292	343	StreamingComputation::reset plus one next call per observation; stream and output allocation excluded	catalogue_fixture_v1:f64le	fnv1a64:06be03be64d63c6c	0.6.4	43f9d5042ecc4bd367941846494ad907bf20ea50	3.12.13	0.6.4	0.6.4	2.2.3	rustc 1.93.0 (254b59607 2026-01-19)	Apple M2	Darwin 25.5.0 Darwin Kernel Version 25.5.0: Tue Jun  9 22:27:52 PDT 2026; root:xnu-12377.121.10~1/RELEASE_ARM64_T8112	aarch64	64	ta-core=default(f64,std); ta-benchmarks=catalogue-matrix	e61c887995a7cb4277c15fdff85633db15de32a8	false
TA-Lib C	Volatility Indicators	ATR: Average True Range	ATR	direct C caller-owned	timeperiod=14	4096	float	1	21915.588362068964	21802.622844827587	22019.755387931036	186898929.30683395	50	12	0	12	14	4082	fnv1a64:2f3c03f7c4fd984a	verified		measured		comparable	primary caller-owned Rust/C kernel	11356	464	direct TA_ATR call; caller output allocation excluded	catalogue_fixture_v1:f64le	fnv1a64:06be03be64d63c6c	0.6.4	43f9d5042ecc4bd367941846494ad907bf20ea50	3.12.13	0.6.4	0.6.4	2.2.3	rustc 1.93.0 (254b59607 2026-01-19)	Apple M2	Darwin 25.5.0 Darwin Kernel Version 25.5.0: Tue Jun  9 22:27:52 PDT 2026; root:xnu-12377.121.10~1/RELEASE_ARM64_T8112	aarch64	64	ta-core=default(f64,std); ta-benchmarks=catalogue-matrix	e61c887995a7cb4277c15fdff85633db15de32a8	false
TA-Lib Python	Volatility Indicators	ATR: Average True Range	ATR	official Python NumPy API	timeperiod=14	4096	float	1	22355.0848208475	22208.791788737	22484.2610184335	183224534.0523256	50	7	0	7	14	4082	fnv1a64:2f3c03f7c4fd984a	verified		measured		unavailable	user-facing Python API cost; not aggregated with caller-owned kernels	10939	454	direct talib.ATR NumPy API expression including API-owned output; fixture loading excluded	catalogue_fixture_v1:f64le	fnv1a64:06be03be64d63c6c	0.6.4	43f9d5042ecc4bd367941846494ad907bf20ea50	3.12.13	0.6.4	0.6.4	2.2.3	rustc 1.93.0 (254b59607 2026-01-19)	Apple M2	Darwin 25.5.0 Darwin Kernel Version 25.5.0: Tue Jun  9 22:27:52 PDT 2026; root:xnu-12377.121.10~1/RELEASE_ARM64_T8112	aarch64	64	ta-core=default(f64,std); ta-benchmarks=catalogue-matrix	e61c887995a7cb4277c15fdff85633db15de32a8	false
fast-ta	Momentum Indicators	ADX: Average Directional Movement Index	ADX	Owned Compact Output	timeperiod=14	4096	float	1	36200.239208633095	36131.96942446043	36316.92086330935	113148423.58895735	50	0	0	0	27	4069	fnv1a64:c1d363ac0cdbd25d	verified		measured		unavailable	separate Rust execution cost; not aggregated with the direct C kernel	6825	278	IndicatorConfig::compute; API-owned Compact Output allocation included	catalogue_fixture_v1:f64le	fnv1a64:06be03be64d63c6c	0.6.4	43f9d5042ecc4bd367941846494ad907bf20ea50	3.12.13	0.6.4	0.6.4	2.2.3	rustc 1.93.0 (254b59607 2026-01-19)	Apple M2	Darwin 25.5.0 Darwin Kernel Version 25.5.0: Tue Jun  9 22:27:52 PDT 2026; root:xnu-12377.121.10~1/RELEASE_ARM64_T8112	aarch64	64	ta-core=default(f64,std); ta-benchmarks=catalogue-matrix	e61c887995a7cb4277c15fdff85633db15de32a8	false
fast-ta	Momentum Indicators	ADX: Average Directional Movement Index	ADX	caller-owned Batch Computation	timeperiod=14	4096	float	1	35857.48936170213	35809.102836879436	35886.45035460993	114229971.83887516	50	1	0	1	27	4069	fnv1a64:c1d363ac0cdbd25d	verified		measured		comparable	primary caller-owned Rust/C kernel	6964	282	IndicatorConfig::compute_into; caller output allocation excluded	catalogue_fixture_v1:f64le	fnv1a64:06be03be64d63c6c	0.6.4	43f9d5042ecc4bd367941846494ad907bf20ea50	3.12.13	0.6.4	0.6.4	2.2.3	rustc 1.93.0 (254b59607 2026-01-19)	Apple M2	Darwin 25.5.0 Darwin Kernel Version 25.5.0: Tue Jun  9 22:27:52 PDT 2026; root:xnu-12377.121.10~1/RELEASE_ARM64_T8112	aarch64	64	ta-core=default(f64,std); ta-benchmarks=catalogue-matrix	e61c887995a7cb4277c15fdff85633db15de32a8	false
fast-ta	Momentum Indicators	ADX: Average Directional Movement Index	ADX	Prepared Batch Runner	timeperiod=14	4096	float	1	35814.50177935943	35697.50889679715	35868.3256227758	114367080.27474506	50	0	0	0	27	4069	fnv1a64:c1d363ac0cdbd25d	verified		measured		unavailable	separate Rust execution cost; not aggregated with the direct C kernel	6951	281	PreparedBatchRunner::compute_into; preparation and caller output allocation excluded	catalogue_fixture_v1:f64le	fnv1a64:06be03be64d63c6c	0.6.4	43f9d5042ecc4bd367941846494ad907bf20ea50	3.12.13	0.6.4	0.6.4	2.2.3	rustc 1.93.0 (254b59607 2026-01-19)	Apple M2	Darwin 25.5.0 Darwin Kernel Version 25.5.0: Tue Jun  9 22:27:52 PDT 2026; root:xnu-12377.121.10~1/RELEASE_ARM64_T8112	aarch64	64	ta-core=default(f64,std); ta-benchmarks=catalogue-matrix	e61c887995a7cb4277c15fdff85633db15de32a8	false
fast-ta	Momentum Indicators	ADX: Average Directional Movement Index	ADX	Streaming Computation	timeperiod=14	4096	float	1	40480.81225296443	40269.26877470356	40614.13043478261	101183740.44483379	50	0	0	0	27	4069	fnv1a64:c1d363ac0cdbd25d	verified		measured		unavailable	separate Rust execution cost; not aggregated with the direct C kernel	6467	253	StreamingComputation::reset plus one next call per observation; stream and output allocation excluded	catalogue_fixture_v1:f64le	fnv1a64:06be03be64d63c6c	0.6.4	43f9d5042ecc4bd367941846494ad907bf20ea50	3.12.13	0.6.4	0.6.4	2.2.3	rustc 1.93.0 (254b59607 2026-01-19)	Apple M2	Darwin 25.5.0 Darwin Kernel Version 25.5.0: Tue Jun  9 22:27:52 PDT 2026; root:xnu-12377.121.10~1/RELEASE_ARM64_T8112	aarch64	64	ta-core=default(f64,std); ta-benchmarks=catalogue-matrix	e61c887995a7cb4277c15fdff85633db15de32a8	false
TA-Lib C	Momentum Indicators	ADX: Average Directional Movement Index	ADX	direct C caller-owned	timeperiod=14	4096	float	1	24462.274611398963	24378.562176165804	24567.519430051812	167441501.8663612	50	8	0	8	27	4069	fnv1a64:d4fcfb104dda56fb	verified		measured		comparable	primary caller-owned Rust/C kernel	9532	386	direct TA_ADX call; caller output allocation excluded	catalogue_fixture_v1:f64le	fnv1a64:06be03be64d63c6c	0.6.4	43f9d5042ecc4bd367941846494ad907bf20ea50	3.12.13	0.6.4	0.6.4	2.2.3	rustc 1.93.0 (254b59607 2026-01-19)	Apple M2	Darwin 25.5.0 Darwin Kernel Version 25.5.0: Tue Jun  9 22:27:52 PDT 2026; root:xnu-12377.121.10~1/RELEASE_ARM64_T8112	aarch64	64	ta-core=default(f64,std); ta-benchmarks=catalogue-matrix	e61c887995a7cb4277c15fdff85633db15de32a8	false
TA-Lib Python	Momentum Indicators	ADX: Average Directional Movement Index	ADX	official Python NumPy API	timeperiod=14	4096	float	1	26539.856595551	26382.236759865	26670.340785610002	154333916.05765617	50	0	0	0	27	4069	fnv1a64:d4fcfb104dda56fb	verified		measured		unavailable	user-facing Python API cost; not aggregated with caller-owned kernels	9270	380	direct talib.ADX NumPy API expression including API-owned output; fixture loading excluded	catalogue_fixture_v1:f64le	fnv1a64:06be03be64d63c6c	0.6.4	43f9d5042ecc4bd367941846494ad907bf20ea50	3.12.13	0.6.4	0.6.4	2.2.3	rustc 1.93.0 (254b59607 2026-01-19)	Apple M2	Darwin 25.5.0 Darwin Kernel Version 25.5.0: Tue Jun  9 22:27:52 PDT 2026; root:xnu-12377.121.10~1/RELEASE_ARM64_T8112	aarch64	64	ta-core=default(f64,std); ta-benchmarks=catalogue-matrix	e61c887995a7cb4277c15fdff85633db15de32a8	false
fast-ta	Cycle Indicators	HT_DCPHASE: Hilbert Transform Dominant Cycle Phase	HT_DCPHASE	Owned Compact Output	none	4096	float	1	448300.7173913043	446846	449297.0869565217	9136724.169961032	50	0	0	0	63	4033	fnv1a64:b0d0ff7b985daddf	verified		measured		unavailable	separate Rust execution cost; not aggregated with the direct C kernel	558	23	IndicatorConfig::compute; API-owned Compact Output allocation included	catalogue_fixture_v1:f64le	fnv1a64:06be03be64d63c6c	0.6.4	43f9d5042ecc4bd367941846494ad907bf20ea50	3.12.13	0.6.4	0.6.4	2.2.3	rustc 1.93.0 (254b59607 2026-01-19)	Apple M2	Darwin 25.5.0 Darwin Kernel Version 25.5.0: Tue Jun  9 22:27:52 PDT 2026; root:xnu-12377.121.10~1/RELEASE_ARM64_T8112	aarch64	64	ta-core=default(f64,std); ta-benchmarks=catalogue-matrix	e61c887995a7cb4277c15fdff85633db15de32a8	false
fast-ta	Cycle Indicators	HT_DCPHASE: Hilbert Transform Dominant Cycle Phase	HT_DCPHASE	caller-owned Batch Computation	none	4096	float	1	450101.45652173914	448674.80434782605	452266.30434782605	9100170.50745129	50	0	0	0	63	4033	fnv1a64:b0d0ff7b985daddf	verified		measured		comparable	primary caller-owned Rust/C kernel	554	23	IndicatorConfig::compute_into; caller output allocation excluded	catalogue_fixture_v1:f64le	fnv1a64:06be03be64d63c6c	0.6.4	43f9d5042ecc4bd367941846494ad907bf20ea50	3.12.13	0.6.4	0.6.4	2.2.3	rustc 1.93.0 (254b59607 2026-01-19)	Apple M2	Darwin 25.5.0 Darwin Kernel Version 25.5.0: Tue Jun  9 22:27:52 PDT 2026; root:xnu-12377.121.10~1/RELEASE_ARM64_T8112	aarch64	64	ta-core=default(f64,std); ta-benchmarks=catalogue-matrix	e61c887995a7cb4277c15fdff85633db15de32a8	false
fast-ta	Cycle Indicators	HT_DCPHASE: Hilbert Transform Dominant Cycle Phase	HT_DCPHASE	Prepared Batch Runner	none	4096	float	1	452872.2826086957	450299.82608695654	454221.9130434783	9044492.580569673	50	3	0	3	63	4033	fnv1a64:b0d0ff7b985daddf	verified		measured		unavailable	separate Rust execution cost; not aggregated with the direct C kernel	550	23	PreparedBatchRunner::compute_into; preparation and caller output allocation excluded	catalogue_fixture_v1:f64le	fnv1a64:06be03be64d63c6c	0.6.4	43f9d5042ecc4bd367941846494ad907bf20ea50	3.12.13	0.6.4	0.6.4	2.2.3	rustc 1.93.0 (254b59607 2026-01-19)	Apple M2	Darwin 25.5.0 Darwin Kernel Version 25.5.0: Tue Jun  9 22:27:52 PDT 2026; root:xnu-12377.121.10~1/RELEASE_ARM64_T8112	aarch64	64	ta-core=default(f64,std); ta-benchmarks=catalogue-matrix	e61c887995a7cb4277c15fdff85633db15de32a8	false
fast-ta	Cycle Indicators	HT_DCPHASE: Hilbert Transform Dominant Cycle Phase	HT_DCPHASE	Streaming Computation	none	4096	float	1	438688.3541666667	435593.75	447185.75	9336924.404525783	50	3	0	3	63	4033	fnv1a64:b0d0ff7b985daddf	verified		measured		unavailable	separate Rust execution cost; not aggregated with the direct C kernel	571	24	StreamingComputation::reset plus one next call per observation; stream and output allocation excluded	catalogue_fixture_v1:f64le	fnv1a64:06be03be64d63c6c	0.6.4	43f9d5042ecc4bd367941846494ad907bf20ea50	3.12.13	0.6.4	0.6.4	2.2.3	rustc 1.93.0 (254b59607 2026-01-19)	Apple M2	Darwin 25.5.0 Darwin Kernel Version 25.5.0: Tue Jun  9 22:27:52 PDT 2026; root:xnu-12377.121.10~1/RELEASE_ARM64_T8112	aarch64	64	ta-core=default(f64,std); ta-benchmarks=catalogue-matrix	e61c887995a7cb4277c15fdff85633db15de32a8	false
TA-Lib C	Cycle Indicators	HT_DCPHASE: Hilbert Transform Dominant Cycle Phase	HT_DCPHASE	direct C caller-owned	none	4096	float	1	363743.05555555556	362621.14814814815	365216.037037037	11260696.080490272	50	9	0	9	63	4033	fnv1a64:40c013053b1f2864	verified		measured		comparable	primary caller-owned Rust/C kernel	643	27	direct TA_HT_DCPHASE call; caller output allocation excluded	catalogue_fixture_v1:f64le	fnv1a64:06be03be64d63c6c	0.6.4	43f9d5042ecc4bd367941846494ad907bf20ea50	3.12.13	0.6.4	0.6.4	2.2.3	rustc 1.93.0 (254b59607 2026-01-19)	Apple M2	Darwin 25.5.0 Darwin Kernel Version 25.5.0: Tue Jun  9 22:27:52 PDT 2026; root:xnu-12377.121.10~1/RELEASE_ARM64_T8112	aarch64	64	ta-core=default(f64,std); ta-benchmarks=catalogue-matrix	e61c887995a7cb4277c15fdff85633db15de32a8	false
TA-Lib Python	Cycle Indicators	HT_DCPHASE: Hilbert Transform Dominant Cycle Phase	HT_DCPHASE	official Python NumPy API	none	4096	float	1	358587.6377122795	357974.137998475	359497.84495610895	11422591.214052152	50	2	0	2	63	4033	fnv1a64:40c013053b1f2864	verified		measured		unavailable	user-facing Python API cost; not aggregated with caller-owned kernels	692	29	direct talib.HT_DCPHASE NumPy API expression including API-owned output; fixture loading excluded	catalogue_fixture_v1:f64le	fnv1a64:06be03be64d63c6c	0.6.4	43f9d5042ecc4bd367941846494ad907bf20ea50	3.12.13	0.6.4	0.6.4	2.2.3	rustc 1.93.0 (254b59607 2026-01-19)	Apple M2	Darwin 25.5.0 Darwin Kernel Version 25.5.0: Tue Jun  9 22:27:52 PDT 2026; root:xnu-12377.121.10~1/RELEASE_ARM64_T8112	aarch64	64	ta-core=default(f64,std); ta-benchmarks=catalogue-matrix	e61c887995a7cb4277c15fdff85633db15de32a8	false
fast-ta	Pattern Recognition	CDLDOJI: Doji	CDLDOJI	Owned Compact Output	candle_settings=TA-Lib defaults	4096	integer	1	13001.064516129034	12972.698252688173	13026.741263440861	315051124.84585625	50	0	0	0	10	4086	fnv1a64:9e4f7ac204492dfc	verified		measured		unavailable	separate Rust execution cost; not aggregated with the direct C kernel	18935	744	IndicatorConfig::compute; API-owned Compact Output allocation included	catalogue_fixture_v1:f64le	fnv1a64:06be03be64d63c6c	0.6.4	43f9d5042ecc4bd367941846494ad907bf20ea50	3.12.13	0.6.4	0.6.4	2.2.3	rustc 1.93.0 (254b59607 2026-01-19)	Apple M2	Darwin 25.5.0 Darwin Kernel Version 25.5.0: Tue Jun  9 22:27:52 PDT 2026; root:xnu-12377.121.10~1/RELEASE_ARM64_T8112	aarch64	64	ta-core=default(f64,std); ta-benchmarks=catalogue-matrix	e61c887995a7cb4277c15fdff85633db15de32a8	false
fast-ta	Pattern Recognition	CDLDOJI: Doji	CDLDOJI	caller-owned Batch Computation	candle_settings=TA-Lib defaults	4096	integer	1	12205.375451263539	12168.446450060168	12252.256317689531	335589840.4236282	50	0	0	0	10	4086	fnv1a64:9e4f7ac204492dfc	verified		measured		comparable	primary caller-owned Rust/C kernel	20538	831	IndicatorConfig::compute_into; caller output allocation excluded	catalogue_fixture_v1:f64le	fnv1a64:06be03be64d63c6c	0.6.4	43f9d5042ecc4bd367941846494ad907bf20ea50	3.12.13	0.6.4	0.6.4	2.2.3	rustc 1.93.0 (254b59607 2026-01-19)	Apple M2	Darwin 25.5.0 Darwin Kernel Version 25.5.0: Tue Jun  9 22:27:52 PDT 2026; root:xnu-12377.121.10~1/RELEASE_ARM64_T8112	aarch64	64	ta-core=default(f64,std); ta-benchmarks=catalogue-matrix	e61c887995a7cb4277c15fdff85633db15de32a8	false
fast-ta	Pattern Recognition	CDLDOJI: Doji	CDLDOJI	Prepared Batch Runner	candle_settings=TA-Lib defaults	4096	integer	1	12139.383906633906	12117.987714987714	12167.357493857493	337414158.04154825	50	0	0	0	10	4086	fnv1a64:9e4f7ac204492dfc	verified		measured		unavailable	separate Rust execution cost; not aggregated with the direct C kernel	20544	814	PreparedBatchRunner::compute_into; preparation and caller output allocation excluded	catalogue_fixture_v1:f64le	fnv1a64:06be03be64d63c6c	0.6.4	43f9d5042ecc4bd367941846494ad907bf20ea50	3.12.13	0.6.4	0.6.4	2.2.3	rustc 1.93.0 (254b59607 2026-01-19)	Apple M2	Darwin 25.5.0 Darwin Kernel Version 25.5.0: Tue Jun  9 22:27:52 PDT 2026; root:xnu-12377.121.10~1/RELEASE_ARM64_T8112	aarch64	64	ta-core=default(f64,std); ta-benchmarks=catalogue-matrix	e61c887995a7cb4277c15fdff85633db15de32a8	false
fast-ta	Pattern Recognition	CDLDOJI: Doji	CDLDOJI	Streaming Computation	candle_settings=TA-Lib defaults	4096	integer	1	41293.35975609756	41170.560975609755	41434.28048780488	99192703.72266491	50	5	0	5	10	4086	fnv1a64:9e4f7ac204492dfc	verified		measured		unavailable	separate Rust execution cost; not aggregated with the direct C kernel	6060	246	StreamingComputation::reset plus one next call per observation; stream and output allocation excluded	catalogue_fixture_v1:f64le	fnv1a64:06be03be64d63c6c	0.6.4	43f9d5042ecc4bd367941846494ad907bf20ea50	3.12.13	0.6.4	0.6.4	2.2.3	rustc 1.93.0 (254b59607 2026-01-19)	Apple M2	Darwin 25.5.0 Darwin Kernel Version 25.5.0: Tue Jun  9 22:27:52 PDT 2026; root:xnu-12377.121.10~1/RELEASE_ARM64_T8112	aarch64	64	ta-core=default(f64,std); ta-benchmarks=catalogue-matrix	e61c887995a7cb4277c15fdff85633db15de32a8	false
TA-Lib C	Pattern Recognition	CDLDOJI: Doji	CDLDOJI	direct C caller-owned	candle_settings=TA-Lib defaults	4096	integer	1	5588.143485431556	5566.955195162177	5605.598405717427	732980463.1320554	50	1	0	1	10	4086	fnv1a64:9e4f7ac204492dfc	verified		measured		comparable	primary caller-owned Rust/C kernel	44612	1819	direct TA_CDLDOJI call; caller output allocation excluded	catalogue_fixture_v1:f64le	fnv1a64:06be03be64d63c6c	0.6.4	43f9d5042ecc4bd367941846494ad907bf20ea50	3.12.13	0.6.4	0.6.4	2.2.3	rustc 1.93.0 (254b59607 2026-01-19)	Apple M2	Darwin 25.5.0 Darwin Kernel Version 25.5.0: Tue Jun  9 22:27:52 PDT 2026; root:xnu-12377.121.10~1/RELEASE_ARM64_T8112	aarch64	64	ta-core=default(f64,std); ta-benchmarks=catalogue-matrix	e61c887995a7cb4277c15fdff85633db15de32a8	false
TA-Lib Python	Pattern Recognition	CDLDOJI: Doji	CDLDOJI	official Python NumPy API	candle_settings=TA-Lib defaults	4096	integer	1	5958.5117135085	5931.5542241005005	6008.87099164	687419979.5083035	50	5	0	5	10	4086	fnv1a64:9e4f7ac204492dfc	verified		measured		unavailable	user-facing Python API cost; not aggregated with caller-owned kernels	40746	1752	direct talib.CDLDOJI NumPy API expression including API-owned output; fixture loading excluded	catalogue_fixture_v1:f64le	fnv1a64:06be03be64d63c6c	0.6.4	43f9d5042ecc4bd367941846494ad907bf20ea50	3.12.13	0.6.4	0.6.4	2.2.3	rustc 1.93.0 (254b59607 2026-01-19)	Apple M2	Darwin 25.5.0 Darwin Kernel Version 25.5.0: Tue Jun  9 22:27:52 PDT 2026; root:xnu-12377.121.10~1/RELEASE_ARM64_T8112	aarch64	64	ta-core=default(f64,std); ta-benchmarks=catalogue-matrix	e61c887995a7cb4277c15fdff85633db15de32a8	false
fast-ta	Pattern Recognition	CDLENGULFING: Engulfing Pattern	CDLENGULFING	Owned Compact Output	candle_settings=TA-Lib defaults	4096	integer	1	44265.824519230766	40035.057692307695	48577.22355769231	92531880.84682667	50	0	0	0	2	4094	fnv1a64:85650c50e74b19bc	verified		measured		unavailable	separate Rust execution cost; not aggregated with the direct C kernel	5364	208	IndicatorConfig::compute; API-owned Compact Output allocation included	catalogue_fixture_v1:f64le	fnv1a64:06be03be64d63c6c	0.6.4	43f9d5042ecc4bd367941846494ad907bf20ea50	3.12.13	0.6.4	0.6.4	2.2.3	rustc 1.93.0 (254b59607 2026-01-19)	Apple M2	Darwin 25.5.0 Darwin Kernel Version 25.5.0: Tue Jun  9 22:27:52 PDT 2026; root:xnu-12377.121.10~1/RELEASE_ARM64_T8112	aarch64	64	ta-core=default(f64,std); ta-benchmarks=catalogue-matrix	e61c887995a7cb4277c15fdff85633db15de32a8	false
fast-ta	Pattern Recognition	CDLENGULFING: Engulfing Pattern	CDLENGULFING	caller-owned Batch Computation	candle_settings=TA-Lib defaults	4096	integer	1	48774.33022388059	47990.05223880597	49778.994402985074	83978600.6532293	50	3	3	0	2	4094	fnv1a64:85650c50e74b19bc	verified		measured		comparable	primary caller-owned Rust/C kernel	6102	268	IndicatorConfig::compute_into; caller output allocation excluded	catalogue_fixture_v1:f64le	fnv1a64:06be03be64d63c6c	0.6.4	43f9d5042ecc4bd367941846494ad907bf20ea50	3.12.13	0.6.4	0.6.4	2.2.3	rustc 1.93.0 (254b59607 2026-01-19)	Apple M2	Darwin 25.5.0 Darwin Kernel Version 25.5.0: Tue Jun  9 22:27:52 PDT 2026; root:xnu-12377.121.10~1/RELEASE_ARM64_T8112	aarch64	64	ta-core=default(f64,std); ta-benchmarks=catalogue-matrix	e61c887995a7cb4277c15fdff85633db15de32a8	false
fast-ta	Pattern Recognition	CDLENGULFING: Engulfing Pattern	CDLENGULFING	Prepared Batch Runner	candle_settings=TA-Lib defaults	4096	integer	1	48100.3125	47730.21	48630.832500000004	85155371.91156502	50	2	2	0	2	4094	fnv1a64:85650c50e74b19bc	verified		measured		unavailable	separate Rust execution cost; not aggregated with the direct C kernel	5940	200	PreparedBatchRunner::compute_into; preparation and caller output allocation excluded	catalogue_fixture_v1:f64le	fnv1a64:06be03be64d63c6c	0.6.4	43f9d5042ecc4bd367941846494ad907bf20ea50	3.12.13	0.6.4	0.6.4	2.2.3	rustc 1.93.0 (254b59607 2026-01-19)	Apple M2	Darwin 25.5.0 Darwin Kernel Version 25.5.0: Tue Jun  9 22:27:52 PDT 2026; root:xnu-12377.121.10~1/RELEASE_ARM64_T8112	aarch64	64	ta-core=default(f64,std); ta-benchmarks=catalogue-matrix	e61c887995a7cb4277c15fdff85633db15de32a8	false
fast-ta	Pattern Recognition	CDLENGULFING: Engulfing Pattern	CDLENGULFING	Streaming Computation	candle_settings=TA-Lib defaults	4096	integer	1	50294.91206030151	50116.83417085427	50594.115577889446	81439649.30466656	50	0	0	0	2	4094	fnv1a64:85650c50e74b19bc	verified		measured		unavailable	separate Rust execution cost; not aggregated with the direct C kernel	4806	199	StreamingComputation::reset plus one next call per observation; stream and output allocation excluded	catalogue_fixture_v1:f64le	fnv1a64:06be03be64d63c6c	0.6.4	43f9d5042ecc4bd367941846494ad907bf20ea50	3.12.13	0.6.4	0.6.4	2.2.3	rustc 1.93.0 (254b59607 2026-01-19)	Apple M2	Darwin 25.5.0 Darwin Kernel Version 25.5.0: Tue Jun  9 22:27:52 PDT 2026; root:xnu-12377.121.10~1/RELEASE_ARM64_T8112	aarch64	64	ta-core=default(f64,std); ta-benchmarks=catalogue-matrix	e61c887995a7cb4277c15fdff85633db15de32a8	false
TA-Lib C	Pattern Recognition	CDLENGULFING: Engulfing Pattern	CDLENGULFING	direct C caller-owned	candle_settings=TA-Lib defaults	4096	integer	1	3978.417373737374	3976.1111111111113	3991.3046464646463	1029555125.8746308	50	3	0	3	2	4094	fnv1a64:85650c50e74b19bc	verified		measured		comparable	primary caller-owned Rust/C kernel	61875	2475	direct TA_CDLENGULFING call; caller output allocation excluded	catalogue_fixture_v1:f64le	fnv1a64:06be03be64d63c6c	0.6.4	43f9d5042ecc4bd367941846494ad907bf20ea50	3.12.13	0.6.4	0.6.4	2.2.3	rustc 1.93.0 (254b59607 2026-01-19)	Apple M2	Darwin 25.5.0 Darwin Kernel Version 25.5.0: Tue Jun  9 22:27:52 PDT 2026; root:xnu-12377.121.10~1/RELEASE_ARM64_T8112	aarch64	64	ta-core=default(f64,std); ta-benchmarks=catalogue-matrix	e61c887995a7cb4277c15fdff85633db15de32a8	false
TA-Lib Python	Pattern Recognition	CDLENGULFING: Engulfing Pattern	CDLENGULFING	official Python NumPy API	candle_settings=TA-Lib defaults	4096	integer	1	4086.8016569740003	4077.506185983	4096.972250792	1002250743.6861545	50	2	0	2	2	4094	fnv1a64:85650c50e74b19bc	verified		measured		unavailable	user-facing Python API cost; not aggregated with caller-owned kernels	56294	2667	direct talib.CDLENGULFING NumPy API expression including API-owned output; fixture loading excluded	catalogue_fixture_v1:f64le	fnv1a64:06be03be64d63c6c	0.6.4	43f9d5042ecc4bd367941846494ad907bf20ea50	3.12.13	0.6.4	0.6.4	2.2.3	rustc 1.93.0 (254b59607 2026-01-19)	Apple M2	Darwin 25.5.0 Darwin Kernel Version 25.5.0: Tue Jun  9 22:27:52 PDT 2026; root:xnu-12377.121.10~1/RELEASE_ARM64_T8112	aarch64	64	ta-core=default(f64,std); ta-benchmarks=catalogue-matrix	e61c887995a7cb4277c15fdff85633db15de32a8	false
fast-ta	Pattern Recognition	CDL3WHITESOLDIERS: Three Advancing White Soldiers	CDL3WHITESOLDIERS	Owned Compact Output	candle_settings=TA-Lib defaults	4096	integer	1	100827.06310679612	100233.00970873787	101422.73786407767	40624013.76961176	50	6	0	6	12	4084	fnv1a64:cdd2e3efc6dcb458	verified		measured		unavailable	separate Rust execution cost; not aggregated with the direct C kernel	2500	103	IndicatorConfig::compute; API-owned Compact Output allocation included	catalogue_fixture_v1:f64le	fnv1a64:06be03be64d63c6c	0.6.4	43f9d5042ecc4bd367941846494ad907bf20ea50	3.12.13	0.6.4	0.6.4	2.2.3	rustc 1.93.0 (254b59607 2026-01-19)	Apple M2	Darwin 25.5.0 Darwin Kernel Version 25.5.0: Tue Jun  9 22:27:52 PDT 2026; root:xnu-12377.121.10~1/RELEASE_ARM64_T8112	aarch64	64	ta-core=default(f64,std); ta-benchmarks=catalogue-matrix	e61c887995a7cb4277c15fdff85633db15de32a8	false
fast-ta	Pattern Recognition	CDL3WHITESOLDIERS: Three Advancing White Soldiers	CDL3WHITESOLDIERS	caller-owned Batch Computation	candle_settings=TA-Lib defaults	4096	integer	1	100466.42718446601	99732.60194174758	101907.76699029126	40769838.390682995	50	0	0	0	12	4084	fnv1a64:cdd2e3efc6dcb458	verified		measured		comparable	primary caller-owned Rust/C kernel	2493	103	IndicatorConfig::compute_into; caller output allocation excluded	catalogue_fixture_v1:f64le	fnv1a64:06be03be64d63c6c	0.6.4	43f9d5042ecc4bd367941846494ad907bf20ea50	3.12.13	0.6.4	0.6.4	2.2.3	rustc 1.93.0 (254b59607 2026-01-19)	Apple M2	Darwin 25.5.0 Darwin Kernel Version 25.5.0: Tue Jun  9 22:27:52 PDT 2026; root:xnu-12377.121.10~1/RELEASE_ARM64_T8112	aarch64	64	ta-core=default(f64,std); ta-benchmarks=catalogue-matrix	e61c887995a7cb4277c15fdff85633db15de32a8	false
fast-ta	Pattern Recognition	CDL3WHITESOLDIERS: Three Advancing White Soldiers	CDL3WHITESOLDIERS	Prepared Batch Runner	candle_settings=TA-Lib defaults	4096	integer	1	99134.36516853933	98720.03370786516	99604.39887640449	41317660.05699789	50	0	0	0	12	4084	fnv1a64:cdd2e3efc6dcb458	verified		measured		unavailable	separate Rust execution cost; not aggregated with the direct C kernel	2483	89	PreparedBatchRunner::compute_into; preparation and caller output allocation excluded	catalogue_fixture_v1:f64le	fnv1a64:06be03be64d63c6c	0.6.4	43f9d5042ecc4bd367941846494ad907bf20ea50	3.12.13	0.6.4	0.6.4	2.2.3	rustc 1.93.0 (254b59607 2026-01-19)	Apple M2	Darwin 25.5.0 Darwin Kernel Version 25.5.0: Tue Jun  9 22:27:52 PDT 2026; root:xnu-12377.121.10~1/RELEASE_ARM64_T8112	aarch64	64	ta-core=default(f64,std); ta-benchmarks=catalogue-matrix	e61c887995a7cb4277c15fdff85633db15de32a8	false
fast-ta	Pattern Recognition	CDL3WHITESOLDIERS: Three Advancing White Soldiers	CDL3WHITESOLDIERS	Streaming Computation	candle_settings=TA-Lib defaults	4096	integer	1	97769.13265306121	97542.09183673469	98077.80612244898	41894613.24705484	50	3	0	3	12	4084	fnv1a64:cdd2e3efc6dcb458	verified		measured		unavailable	separate Rust execution cost; not aggregated with the direct C kernel	2379	98	StreamingComputation::reset plus one next call per observation; stream and output allocation excluded	catalogue_fixture_v1:f64le	fnv1a64:06be03be64d63c6c	0.6.4	43f9d5042ecc4bd367941846494ad907bf20ea50	3.12.13	0.6.4	0.6.4	2.2.3	rustc 1.93.0 (254b59607 2026-01-19)	Apple M2	Darwin 25.5.0 Darwin Kernel Version 25.5.0: Tue Jun  9 22:27:52 PDT 2026; root:xnu-12377.121.10~1/RELEASE_ARM64_T8112	aarch64	64	ta-core=default(f64,std); ta-benchmarks=catalogue-matrix	e61c887995a7cb4277c15fdff85633db15de32a8	false
TA-Lib C	Pattern Recognition	CDL3WHITESOLDIERS: Three Advancing White Soldiers	CDL3WHITESOLDIERS	direct C caller-owned	candle_settings=TA-Lib defaults	4096	integer	1	20116.21968190855	20077.617296222663	20207.256461232606	203616786.0944431	50	0	0	0	12	4084	fnv1a64:cdd2e3efc6dcb458	verified		measured		comparable	primary caller-owned Rust/C kernel	12319	503	direct TA_CDL3WHITESOLDIERS call; caller output allocation excluded	catalogue_fixture_v1:f64le	fnv1a64:06be03be64d63c6c	0.6.4	43f9d5042ecc4bd367941846494ad907bf20ea50	3.12.13	0.6.4	0.6.4	2.2.3	rustc 1.93.0 (254b59607 2026-01-19)	Apple M2	Darwin 25.5.0 Darwin Kernel Version 25.5.0: Tue Jun  9 22:27:52 PDT 2026; root:xnu-12377.121.10~1/RELEASE_ARM64_T8112	aarch64	64	ta-core=default(f64,std); ta-benchmarks=catalogue-matrix	e61c887995a7cb4277c15fdff85633db15de32a8	false
TA-Lib Python	Pattern Recognition	CDL3WHITESOLDIERS: Three Advancing White Soldiers	CDL3WHITESOLDIERS	official Python NumPy API	candle_settings=TA-Lib defaults	4096	integer	1	20590.784801948	20355.460452359	20763.115624337	198923938.03331363	50	1	0	1	12	4084	fnv1a64:cdd2e3efc6dcb458	verified		measured		unavailable	user-facing Python API cost; not aggregated with caller-owned kernels	11641	467	direct talib.CDL3WHITESOLDIERS NumPy API expression including API-owned output; fixture loading excluded	catalogue_fixture_v1:f64le	fnv1a64:06be03be64d63c6c	0.6.4	43f9d5042ecc4bd367941846494ad907bf20ea50	3.12.13	0.6.4	0.6.4	2.2.3	rustc 1.93.0 (254b59607 2026-01-19)	Apple M2	Darwin 25.5.0 Darwin Kernel Version 25.5.0: Tue Jun  9 22:27:52 PDT 2026; root:xnu-12377.121.10~1/RELEASE_ARM64_T8112	aarch64	64	ta-core=default(f64,std); ta-benchmarks=catalogue-matrix	e61c887995a7cb4277c15fdff85633db15de32a8	false
fast-ta	Statistic Functions	LINEARREG: Linear Regression endpoint	LINEARREG	Owned Compact Output	timeperiod=14	4096	float	1	24331.6265060241	24260.64096385542	24428.110843373495	168340575.1352422	50	0	0	0	13	4083	fnv1a64:c686529333828bdb	verified		measured		unavailable	separate Rust execution cost; not aggregated with the direct C kernel	10151	415	IndicatorConfig::compute; API-owned Compact Output allocation included	catalogue_fixture_v1:f64le	fnv1a64:06be03be64d63c6c	0.6.4	43f9d5042ecc4bd367941846494ad907bf20ea50	3.12.13	0.6.4	0.6.4	2.2.3	rustc 1.93.0 (254b59607 2026-01-19)	Apple M2	Darwin 25.5.0 Darwin Kernel Version 25.5.0: Tue Jun  9 22:27:52 PDT 2026; root:xnu-12377.121.10~1/RELEASE_ARM64_T8112	aarch64	64	ta-core=default(f64,std); ta-benchmarks=catalogue-matrix	e61c887995a7cb4277c15fdff85633db15de32a8	false
fast-ta	Statistic Functions	LINEARREG: Linear Regression endpoint	LINEARREG	caller-owned Batch Computation	timeperiod=14	4096	float	1	24176.27331606218	24066.27720207254	24259.28238341969	169422307.00538567	50	0	0	0	13	4083	fnv1a64:c686529333828bdb	verified		measured		comparable	primary caller-owned Rust/C kernel	10299	386	IndicatorConfig::compute_into; caller output allocation excluded	catalogue_fixture_v1:f64le	fnv1a64:06be03be64d63c6c	0.6.4	43f9d5042ecc4bd367941846494ad907bf20ea50	3.12.13	0.6.4	0.6.4	2.2.3	rustc 1.93.0 (254b59607 2026-01-19)	Apple M2	Darwin 25.5.0 Darwin Kernel Version 25.5.0: Tue Jun  9 22:27:52 PDT 2026; root:xnu-12377.121.10~1/RELEASE_ARM64_T8112	aarch64	64	ta-core=default(f64,std); ta-benchmarks=catalogue-matrix	e61c887995a7cb4277c15fdff85633db15de32a8	false
fast-ta	Statistic Functions	LINEARREG: Linear Regression endpoint	LINEARREG	Prepared Batch Runner	timeperiod=14	4096	float	1	24278.887828162293	24138.723150357997	24391.40811455847	168706245.0714421	50	0	0	0	13	4083	fnv1a64:c686529333828bdb	verified		measured		unavailable	separate Rust execution cost; not aggregated with the direct C kernel	9608	419	PreparedBatchRunner::compute_into; preparation and caller output allocation excluded	catalogue_fixture_v1:f64le	fnv1a64:06be03be64d63c6c	0.6.4	43f9d5042ecc4bd367941846494ad907bf20ea50	3.12.13	0.6.4	0.6.4	2.2.3	rustc 1.93.0 (254b59607 2026-01-19)	Apple M2	Darwin 25.5.0 Darwin Kernel Version 25.5.0: Tue Jun  9 22:27:52 PDT 2026; root:xnu-12377.121.10~1/RELEASE_ARM64_T8112	aarch64	64	ta-core=default(f64,std); ta-benchmarks=catalogue-matrix	e61c887995a7cb4277c15fdff85633db15de32a8	false
fast-ta	Statistic Functions	LINEARREG: Linear Regression endpoint	LINEARREG	Streaming Computation	timeperiod=14	4096	float	1	22705.71748878924	22652.09192825112	22921.05605381166	180395092.20628533	50	7	0	7	13	4083	fnv1a64:c686529333828bdb	verified		measured		unavailable	separate Rust execution cost; not aggregated with the direct C kernel	11026	446	StreamingComputation::reset plus one next call per observation; stream and output allocation excluded	catalogue_fixture_v1:f64le	fnv1a64:06be03be64d63c6c	0.6.4	43f9d5042ecc4bd367941846494ad907bf20ea50	3.12.13	0.6.4	0.6.4	2.2.3	rustc 1.93.0 (254b59607 2026-01-19)	Apple M2	Darwin 25.5.0 Darwin Kernel Version 25.5.0: Tue Jun  9 22:27:52 PDT 2026; root:xnu-12377.121.10~1/RELEASE_ARM64_T8112	aarch64	64	ta-core=default(f64,std); ta-benchmarks=catalogue-matrix	e61c887995a7cb4277c15fdff85633db15de32a8	false
TA-Lib C	Statistic Functions	LINEARREG: Linear Regression endpoint	LINEARREG	direct C caller-owned	timeperiod=14	4096	float	1	24319.30816831683	24230.712871287127	24357.930693069306	168425843.84601304	50	0	0	0	13	4083	fnv1a64:2ff73b2ada66f93d	verified		measured		comparable	primary caller-owned Rust/C kernel	9867	404	direct TA_LINEARREG call; caller output allocation excluded	catalogue_fixture_v1:f64le	fnv1a64:06be03be64d63c6c	0.6.4	43f9d5042ecc4bd367941846494ad907bf20ea50	3.12.13	0.6.4	0.6.4	2.2.3	rustc 1.93.0 (254b59607 2026-01-19)	Apple M2	Darwin 25.5.0 Darwin Kernel Version 25.5.0: Tue Jun  9 22:27:52 PDT 2026; root:xnu-12377.121.10~1/RELEASE_ARM64_T8112	aarch64	64	ta-core=default(f64,std); ta-benchmarks=catalogue-matrix	e61c887995a7cb4277c15fdff85633db15de32a8	false
TA-Lib Python	Statistic Functions	LINEARREG: Linear Regression endpoint	LINEARREG	official Python NumPy API	timeperiod=14	4096	float	1	24572.3226737395	24497.775414672	24643.248203037	166691608.86355302	50	8	0	8	13	4083	fnv1a64:2ff73b2ada66f93d	verified		measured		unavailable	user-facing Python API cost; not aggregated with caller-owned kernels	10030	403	direct talib.LINEARREG NumPy API expression including API-owned output; fixture loading excluded	catalogue_fixture_v1:f64le	fnv1a64:06be03be64d63c6c	0.6.4	43f9d5042ecc4bd367941846494ad907bf20ea50	3.12.13	0.6.4	0.6.4	2.2.3	rustc 1.93.0 (254b59607 2026-01-19)	Apple M2	Darwin 25.5.0 Darwin Kernel Version 25.5.0: Tue Jun  9 22:27:52 PDT 2026; root:xnu-12377.121.10~1/RELEASE_ARM64_T8112	aarch64	64	ta-core=default(f64,std); ta-benchmarks=catalogue-matrix	e61c887995a7cb4277c15fdff85633db15de32a8	false
fast-ta	Price Transform	TYPPRICE: Typical Price	TYPPRICE	Owned Compact Output	none	4096	float	1	6163.412800939519	6110.160892542572	6340.991192014093	664566877.522081	50	0	0	0	0	4096	fnv1a64:cc0fe58200a02aee	verified		measured		unavailable	separate Rust execution cost; not aggregated with the direct C kernel	40401	1703	IndicatorConfig::compute; API-owned Compact Output allocation included	catalogue_fixture_v1:f64le	fnv1a64:06be03be64d63c6c	0.6.4	43f9d5042ecc4bd367941846494ad907bf20ea50	3.12.13	0.6.4	0.6.4	2.2.3	rustc 1.93.0 (254b59607 2026-01-19)	Apple M2	Darwin 25.5.0 Darwin Kernel Version 25.5.0: Tue Jun  9 22:27:52 PDT 2026; root:xnu-12377.121.10~1/RELEASE_ARM64_T8112	aarch64	64	ta-core=default(f64,std); ta-benchmarks=catalogue-matrix	e61c887995a7cb4277c15fdff85633db15de32a8	false
fast-ta	Price Transform	TYPPRICE: Typical Price	TYPPRICE	caller-owned Batch Computation	none	4096	float	1	5674.377298850574	5635.392528735632	5714.12816091954	721841320.0739583	50	2	0	2	0	4096	fnv1a64:cc0fe58200a02aee	verified		measured		comparable	primary caller-owned Rust/C kernel	41479	1740	IndicatorConfig::compute_into; caller output allocation excluded	catalogue_fixture_v1:f64le	fnv1a64:06be03be64d63c6c	0.6.4	43f9d5042ecc4bd367941846494ad907bf20ea50	3.12.13	0.6.4	0.6.4	2.2.3	rustc 1.93.0 (254b59607 2026-01-19)	Apple M2	Darwin 25.5.0 Darwin Kernel Version 25.5.0: Tue Jun  9 22:27:52 PDT 2026; root:xnu-12377.121.10~1/RELEASE_ARM64_T8112	aarch64	64	ta-core=default(f64,std); ta-benchmarks=catalogue-matrix	e61c887995a7cb4277c15fdff85633db15de32a8	false
fast-ta	Price Transform	TYPPRICE: Typical Price	TYPPRICE	Prepared Batch Runner	none	4096	float	1	5792.758014796547	5763.627620221948	6150.4315659679405	707089781.6786947	50	0	0	0	0	4096	fnv1a64:cc0fe58200a02aee	verified		measured		unavailable	separate Rust execution cost; not aggregated with the direct C kernel	44018	1622	PreparedBatchRunner::compute_into; preparation and caller output allocation excluded	catalogue_fixture_v1:f64le	fnv1a64:06be03be64d63c6c	0.6.4	43f9d5042ecc4bd367941846494ad907bf20ea50	3.12.13	0.6.4	0.6.4	2.2.3	rustc 1.93.0 (254b59607 2026-01-19)	Apple M2	Darwin 25.5.0 Darwin Kernel Version 25.5.0: Tue Jun  9 22:27:52 PDT 2026; root:xnu-12377.121.10~1/RELEASE_ARM64_T8112	aarch64	64	ta-core=default(f64,std); ta-benchmarks=catalogue-matrix	e61c887995a7cb4277c15fdff85633db15de32a8	false
fast-ta	Price Transform	TYPPRICE: Typical Price	TYPPRICE	Streaming Computation	none	4096	float	1	14779.498550724638	14728.654347826086	14824.09420289855	277140661.1626328	50	0	0	0	0	4096	fnv1a64:cc0fe58200a02aee	verified		measured		unavailable	separate Rust execution cost; not aggregated with the direct C kernel	15960	690	StreamingComputation::reset plus one next call per observation; stream and output allocation excluded	catalogue_fixture_v1:f64le	fnv1a64:06be03be64d63c6c	0.6.4	43f9d5042ecc4bd367941846494ad907bf20ea50	3.12.13	0.6.4	0.6.4	2.2.3	rustc 1.93.0 (254b59607 2026-01-19)	Apple M2	Darwin 25.5.0 Darwin Kernel Version 25.5.0: Tue Jun  9 22:27:52 PDT 2026; root:xnu-12377.121.10~1/RELEASE_ARM64_T8112	aarch64	64	ta-core=default(f64,std); ta-benchmarks=catalogue-matrix	e61c887995a7cb4277c15fdff85633db15de32a8	false
TA-Lib C	Price Transform	TYPPRICE: Typical Price	TYPPRICE	direct C caller-owned	none	4096	float	1	891.2598215066935	888.3960976463383	893.8555429171406	4595741781.645251	50	1	0	1	0	4096	fnv1a64:cc0fe58200a02aee	verified		measured		comparable	primary caller-owned Rust/C kernel	270040	11429	direct TA_TYPPRICE call; caller output allocation excluded	catalogue_fixture_v1:f64le	fnv1a64:06be03be64d63c6c	0.6.4	43f9d5042ecc4bd367941846494ad907bf20ea50	3.12.13	0.6.4	0.6.4	2.2.3	rustc 1.93.0 (254b59607 2026-01-19)	Apple M2	Darwin 25.5.0 Darwin Kernel Version 25.5.0: Tue Jun  9 22:27:52 PDT 2026; root:xnu-12377.121.10~1/RELEASE_ARM64_T8112	aarch64	64	ta-core=default(f64,std); ta-benchmarks=catalogue-matrix	e61c887995a7cb4277c15fdff85633db15de32a8	false
TA-Lib Python	Price Transform	TYPPRICE: Typical Price	TYPPRICE	official Python NumPy API	none	4096	float	1	940.6193618985	937.139921126	948.352258488	4354577596.332734	50	4	0	4	0	4096	fnv1a64:cc0fe58200a02aee	verified		measured		unavailable	user-facing Python API cost; not aggregated with caller-owned kernels	189074	8562	direct talib.TYPPRICE NumPy API expression including API-owned output; fixture loading excluded	catalogue_fixture_v1:f64le	fnv1a64:06be03be64d63c6c	0.6.4	43f9d5042ecc4bd367941846494ad907bf20ea50	3.12.13	0.6.4	0.6.4	2.2.3	rustc 1.93.0 (254b59607 2026-01-19)	Apple M2	Darwin 25.5.0 Darwin Kernel Version 25.5.0: Tue Jun  9 22:27:52 PDT 2026; root:xnu-12377.121.10~1/RELEASE_ARM64_T8112	aarch64	64	ta-core=default(f64,std); ta-benchmarks=catalogue-matrix	e61c887995a7cb4277c15fdff85633db15de32a8	false
fast-ta	Volume Indicators	OBV: On Balance Volume	OBV	Owned Compact Output	none	4096	float	1	7539.455269143291	7459.865428354814	7571.108415466262	543275323.4525694	50	0	0	0	0	4096	fnv1a64:6576c3bc827e5b5e	verified		measured		unavailable	separate Rust execution cost; not aggregated with the direct C kernel	32916	1319	IndicatorConfig::compute; API-owned Compact Output allocation included	catalogue_fixture_v1:f64le	fnv1a64:06be03be64d63c6c	0.6.4	43f9d5042ecc4bd367941846494ad907bf20ea50	3.12.13	0.6.4	0.6.4	2.2.3	rustc 1.93.0 (254b59607 2026-01-19)	Apple M2	Darwin 25.5.0 Darwin Kernel Version 25.5.0: Tue Jun  9 22:27:52 PDT 2026; root:xnu-12377.121.10~1/RELEASE_ARM64_T8112	aarch64	64	ta-core=default(f64,std); ta-benchmarks=catalogue-matrix	e61c887995a7cb4277c15fdff85633db15de32a8	false
fast-ta	Volume Indicators	OBV: On Balance Volume	OBV	caller-owned Batch Computation	none	4096	float	1	6846.316977077364	6827.02041547278	6863.762535816619	598277878.9988991	50	0	0	0	0	4096	fnv1a64:6576c3bc827e5b5e	verified		measured		comparable	primary caller-owned Rust/C kernel	35670	1396	IndicatorConfig::compute_into; caller output allocation excluded	catalogue_fixture_v1:f64le	fnv1a64:06be03be64d63c6c	0.6.4	43f9d5042ecc4bd367941846494ad907bf20ea50	3.12.13	0.6.4	0.6.4	2.2.3	rustc 1.93.0 (254b59607 2026-01-19)	Apple M2	Darwin 25.5.0 Darwin Kernel Version 25.5.0: Tue Jun  9 22:27:52 PDT 2026; root:xnu-12377.121.10~1/RELEASE_ARM64_T8112	aarch64	64	ta-core=default(f64,std); ta-benchmarks=catalogue-matrix	e61c887995a7cb4277c15fdff85633db15de32a8	false
fast-ta	Volume Indicators	OBV: On Balance Volume	OBV	Prepared Batch Runner	none	4096	float	1	6865.190397350993	6842.6874172185435	6888.548344370861	596633124.9284048	50	1	1	0	0	4096	fnv1a64:6576c3bc827e5b5e	verified		measured		unavailable	separate Rust execution cost; not aggregated with the direct C kernel	36420	1510	PreparedBatchRunner::compute_into; preparation and caller output allocation excluded	catalogue_fixture_v1:f64le	fnv1a64:06be03be64d63c6c	0.6.4	43f9d5042ecc4bd367941846494ad907bf20ea50	3.12.13	0.6.4	0.6.4	2.2.3	rustc 1.93.0 (254b59607 2026-01-19)	Apple M2	Darwin 25.5.0 Darwin Kernel Version 25.5.0: Tue Jun  9 22:27:52 PDT 2026; root:xnu-12377.121.10~1/RELEASE_ARM64_T8112	aarch64	64	ta-core=default(f64,std); ta-benchmarks=catalogue-matrix	e61c887995a7cb4277c15fdff85633db15de32a8	false
fast-ta	Volume Indicators	OBV: On Balance Volume	OBV	Streaming Computation	none	4096	float	1	23225.957471264366	23191.954022988506	23261.637931034486	176354408.85774702	50	0	0	0	0	4096	fnv1a64:6576c3bc827e5b5e	verified		measured		unavailable	separate Rust execution cost; not aggregated with the direct C kernel	10769	435	StreamingComputation::reset plus one next call per observation; stream and output allocation excluded	catalogue_fixture_v1:f64le	fnv1a64:06be03be64d63c6c	0.6.4	43f9d5042ecc4bd367941846494ad907bf20ea50	3.12.13	0.6.4	0.6.4	2.2.3	rustc 1.93.0 (254b59607 2026-01-19)	Apple M2	Darwin 25.5.0 Darwin Kernel Version 25.5.0: Tue Jun  9 22:27:52 PDT 2026; root:xnu-12377.121.10~1/RELEASE_ARM64_T8112	aarch64	64	ta-core=default(f64,std); ta-benchmarks=catalogue-matrix	e61c887995a7cb4277c15fdff85633db15de32a8	false
TA-Lib C	Volume Indicators	OBV: On Balance Volume	OBV	direct C caller-owned	none	4096	float	1	3951.016640563821	3944.4416601409553	3986.597689898199	1036695203.4440153	50	5	2	3	0	4096	fnv1a64:6576c3bc827e5b5e	verified		measured		comparable	primary caller-owned Rust/C kernel	67427	2554	direct TA_OBV call; caller output allocation excluded	catalogue_fixture_v1:f64le	fnv1a64:06be03be64d63c6c	0.6.4	43f9d5042ecc4bd367941846494ad907bf20ea50	3.12.13	0.6.4	0.6.4	2.2.3	rustc 1.93.0 (254b59607 2026-01-19)	Apple M2	Darwin 25.5.0 Darwin Kernel Version 25.5.0: Tue Jun  9 22:27:52 PDT 2026; root:xnu-12377.121.10~1/RELEASE_ARM64_T8112	aarch64	64	ta-core=default(f64,std); ta-benchmarks=catalogue-matrix	e61c887995a7cb4277c15fdff85633db15de32a8	false
TA-Lib Python	Volume Indicators	OBV: On Balance Volume	OBV	official Python NumPy API	none	4096	float	1	3755.975188868	3747.625976743	3775.621515287	1090529035.4791932	50	5	0	5	0	4096	fnv1a64:6576c3bc827e5b5e	verified		measured		unavailable	user-facing Python API cost; not aggregated with caller-owned kernels	60845	2580	direct talib.OBV NumPy API expression including API-owned output; fixture loading excluded	catalogue_fixture_v1:f64le	fnv1a64:06be03be64d63c6c	0.6.4	43f9d5042ecc4bd367941846494ad907bf20ea50	3.12.13	0.6.4	0.6.4	2.2.3	rustc 1.93.0 (254b59607 2026-01-19)	Apple M2	Darwin 25.5.0 Darwin Kernel Version 25.5.0: Tue Jun  9 22:27:52 PDT 2026; root:xnu-12377.121.10~1/RELEASE_ARM64_T8112	aarch64	64	ta-core=default(f64,std); ta-benchmarks=catalogue-matrix	e61c887995a7cb4277c15fdff85633db15de32a8	false
fast-ta	Math Transform	SIN: Vector Trigonometric Sine	SIN	Owned Compact Output	none	4096	float	1	15881.856692913385	15848.327559055118	15919.094488188977	257904354.5851707	50	0	0	0	0	4096	fnv1a64:91be4763beb470e2	verified		measured		unavailable	separate Rust execution cost; not aggregated with the direct C kernel	15374	635	IndicatorConfig::compute; API-owned Compact Output allocation included	catalogue_fixture_v1:f64le	fnv1a64:06be03be64d63c6c	0.6.4	43f9d5042ecc4bd367941846494ad907bf20ea50	3.12.13	0.6.4	0.6.4	2.2.3	rustc 1.93.0 (254b59607 2026-01-19)	Apple M2	Darwin 25.5.0 Darwin Kernel Version 25.5.0: Tue Jun  9 22:27:52 PDT 2026; root:xnu-12377.121.10~1/RELEASE_ARM64_T8112	aarch64	64	ta-core=default(f64,std); ta-benchmarks=catalogue-matrix	e61c887995a7cb4277c15fdff85633db15de32a8	false
fast-ta	Math Transform	SIN: Vector Trigonometric Sine	SIN	caller-owned Batch Computation	none	4096	float	1	15989.961417322835	15926.377952755905	16908.727559055118	256160718.15924272	50	0	0	0	0	4096	fnv1a64:91be4763beb470e2	verified		measured		comparable	primary caller-owned Rust/C kernel	15384	635	IndicatorConfig::compute_into; caller output allocation excluded	catalogue_fixture_v1:f64le	fnv1a64:06be03be64d63c6c	0.6.4	43f9d5042ecc4bd367941846494ad907bf20ea50	3.12.13	0.6.4	0.6.4	2.2.3	rustc 1.93.0 (254b59607 2026-01-19)	Apple M2	Darwin 25.5.0 Darwin Kernel Version 25.5.0: Tue Jun  9 22:27:52 PDT 2026; root:xnu-12377.121.10~1/RELEASE_ARM64_T8112	aarch64	64	ta-core=default(f64,std); ta-benchmarks=catalogue-matrix	e61c887995a7cb4277c15fdff85633db15de32a8	false
fast-ta	Math Transform	SIN: Vector Trigonometric Sine	SIN	Prepared Batch Runner	none	4096	float	1	15660.017171717172	15554.965656565657	15901.892929292928	261557823.02701396	50	0	0	0	0	4096	fnv1a64:91be4763beb470e2	verified		measured		unavailable	separate Rust execution cost; not aggregated with the direct C kernel	14574	495	PreparedBatchRunner::compute_into; preparation and caller output allocation excluded	catalogue_fixture_v1:f64le	fnv1a64:06be03be64d63c6c	0.6.4	43f9d5042ecc4bd367941846494ad907bf20ea50	3.12.13	0.6.4	0.6.4	2.2.3	rustc 1.93.0 (254b59607 2026-01-19)	Apple M2	Darwin 25.5.0 Darwin Kernel Version 25.5.0: Tue Jun  9 22:27:52 PDT 2026; root:xnu-12377.121.10~1/RELEASE_ARM64_T8112	aarch64	64	ta-core=default(f64,std); ta-benchmarks=catalogue-matrix	e61c887995a7cb4277c15fdff85633db15de32a8	false
fast-ta	Math Transform	SIN: Vector Trigonometric Sine	SIN	Streaming Computation	none	4096	float	1	15860.550822122572	15103.948430493274	16009.217488789238	258250803.89306706	50	0	0	0	0	4096	fnv1a64:91be4763beb470e2	verified		measured		unavailable	separate Rust execution cost; not aggregated with the direct C kernel	16659	669	StreamingComputation::reset plus one next call per observation; stream and output allocation excluded	catalogue_fixture_v1:f64le	fnv1a64:06be03be64d63c6c	0.6.4	43f9d5042ecc4bd367941846494ad907bf20ea50	3.12.13	0.6.4	0.6.4	2.2.3	rustc 1.93.0 (254b59607 2026-01-19)	Apple M2	Darwin 25.5.0 Darwin Kernel Version 25.5.0: Tue Jun  9 22:27:52 PDT 2026; root:xnu-12377.121.10~1/RELEASE_ARM64_T8112	aarch64	64	ta-core=default(f64,std); ta-benchmarks=catalogue-matrix	e61c887995a7cb4277c15fdff85633db15de32a8	false
TA-Lib C	Math Transform	SIN: Vector Trigonometric Sine	SIN	direct C caller-owned	none	4096	float	1	13984.962809917355	13954.803719008265	14013.487603305784	292886013.0464806	50	0	0	0	0	4096	fnv1a64:91be4763beb470e2	verified		measured		comparable	primary caller-owned Rust/C kernel	17878	726	direct TA_SIN call; caller output allocation excluded	catalogue_fixture_v1:f64le	fnv1a64:06be03be64d63c6c	0.6.4	43f9d5042ecc4bd367941846494ad907bf20ea50	3.12.13	0.6.4	0.6.4	2.2.3	rustc 1.93.0 (254b59607 2026-01-19)	Apple M2	Darwin 25.5.0 Darwin Kernel Version 25.5.0: Tue Jun  9 22:27:52 PDT 2026; root:xnu-12377.121.10~1/RELEASE_ARM64_T8112	aarch64	64	ta-core=default(f64,std); ta-benchmarks=catalogue-matrix	e61c887995a7cb4277c15fdff85633db15de32a8	false
TA-Lib Python	Math Transform	SIN: Vector Trigonometric Sine	SIN	official Python NumPy API	none	4096	float	1	14097.826040400501	14059.840071931	14141.4207619255	290541249.9957077	50	0	0	0	0	4096	fnv1a64:91be4763beb470e2	verified		measured		unavailable	user-facing Python API cost; not aggregated with caller-owned kernels	17234	713	direct talib.SIN NumPy API expression including API-owned output; fixture loading excluded	catalogue_fixture_v1:f64le	fnv1a64:06be03be64d63c6c	0.6.4	43f9d5042ecc4bd367941846494ad907bf20ea50	3.12.13	0.6.4	0.6.4	2.2.3	rustc 1.93.0 (254b59607 2026-01-19)	Apple M2	Darwin 25.5.0 Darwin Kernel Version 25.5.0: Tue Jun  9 22:27:52 PDT 2026; root:xnu-12377.121.10~1/RELEASE_ARM64_T8112	aarch64	64	ta-core=default(f64,std); ta-benchmarks=catalogue-matrix	e61c887995a7cb4277c15fdff85633db15de32a8	false
fast-ta	Math Operators	ADD: Vector Arithmetic Add	ADD	Owned Compact Output	none	4096	float	1	4442.063877642826	4410.443769680613	4516.156545209177	922093898.8778198	50	0	0	0	0	4096	fnv1a64:d50f71f555286fae	verified		measured		unavailable	separate Rust execution cost; not aggregated with the direct C kernel	54140	2223	IndicatorConfig::compute; API-owned Compact Output allocation included	catalogue_fixture_v1:f64le	fnv1a64:06be03be64d63c6c	0.6.4	43f9d5042ecc4bd367941846494ad907bf20ea50	3.12.13	0.6.4	0.6.4	2.2.3	rustc 1.93.0 (254b59607 2026-01-19)	Apple M2	Darwin 25.5.0 Darwin Kernel Version 25.5.0: Tue Jun  9 22:27:52 PDT 2026; root:xnu-12377.121.10~1/RELEASE_ARM64_T8112	aarch64	64	ta-core=default(f64,std); ta-benchmarks=catalogue-matrix	e61c887995a7cb4277c15fdff85633db15de32a8	false
fast-ta	Math Operators	ADD: Vector Arithmetic Add	ADD	caller-owned Batch Computation	none	4096	float	1	4094.9500000000003	4041.5998	4126.3584	1000256413.3872207	50	4	0	4	0	4096	fnv1a64:d50f71f555286fae	verified		measured		comparable	primary caller-owned Rust/C kernel	57855	2500	IndicatorConfig::compute_into; caller output allocation excluded	catalogue_fixture_v1:f64le	fnv1a64:06be03be64d63c6c	0.6.4	43f9d5042ecc4bd367941846494ad907bf20ea50	3.12.13	0.6.4	0.6.4	2.2.3	rustc 1.93.0 (254b59607 2026-01-19)	Apple M2	Darwin 25.5.0 Darwin Kernel Version 25.5.0: Tue Jun  9 22:27:52 PDT 2026; root:xnu-12377.121.10~1/RELEASE_ARM64_T8112	aarch64	64	ta-core=default(f64,std); ta-benchmarks=catalogue-matrix	e61c887995a7cb4277c15fdff85633db15de32a8	false
fast-ta	Math Operators	ADD: Vector Arithmetic Add	ADD	Prepared Batch Runner	none	4096	float	1	3843.891321193336	3817.1251452925226	3888.1894614490507	1065586838.3730466	50	0	0	0	0	4096	fnv1a64:d50f71f555286fae	verified		measured		unavailable	separate Rust execution cost; not aggregated with the direct C kernel	63918	2581	PreparedBatchRunner::compute_into; preparation and caller output allocation excluded	catalogue_fixture_v1:f64le	fnv1a64:06be03be64d63c6c	0.6.4	43f9d5042ecc4bd367941846494ad907bf20ea50	3.12.13	0.6.4	0.6.4	2.2.3	rustc 1.93.0 (254b59607 2026-01-19)	Apple M2	Darwin 25.5.0 Darwin Kernel Version 25.5.0: Tue Jun  9 22:27:52 PDT 2026; root:xnu-12377.121.10~1/RELEASE_ARM64_T8112	aarch64	64	ta-core=default(f64,std); ta-benchmarks=catalogue-matrix	e61c887995a7cb4277c15fdff85633db15de32a8	false
fast-ta	Math Operators	ADD: Vector Arithmetic Add	ADD	Streaming Computation	none	4096	float	1	4631.931484876261	4603.670027497708	4661.043079743355	884296327.2176774	50	8	0	8	0	4096	fnv1a64:d50f71f555286fae	verified		measured		unavailable	separate Rust execution cost; not aggregated with the direct C kernel	53932	2182	StreamingComputation::reset plus one next call per observation; stream and output allocation excluded	catalogue_fixture_v1:f64le	fnv1a64:06be03be64d63c6c	0.6.4	43f9d5042ecc4bd367941846494ad907bf20ea50	3.12.13	0.6.4	0.6.4	2.2.3	rustc 1.93.0 (254b59607 2026-01-19)	Apple M2	Darwin 25.5.0 Darwin Kernel Version 25.5.0: Tue Jun  9 22:27:52 PDT 2026; root:xnu-12377.121.10~1/RELEASE_ARM64_T8112	aarch64	64	ta-core=default(f64,std); ta-benchmarks=catalogue-matrix	e61c887995a7cb4277c15fdff85633db15de32a8	false
TA-Lib C	Math Operators	ADD: Vector Arithmetic Add	ADD	direct C caller-owned	none	4096	float	1	561.6172566371681	549.663191840408	576.9289785510725	7293223189.981525	50	1	0	1	0	4096	fnv1a64:d50f71f555286fae	verified		measured		comparable	primary caller-owned Rust/C kernel	414503	13334	direct TA_ADD call; caller output allocation excluded	catalogue_fixture_v1:f64le	fnv1a64:06be03be64d63c6c	0.6.4	43f9d5042ecc4bd367941846494ad907bf20ea50	3.12.13	0.6.4	0.6.4	2.2.3	rustc 1.93.0 (254b59607 2026-01-19)	Apple M2	Darwin 25.5.0 Darwin Kernel Version 25.5.0: Tue Jun  9 22:27:52 PDT 2026; root:xnu-12377.121.10~1/RELEASE_ARM64_T8112	aarch64	64	ta-core=default(f64,std); ta-benchmarks=catalogue-matrix	e61c887995a7cb4277c15fdff85633db15de32a8	false
TA-Lib Python	Math Operators	ADD: Vector Arithmetic Add	ADD	official Python NumPy API	none	4096	float	1	666.2706900455	660.732003156	675.945670388	6147651489.397323	50	0	0	0	0	4096	fnv1a64:d50f71f555286fae	verified		measured		unavailable	user-facing Python API cost; not aggregated with caller-owned kernels	248831	12627	direct talib.ADD NumPy API expression including API-owned output; fixture loading excluded	catalogue_fixture_v1:f64le	fnv1a64:06be03be64d63c6c	0.6.4	43f9d5042ecc4bd367941846494ad907bf20ea50	3.12.13	0.6.4	0.6.4	2.2.3	rustc 1.93.0 (254b59607 2026-01-19)	Apple M2	Darwin 25.5.0 Darwin Kernel Version 25.5.0: Tue Jun  9 22:27:52 PDT 2026; root:xnu-12377.121.10~1/RELEASE_ARM64_T8112	aarch64	64	ta-core=default(f64,std); ta-benchmarks=catalogue-matrix	e61c887995a7cb4277c15fdff85633db15de32a8	false
fast-ta	Overlap Studies	SMA: Simple Moving Average	SMA	Owned Compact Output	timeperiod=14	65536	float	1	97371.21212121213	96784.93434343435	97758.83838383839	673053139.3449	50	9	9	0	13	65523	fnv1a64:af3bde69a6a8b06c	verified		measured		unavailable	separate Rust execution cost; not aggregated with the direct C kernel	2534	99	IndicatorConfig::compute; API-owned Compact Output allocation included	catalogue_fixture_v1:f64le	fnv1a64:a4171d0a7611733a	0.6.4	43f9d5042ecc4bd367941846494ad907bf20ea50	3.12.13	0.6.4	0.6.4	2.2.3	rustc 1.93.0 (254b59607 2026-01-19)	Apple M2	Darwin 25.5.0 Darwin Kernel Version 25.5.0: Tue Jun  9 22:27:52 PDT 2026; root:xnu-12377.121.10~1/RELEASE_ARM64_T8112	aarch64	64	ta-core=default(f64,std); ta-benchmarks=catalogue-matrix	e61c887995a7cb4277c15fdff85633db15de32a8	false
fast-ta	Overlap Studies	SMA: Simple Moving Average	SMA	caller-owned Batch Computation	timeperiod=14	65536	float	1	87381.3947368421	87059.5701754386	87631.21929824562	749999472.969827	50	0	0	0	13	65523	fnv1a64:af3bde69a6a8b06c	verified		measured		comparable	primary caller-owned Rust/C kernel	2868	114	IndicatorConfig::compute_into; caller output allocation excluded	catalogue_fixture_v1:f64le	fnv1a64:a4171d0a7611733a	0.6.4	43f9d5042ecc4bd367941846494ad907bf20ea50	3.12.13	0.6.4	0.6.4	2.2.3	rustc 1.93.0 (254b59607 2026-01-19)	Apple M2	Darwin 25.5.0 Darwin Kernel Version 25.5.0: Tue Jun  9 22:27:52 PDT 2026; root:xnu-12377.121.10~1/RELEASE_ARM64_T8112	aarch64	64	ta-core=default(f64,std); ta-benchmarks=catalogue-matrix	e61c887995a7cb4277c15fdff85633db15de32a8	false
fast-ta	Overlap Studies	SMA: Simple Moving Average	SMA	Prepared Batch Runner	timeperiod=14	65536	float	1	90739.4051724138	90544.53448275862	91146.91433189655	722244099.7433822	50	4	0	4	13	65523	fnv1a64:af3bde69a6a8b06c	verified		measured		unavailable	separate Rust execution cost; not aggregated with the direct C kernel	2852	116	PreparedBatchRunner::compute_into; preparation and caller output allocation excluded	catalogue_fixture_v1:f64le	fnv1a64:a4171d0a7611733a	0.6.4	43f9d5042ecc4bd367941846494ad907bf20ea50	3.12.13	0.6.4	0.6.4	2.2.3	rustc 1.93.0 (254b59607 2026-01-19)	Apple M2	Darwin 25.5.0 Darwin Kernel Version 25.5.0: Tue Jun  9 22:27:52 PDT 2026; root:xnu-12377.121.10~1/RELEASE_ARM64_T8112	aarch64	64	ta-core=default(f64,std); ta-benchmarks=catalogue-matrix	e61c887995a7cb4277c15fdff85633db15de32a8	false
fast-ta	Overlap Studies	SMA: Simple Moving Average	SMA	Streaming Computation	timeperiod=14	65536	float	1	327410.15625	326295.578125	329306.625	200164835.29594234	50	2	0	2	13	65523	fnv1a64:af3bde69a6a8b06c	verified		measured		unavailable	separate Rust execution cost; not aggregated with the direct C kernel	762	32	StreamingComputation::reset plus one next call per observation; stream and output allocation excluded	catalogue_fixture_v1:f64le	fnv1a64:a4171d0a7611733a	0.6.4	43f9d5042ecc4bd367941846494ad907bf20ea50	3.12.13	0.6.4	0.6.4	2.2.3	rustc 1.93.0 (254b59607 2026-01-19)	Apple M2	Darwin 25.5.0 Darwin Kernel Version 25.5.0: Tue Jun  9 22:27:52 PDT 2026; root:xnu-12377.121.10~1/RELEASE_ARM64_T8112	aarch64	64	ta-core=default(f64,std); ta-benchmarks=catalogue-matrix	e61c887995a7cb4277c15fdff85633db15de32a8	false
TA-Lib C	Overlap Studies	SMA: Simple Moving Average	SMA	direct C caller-owned	timeperiod=14	65536	float	1	118675.62209302327	118500.72674418605	119468.7558139535	552227987.8897955	50	0	0	0	13	65523	fnv1a64:f15ad23244873212	verified		measured		comparable	primary caller-owned Rust/C kernel	2100	86	direct TA_SMA call; caller output allocation excluded	catalogue_fixture_v1:f64le	fnv1a64:a4171d0a7611733a	0.6.4	43f9d5042ecc4bd367941846494ad907bf20ea50	3.12.13	0.6.4	0.6.4	2.2.3	rustc 1.93.0 (254b59607 2026-01-19)	Apple M2	Darwin 25.5.0 Darwin Kernel Version 25.5.0: Tue Jun  9 22:27:52 PDT 2026; root:xnu-12377.121.10~1/RELEASE_ARM64_T8112	aarch64	64	ta-core=default(f64,std); ta-benchmarks=catalogue-matrix	e61c887995a7cb4277c15fdff85633db15de32a8	false
TA-Lib Python	Overlap Studies	SMA: Simple Moving Average	SMA	official Python NumPy API	timeperiod=14	65536	float	1	121355.1831159105	120061.999839935	121706.5550807135	540034618.3599287	50	0	0	0	13	65523	fnv1a64:f15ad23244873212	verified		measured		unavailable	user-facing Python API cost; not aggregated with caller-owned kernels	2047	82	direct talib.SMA NumPy API expression including API-owned output; fixture loading excluded	catalogue_fixture_v1:f64le	fnv1a64:a4171d0a7611733a	0.6.4	43f9d5042ecc4bd367941846494ad907bf20ea50	3.12.13	0.6.4	0.6.4	2.2.3	rustc 1.93.0 (254b59607 2026-01-19)	Apple M2	Darwin 25.5.0 Darwin Kernel Version 25.5.0: Tue Jun  9 22:27:52 PDT 2026; root:xnu-12377.121.10~1/RELEASE_ARM64_T8112	aarch64	64	ta-core=default(f64,std); ta-benchmarks=catalogue-matrix	e61c887995a7cb4277c15fdff85633db15de32a8	false
fast-ta	Overlap Studies	BBANDS: Bollinger Bands	BBANDS	Owned Compact Output	timeperiod=20;nbdevup=2;nbdevdn=2;matype=SMA	65536	float	3	270594.85526315786	268394.7368421053	272486.84210526315	242192335.60913485	50	6	0	6	19	65517	fnv1a64:d9001fec0702c969	verified		measured		unavailable	separate Rust execution cost; not aggregated with the direct C kernel	917	38	IndicatorConfig::compute; API-owned Compact Output allocation included	catalogue_fixture_v1:f64le	fnv1a64:a4171d0a7611733a	0.6.4	43f9d5042ecc4bd367941846494ad907bf20ea50	3.12.13	0.6.4	0.6.4	2.2.3	rustc 1.93.0 (254b59607 2026-01-19)	Apple M2	Darwin 25.5.0 Darwin Kernel Version 25.5.0: Tue Jun  9 22:27:52 PDT 2026; root:xnu-12377.121.10~1/RELEASE_ARM64_T8112	aarch64	64	ta-core=default(f64,std); ta-benchmarks=catalogue-matrix	e61c887995a7cb4277c15fdff85633db15de32a8	false
fast-ta	Overlap Studies	BBANDS: Bollinger Bands	BBANDS	caller-owned Batch Computation	timeperiod=20;nbdevup=2;nbdevdn=2;matype=SMA	65536	float	3	293625	285250	311833.5	223196253.72498935	50	8	0	8	19	65517	fnv1a64:d9001fec0702c969	verified		measured		comparable	primary caller-owned Rust/C kernel	788	2	IndicatorConfig::compute_into; caller output allocation excluded	catalogue_fixture_v1:f64le	fnv1a64:a4171d0a7611733a	0.6.4	43f9d5042ecc4bd367941846494ad907bf20ea50	3.12.13	0.6.4	0.6.4	2.2.3	rustc 1.93.0 (254b59607 2026-01-19)	Apple M2	Darwin 25.5.0 Darwin Kernel Version 25.5.0: Tue Jun  9 22:27:52 PDT 2026; root:xnu-12377.121.10~1/RELEASE_ARM64_T8112	aarch64	64	ta-core=default(f64,std); ta-benchmarks=catalogue-matrix	e61c887995a7cb4277c15fdff85633db15de32a8	false
fast-ta	Overlap Studies	BBANDS: Bollinger Bands	BBANDS	Prepared Batch Runner	timeperiod=20;nbdevup=2;nbdevdn=2;matype=SMA	65536	float	3	266738.78205128206	264687.4871794872	270168.7948717949	245693556.43005195	50	5	0	5	19	65517	fnv1a64:d9001fec0702c969	verified		measured		unavailable	separate Rust execution cost; not aggregated with the direct C kernel	944	39	PreparedBatchRunner::compute_into; preparation and caller output allocation excluded	catalogue_fixture_v1:f64le	fnv1a64:a4171d0a7611733a	0.6.4	43f9d5042ecc4bd367941846494ad907bf20ea50	3.12.13	0.6.4	0.6.4	2.2.3	rustc 1.93.0 (254b59607 2026-01-19)	Apple M2	Darwin 25.5.0 Darwin Kernel Version 25.5.0: Tue Jun  9 22:27:52 PDT 2026; root:xnu-12377.121.10~1/RELEASE_ARM64_T8112	aarch64	64	ta-core=default(f64,std); ta-benchmarks=catalogue-matrix	e61c887995a7cb4277c15fdff85633db15de32a8	false
fast-ta	Overlap Studies	BBANDS: Bollinger Bands	BBANDS	Streaming Computation	timeperiod=20;nbdevup=2;nbdevdn=2;matype=SMA	65536	float	3	448715.5652173913	445288.04347826086	454040.7391304348	146052432.94435188	50	1	0	1	19	65517	fnv1a64:d9001fec0702c969	verified		measured		unavailable	separate Rust execution cost; not aggregated with the direct C kernel	552	23	StreamingComputation::reset plus one next call per observation; stream and output allocation excluded	catalogue_fixture_v1:f64le	fnv1a64:a4171d0a7611733a	0.6.4	43f9d5042ecc4bd367941846494ad907bf20ea50	3.12.13	0.6.4	0.6.4	2.2.3	rustc 1.93.0 (254b59607 2026-01-19)	Apple M2	Darwin 25.5.0 Darwin Kernel Version 25.5.0: Tue Jun  9 22:27:52 PDT 2026; root:xnu-12377.121.10~1/RELEASE_ARM64_T8112	aarch64	64	ta-core=default(f64,std); ta-benchmarks=catalogue-matrix	e61c887995a7cb4277c15fdff85633db15de32a8	false
TA-Lib C	Overlap Studies	BBANDS: Bollinger Bands	BBANDS	direct C caller-owned	timeperiod=20;nbdevup=2;nbdevdn=2;matype=SMA	65536	float	3	347739.2068965517	345797.4137931034	350546.6896551724	188463074.33920208	50	1	0	1	19	65517	fnv1a64:25bf9c5b84b4c3ac	verified		measured		comparable	primary caller-owned Rust/C kernel	717	29	direct TA_BBANDS call; caller output allocation excluded	catalogue_fixture_v1:f64le	fnv1a64:a4171d0a7611733a	0.6.4	43f9d5042ecc4bd367941846494ad907bf20ea50	3.12.13	0.6.4	0.6.4	2.2.3	rustc 1.93.0 (254b59607 2026-01-19)	Apple M2	Darwin 25.5.0 Darwin Kernel Version 25.5.0: Tue Jun  9 22:27:52 PDT 2026; root:xnu-12377.121.10~1/RELEASE_ARM64_T8112	aarch64	64	ta-core=default(f64,std); ta-benchmarks=catalogue-matrix	e61c887995a7cb4277c15fdff85633db15de32a8	false
TA-Lib Python	Overlap Studies	BBANDS: Bollinger Bands	BBANDS	official Python NumPy API	timeperiod=20;nbdevup=2;nbdevdn=2;matype=SMA	65536	float	3	350659.4833291685	349060.345264473	351953.30916582746	186893562.31806377	50	9	5	4	19	65517	fnv1a64:25bf9c5b84b4c3ac	verified		measured		unavailable	user-facing Python API cost; not aggregated with caller-owned kernels	713	29	direct talib.BBANDS NumPy API expression including API-owned output; fixture loading excluded	catalogue_fixture_v1:f64le	fnv1a64:a4171d0a7611733a	0.6.4	43f9d5042ecc4bd367941846494ad907bf20ea50	3.12.13	0.6.4	0.6.4	2.2.3	rustc 1.93.0 (254b59607 2026-01-19)	Apple M2	Darwin 25.5.0 Darwin Kernel Version 25.5.0: Tue Jun  9 22:27:52 PDT 2026; root:xnu-12377.121.10~1/RELEASE_ARM64_T8112	aarch64	64	ta-core=default(f64,std); ta-benchmarks=catalogue-matrix	e61c887995a7cb4277c15fdff85633db15de32a8	false
fast-ta	Momentum Indicators	RSI: Relative Strength Index	RSI	Owned Compact Output	timeperiod=14	65536	float	1	369771.5714285714	367784.21428571426	374672.64285714284	177233743.9214403	50	3	0	3	14	65522	fnv1a64:b3cd1ba41e0575e9	verified		measured		unavailable	separate Rust execution cost; not aggregated with the direct C kernel	674	28	IndicatorConfig::compute; API-owned Compact Output allocation included	catalogue_fixture_v1:f64le	fnv1a64:a4171d0a7611733a	0.6.4	43f9d5042ecc4bd367941846494ad907bf20ea50	3.12.13	0.6.4	0.6.4	2.2.3	rustc 1.93.0 (254b59607 2026-01-19)	Apple M2	Darwin 25.5.0 Darwin Kernel Version 25.5.0: Tue Jun  9 22:27:52 PDT 2026; root:xnu-12377.121.10~1/RELEASE_ARM64_T8112	aarch64	64	ta-core=default(f64,std); ta-benchmarks=catalogue-matrix	e61c887995a7cb4277c15fdff85633db15de32a8	false
fast-ta	Momentum Indicators	RSI: Relative Strength Index	RSI	caller-owned Batch Computation	timeperiod=14	65536	float	1	362508.1785714286	361520.8214285714	363117.5714285714	180784886.72521576	50	0	0	0	14	65522	fnv1a64:b3cd1ba41e0575e9	verified		measured		comparable	primary caller-owned Rust/C kernel	677	28	IndicatorConfig::compute_into; caller output allocation excluded	catalogue_fixture_v1:f64le	fnv1a64:a4171d0a7611733a	0.6.4	43f9d5042ecc4bd367941846494ad907bf20ea50	3.12.13	0.6.4	0.6.4	2.2.3	rustc 1.93.0 (254b59607 2026-01-19)	Apple M2	Darwin 25.5.0 Darwin Kernel Version 25.5.0: Tue Jun  9 22:27:52 PDT 2026; root:xnu-12377.121.10~1/RELEASE_ARM64_T8112	aarch64	64	ta-core=default(f64,std); ta-benchmarks=catalogue-matrix	e61c887995a7cb4277c15fdff85633db15de32a8	false
fast-ta	Momentum Indicators	RSI: Relative Strength Index	RSI	Prepared Batch Runner	timeperiod=14	65536	float	1	362428.5535714286	361944.9464285715	363927.8392857143	180824604.8888749	50	3	0	3	14	65522	fnv1a64:b3cd1ba41e0575e9	verified		measured		unavailable	separate Rust execution cost; not aggregated with the direct C kernel	686	28	PreparedBatchRunner::compute_into; preparation and caller output allocation excluded	catalogue_fixture_v1:f64le	fnv1a64:a4171d0a7611733a	0.6.4	43f9d5042ecc4bd367941846494ad907bf20ea50	3.12.13	0.6.4	0.6.4	2.2.3	rustc 1.93.0 (254b59607 2026-01-19)	Apple M2	Darwin 25.5.0 Darwin Kernel Version 25.5.0: Tue Jun  9 22:27:52 PDT 2026; root:xnu-12377.121.10~1/RELEASE_ARM64_T8112	aarch64	64	ta-core=default(f64,std); ta-benchmarks=catalogue-matrix	e61c887995a7cb4277c15fdff85633db15de32a8	false
fast-ta	Momentum Indicators	RSI: Relative Strength Index	RSI	Streaming Computation	timeperiod=14	65536	float	1	586002.3333333334	585066.2708333334	589467.5555555555	111835732.16716428	50	9	0	9	14	65522	fnv1a64:b3cd1ba41e0575e9	verified		measured		unavailable	separate Rust execution cost; not aggregated with the direct C kernel	426	18	StreamingComputation::reset plus one next call per observation; stream and output allocation excluded	catalogue_fixture_v1:f64le	fnv1a64:a4171d0a7611733a	0.6.4	43f9d5042ecc4bd367941846494ad907bf20ea50	3.12.13	0.6.4	0.6.4	2.2.3	rustc 1.93.0 (254b59607 2026-01-19)	Apple M2	Darwin 25.5.0 Darwin Kernel Version 25.5.0: Tue Jun  9 22:27:52 PDT 2026; root:xnu-12377.121.10~1/RELEASE_ARM64_T8112	aarch64	64	ta-core=default(f64,std); ta-benchmarks=catalogue-matrix	e61c887995a7cb4277c15fdff85633db15de32a8	false
TA-Lib C	Momentum Indicators	RSI: Relative Strength Index	RSI	direct C caller-owned	timeperiod=14	65536	float	1	370644.3392857143	369319.9464285715	372602.6785714286	176816406.06274313	50	5	0	5	14	65522	fnv1a64:b3cd1ba41e0575e9	verified		measured		comparable	primary caller-owned Rust/C kernel	670	28	direct TA_RSI call; caller output allocation excluded	catalogue_fixture_v1:f64le	fnv1a64:a4171d0a7611733a	0.6.4	43f9d5042ecc4bd367941846494ad907bf20ea50	3.12.13	0.6.4	0.6.4	2.2.3	rustc 1.93.0 (254b59607 2026-01-19)	Apple M2	Darwin 25.5.0 Darwin Kernel Version 25.5.0: Tue Jun  9 22:27:52 PDT 2026; root:xnu-12377.121.10~1/RELEASE_ARM64_T8112	aarch64	64	ta-core=default(f64,std); ta-benchmarks=catalogue-matrix	e61c887995a7cb4277c15fdff85633db15de32a8	false
TA-Lib Python	Momentum Indicators	RSI: Relative Strength Index	RSI	official Python NumPy API	timeperiod=14	65536	float	1	370716.3279894025	369892.6157085225	372731.576834877	176782070.41874197	50	6	0	6	14	65522	fnv1a64:b3cd1ba41e0575e9	verified		measured		unavailable	user-facing Python API cost; not aggregated with caller-owned kernels	657	26	direct talib.RSI NumPy API expression including API-owned output; fixture loading excluded	catalogue_fixture_v1:f64le	fnv1a64:a4171d0a7611733a	0.6.4	43f9d5042ecc4bd367941846494ad907bf20ea50	3.12.13	0.6.4	0.6.4	2.2.3	rustc 1.93.0 (254b59607 2026-01-19)	Apple M2	Darwin 25.5.0 Darwin Kernel Version 25.5.0: Tue Jun  9 22:27:52 PDT 2026; root:xnu-12377.121.10~1/RELEASE_ARM64_T8112	aarch64	64	ta-core=default(f64,std); ta-benchmarks=catalogue-matrix	e61c887995a7cb4277c15fdff85633db15de32a8	false
fast-ta	Momentum Indicators	MACD: Moving Average Convergence/Divergence	MACD	Owned Compact Output	fastperiod=12;slowperiod=26;signalperiod=9	65536	float	3	558419	556722.25	559679.1777777778	117359903.58494249	50	4	0	4	33	65503	fnv1a64:69846d5bb019b909	verified		measured		unavailable	separate Rust execution cost; not aggregated with the direct C kernel	443	18	IndicatorConfig::compute; API-owned Compact Output allocation included	catalogue_fixture_v1:f64le	fnv1a64:a4171d0a7611733a	0.6.4	43f9d5042ecc4bd367941846494ad907bf20ea50	3.12.13	0.6.4	0.6.4	2.2.3	rustc 1.93.0 (254b59607 2026-01-19)	Apple M2	Darwin 25.5.0 Darwin Kernel Version 25.5.0: Tue Jun  9 22:27:52 PDT 2026; root:xnu-12377.121.10~1/RELEASE_ARM64_T8112	aarch64	64	ta-core=default(f64,std); ta-benchmarks=catalogue-matrix	e61c887995a7cb4277c15fdff85633db15de32a8	false
fast-ta	Momentum Indicators	MACD: Moving Average Convergence/Divergence	MACD	caller-owned Batch Computation	fastperiod=12;slowperiod=26;signalperiod=9	65536	float	3	542822.3684210526	541773.0263157894	549472.5789473684	120731944.39394492	50	6	0	6	33	65503	fnv1a64:69846d5bb019b909	verified		measured		comparable	primary caller-owned Rust/C kernel	456	19	IndicatorConfig::compute_into; caller output allocation excluded	catalogue_fixture_v1:f64le	fnv1a64:a4171d0a7611733a	0.6.4	43f9d5042ecc4bd367941846494ad907bf20ea50	3.12.13	0.6.4	0.6.4	2.2.3	rustc 1.93.0 (254b59607 2026-01-19)	Apple M2	Darwin 25.5.0 Darwin Kernel Version 25.5.0: Tue Jun  9 22:27:52 PDT 2026; root:xnu-12377.121.10~1/RELEASE_ARM64_T8112	aarch64	64	ta-core=default(f64,std); ta-benchmarks=catalogue-matrix	e61c887995a7cb4277c15fdff85633db15de32a8	false
fast-ta	Momentum Indicators	MACD: Moving Average Convergence/Divergence	MACD	Prepared Batch Runner	fastperiod=12;slowperiod=26;signalperiod=9	65536	float	3	546109.9444444445	544659.7222222222	549363.4166666667	120005139.38025706	50	5	0	5	33	65503	fnv1a64:69846d5bb019b909	verified		measured		unavailable	separate Rust execution cost; not aggregated with the direct C kernel	459	18	PreparedBatchRunner::compute_into; preparation and caller output allocation excluded	catalogue_fixture_v1:f64le	fnv1a64:a4171d0a7611733a	0.6.4	43f9d5042ecc4bd367941846494ad907bf20ea50	3.12.13	0.6.4	0.6.4	2.2.3	rustc 1.93.0 (254b59607 2026-01-19)	Apple M2	Darwin 25.5.0 Darwin Kernel Version 25.5.0: Tue Jun  9 22:27:52 PDT 2026; root:xnu-12377.121.10~1/RELEASE_ARM64_T8112	aarch64	64	ta-core=default(f64,std); ta-benchmarks=catalogue-matrix	e61c887995a7cb4277c15fdff85633db15de32a8	false
fast-ta	Momentum Indicators	MACD: Moving Average Convergence/Divergence	MACD	Streaming Computation	fastperiod=12;slowperiod=26;signalperiod=9	65536	float	3	668369.8125	660747.40625	675080.6875	98053500.8827916	50	9	0	9	33	65503	fnv1a64:69846d5bb019b909	verified		measured		unavailable	separate Rust execution cost; not aggregated with the direct C kernel	360	16	StreamingComputation::reset plus one next call per observation; stream and output allocation excluded	catalogue_fixture_v1:f64le	fnv1a64:a4171d0a7611733a	0.6.4	43f9d5042ecc4bd367941846494ad907bf20ea50	3.12.13	0.6.4	0.6.4	2.2.3	rustc 1.93.0 (254b59607 2026-01-19)	Apple M2	Darwin 25.5.0 Darwin Kernel Version 25.5.0: Tue Jun  9 22:27:52 PDT 2026; root:xnu-12377.121.10~1/RELEASE_ARM64_T8112	aarch64	64	ta-core=default(f64,std); ta-benchmarks=catalogue-matrix	e61c887995a7cb4277c15fdff85633db15de32a8	false
TA-Lib C	Momentum Indicators	MACD: Moving Average Convergence/Divergence	MACD	direct C caller-owned	fastperiod=12;slowperiod=26;signalperiod=9	65536	float	3	448797.36363636365	447092.8181818182	451255.65909090906	146025813.2289304	50	8	0	8	33	65503	fnv1a64:3d060218c024f918	verified		measured		comparable	primary caller-owned Rust/C kernel	541	22	direct TA_MACD call; caller output allocation excluded	catalogue_fixture_v1:f64le	fnv1a64:a4171d0a7611733a	0.6.4	43f9d5042ecc4bd367941846494ad907bf20ea50	3.12.13	0.6.4	0.6.4	2.2.3	rustc 1.93.0 (254b59607 2026-01-19)	Apple M2	Darwin 25.5.0 Darwin Kernel Version 25.5.0: Tue Jun  9 22:27:52 PDT 2026; root:xnu-12377.121.10~1/RELEASE_ARM64_T8112	aarch64	64	ta-core=default(f64,std); ta-benchmarks=catalogue-matrix	e61c887995a7cb4277c15fdff85633db15de32a8	false
TA-Lib Python	Momentum Indicators	MACD: Moving Average Convergence/Divergence	MACD	official Python NumPy API	fastperiod=12;slowperiod=26;signalperiod=9	65536	float	3	450253.63088706904	449338.781080492	451070.651331026	145553518.07132345	50	3	0	3	33	65503	fnv1a64:3d060218c024f918	verified		measured		unavailable	user-facing Python API cost; not aggregated with caller-owned kernels	541	23	direct talib.MACD NumPy API expression including API-owned output; fixture loading excluded	catalogue_fixture_v1:f64le	fnv1a64:a4171d0a7611733a	0.6.4	43f9d5042ecc4bd367941846494ad907bf20ea50	3.12.13	0.6.4	0.6.4	2.2.3	rustc 1.93.0 (254b59607 2026-01-19)	Apple M2	Darwin 25.5.0 Darwin Kernel Version 25.5.0: Tue Jun  9 22:27:52 PDT 2026; root:xnu-12377.121.10~1/RELEASE_ARM64_T8112	aarch64	64	ta-core=default(f64,std); ta-benchmarks=catalogue-matrix	e61c887995a7cb4277c15fdff85633db15de32a8	false
fast-ta	Volatility Indicators	ATR: Average True Range	ATR	Owned Compact Output	timeperiod=14	65536	float	1	415190	413730	418403.36	157845805.53481537	50	0	0	0	14	65522	fnv1a64:a4ba80c09e461d2a	verified		measured		unavailable	separate Rust execution cost; not aggregated with the direct C kernel	598	25	IndicatorConfig::compute; API-owned Compact Output allocation included	catalogue_fixture_v1:f64le	fnv1a64:a4171d0a7611733a	0.6.4	43f9d5042ecc4bd367941846494ad907bf20ea50	3.12.13	0.6.4	0.6.4	2.2.3	rustc 1.93.0 (254b59607 2026-01-19)	Apple M2	Darwin 25.5.0 Darwin Kernel Version 25.5.0: Tue Jun  9 22:27:52 PDT 2026; root:xnu-12377.121.10~1/RELEASE_ARM64_T8112	aarch64	64	ta-core=default(f64,std); ta-benchmarks=catalogue-matrix	e61c887995a7cb4277c15fdff85633db15de32a8	false
fast-ta	Volatility Indicators	ATR: Average True Range	ATR	caller-owned Batch Computation	timeperiod=14	65536	float	1	412780.375	411460.0625	414193.5625	158767237.90466055	50	2	0	2	14	65522	fnv1a64:a4ba80c09e461d2a	verified		measured		comparable	primary caller-owned Rust/C kernel	605	24	IndicatorConfig::compute_into; caller output allocation excluded	catalogue_fixture_v1:f64le	fnv1a64:a4171d0a7611733a	0.6.4	43f9d5042ecc4bd367941846494ad907bf20ea50	3.12.13	0.6.4	0.6.4	2.2.3	rustc 1.93.0 (254b59607 2026-01-19)	Apple M2	Darwin 25.5.0 Darwin Kernel Version 25.5.0: Tue Jun  9 22:27:52 PDT 2026; root:xnu-12377.121.10~1/RELEASE_ARM64_T8112	aarch64	64	ta-core=default(f64,std); ta-benchmarks=catalogue-matrix	e61c887995a7cb4277c15fdff85633db15de32a8	false
fast-ta	Volatility Indicators	ATR: Average True Range	ATR	Prepared Batch Runner	timeperiod=14	65536	float	1	414092.0208333334	413133.6666666667	415732.625	158264339.09089348	50	4	0	4	14	65522	fnv1a64:a4ba80c09e461d2a	verified		measured		unavailable	separate Rust execution cost; not aggregated with the direct C kernel	603	24	PreparedBatchRunner::compute_into; preparation and caller output allocation excluded	catalogue_fixture_v1:f64le	fnv1a64:a4171d0a7611733a	0.6.4	43f9d5042ecc4bd367941846494ad907bf20ea50	3.12.13	0.6.4	0.6.4	2.2.3	rustc 1.93.0 (254b59607 2026-01-19)	Apple M2	Darwin 25.5.0 Darwin Kernel Version 25.5.0: Tue Jun  9 22:27:52 PDT 2026; root:xnu-12377.121.10~1/RELEASE_ARM64_T8112	aarch64	64	ta-core=default(f64,std); ta-benchmarks=catalogue-matrix	e61c887995a7cb4277c15fdff85633db15de32a8	false
fast-ta	Volatility Indicators	ATR: Average True Range	ATR	Streaming Computation	timeperiod=14	65536	float	1	470934.65909090906	468909.0909090909	472551.11363636365	139161556.14137748	50	0	0	0	14	65522	fnv1a64:a4ba80c09e461d2a	verified		measured		unavailable	separate Rust execution cost; not aggregated with the direct C kernel	530	22	StreamingComputation::reset plus one next call per observation; stream and output allocation excluded	catalogue_fixture_v1:f64le	fnv1a64:a4171d0a7611733a	0.6.4	43f9d5042ecc4bd367941846494ad907bf20ea50	3.12.13	0.6.4	0.6.4	2.2.3	rustc 1.93.0 (254b59607 2026-01-19)	Apple M2	Darwin 25.5.0 Darwin Kernel Version 25.5.0: Tue Jun  9 22:27:52 PDT 2026; root:xnu-12377.121.10~1/RELEASE_ARM64_T8112	aarch64	64	ta-core=default(f64,std); ta-benchmarks=catalogue-matrix	e61c887995a7cb4277c15fdff85633db15de32a8	false
TA-Lib C	Volatility Indicators	ATR: Average True Range	ATR	direct C caller-owned	timeperiod=14	65536	float	1	349961.20689655177	349150.13793103443	351366.3793103448	187266470.42159843	50	0	0	0	14	65522	fnv1a64:a4ba80c09e461d2a	verified		measured		comparable	primary caller-owned Rust/C kernel	712	29	direct TA_ATR call; caller output allocation excluded	catalogue_fixture_v1:f64le	fnv1a64:a4171d0a7611733a	0.6.4	43f9d5042ecc4bd367941846494ad907bf20ea50	3.12.13	0.6.4	0.6.4	2.2.3	rustc 1.93.0 (254b59607 2026-01-19)	Apple M2	Darwin 25.5.0 Darwin Kernel Version 25.5.0: Tue Jun  9 22:27:52 PDT 2026; root:xnu-12377.121.10~1/RELEASE_ARM64_T8112	aarch64	64	ta-core=default(f64,std); ta-benchmarks=catalogue-matrix	e61c887995a7cb4277c15fdff85633db15de32a8	false
TA-Lib Python	Volatility Indicators	ATR: Average True Range	ATR	official Python NumPy API	timeperiod=14	65536	float	1	350851.9991461575	349767.22411650745	351694.689517648	186791012.04921192	50	1	0	1	14	65522	fnv1a64:a4ba80c09e461d2a	verified		measured		unavailable	user-facing Python API cost; not aggregated with caller-owned kernels	712	29	direct talib.ATR NumPy API expression including API-owned output; fixture loading excluded	catalogue_fixture_v1:f64le	fnv1a64:a4171d0a7611733a	0.6.4	43f9d5042ecc4bd367941846494ad907bf20ea50	3.12.13	0.6.4	0.6.4	2.2.3	rustc 1.93.0 (254b59607 2026-01-19)	Apple M2	Darwin 25.5.0 Darwin Kernel Version 25.5.0: Tue Jun  9 22:27:52 PDT 2026; root:xnu-12377.121.10~1/RELEASE_ARM64_T8112	aarch64	64	ta-core=default(f64,std); ta-benchmarks=catalogue-matrix	e61c887995a7cb4277c15fdff85633db15de32a8	false
fast-ta	Momentum Indicators	ADX: Average Directional Movement Index	ADX	Owned Compact Output	timeperiod=14	65536	float	1	577141.1944444445	575569.4722222222	579530.1111111111	113552802.38327968	50	1	0	1	27	65509	fnv1a64:a2c7455499facb3b	verified		measured		unavailable	separate Rust execution cost; not aggregated with the direct C kernel	434	18	IndicatorConfig::compute; API-owned Compact Output allocation included	catalogue_fixture_v1:f64le	fnv1a64:a4171d0a7611733a	0.6.4	43f9d5042ecc4bd367941846494ad907bf20ea50	3.12.13	0.6.4	0.6.4	2.2.3	rustc 1.93.0 (254b59607 2026-01-19)	Apple M2	Darwin 25.5.0 Darwin Kernel Version 25.5.0: Tue Jun  9 22:27:52 PDT 2026; root:xnu-12377.121.10~1/RELEASE_ARM64_T8112	aarch64	64	ta-core=default(f64,std); ta-benchmarks=catalogue-matrix	e61c887995a7cb4277c15fdff85633db15de32a8	false
fast-ta	Momentum Indicators	ADX: Average Directional Movement Index	ADX	caller-owned Batch Computation	timeperiod=14	65536	float	1	572439.8055555555	571726.8333333334	574712.9444444445	114485399.79919288	50	1	0	1	27	65509	fnv1a64:a2c7455499facb3b	verified		measured		comparable	primary caller-owned Rust/C kernel	435	18	IndicatorConfig::compute_into; caller output allocation excluded	catalogue_fixture_v1:f64le	fnv1a64:a4171d0a7611733a	0.6.4	43f9d5042ecc4bd367941846494ad907bf20ea50	3.12.13	0.6.4	0.6.4	2.2.3	rustc 1.93.0 (254b59607 2026-01-19)	Apple M2	Darwin 25.5.0 Darwin Kernel Version 25.5.0: Tue Jun  9 22:27:52 PDT 2026; root:xnu-12377.121.10~1/RELEASE_ARM64_T8112	aarch64	64	ta-core=default(f64,std); ta-benchmarks=catalogue-matrix	e61c887995a7cb4277c15fdff85633db15de32a8	false
fast-ta	Momentum Indicators	ADX: Average Directional Movement Index	ADX	Prepared Batch Runner	timeperiod=14	65536	float	1	576160.8888888889	573717.6111111111	577778.9166666666	113746006.13100353	50	1	0	1	27	65509	fnv1a64:a2c7455499facb3b	verified		measured		unavailable	separate Rust execution cost; not aggregated with the direct C kernel	435	18	PreparedBatchRunner::compute_into; preparation and caller output allocation excluded	catalogue_fixture_v1:f64le	fnv1a64:a4171d0a7611733a	0.6.4	43f9d5042ecc4bd367941846494ad907bf20ea50	3.12.13	0.6.4	0.6.4	2.2.3	rustc 1.93.0 (254b59607 2026-01-19)	Apple M2	Darwin 25.5.0 Darwin Kernel Version 25.5.0: Tue Jun  9 22:27:52 PDT 2026; root:xnu-12377.121.10~1/RELEASE_ARM64_T8112	aarch64	64	ta-core=default(f64,std); ta-benchmarks=catalogue-matrix	e61c887995a7cb4277c15fdff85633db15de32a8	false
fast-ta	Momentum Indicators	ADX: Average Directional Movement Index	ADX	Streaming Computation	timeperiod=14	65536	float	1	621844.3823529412	619090.7058823529	624122.5588235294	105389711.41304551	50	2	0	2	27	65509	fnv1a64:a2c7455499facb3b	verified		measured		unavailable	separate Rust execution cost; not aggregated with the direct C kernel	404	17	StreamingComputation::reset plus one next call per observation; stream and output allocation excluded	catalogue_fixture_v1:f64le	fnv1a64:a4171d0a7611733a	0.6.4	43f9d5042ecc4bd367941846494ad907bf20ea50	3.12.13	0.6.4	0.6.4	2.2.3	rustc 1.93.0 (254b59607 2026-01-19)	Apple M2	Darwin 25.5.0 Darwin Kernel Version 25.5.0: Tue Jun  9 22:27:52 PDT 2026; root:xnu-12377.121.10~1/RELEASE_ARM64_T8112	aarch64	64	ta-core=default(f64,std); ta-benchmarks=catalogue-matrix	e61c887995a7cb4277c15fdff85633db15de32a8	false
TA-Lib C	Momentum Indicators	ADX: Average Directional Movement Index	ADX	direct C caller-owned	timeperiod=14	65536	float	1	393756.4038461539	392649.03846153844	395086.55769230775	166437928.01806933	50	0	0	0	27	65509	fnv1a64:afebef904b1e6370	verified		measured		comparable	primary caller-owned Rust/C kernel	635	26	direct TA_ADX call; caller output allocation excluded	catalogue_fixture_v1:f64le	fnv1a64:a4171d0a7611733a	0.6.4	43f9d5042ecc4bd367941846494ad907bf20ea50	3.12.13	0.6.4	0.6.4	2.2.3	rustc 1.93.0 (254b59607 2026-01-19)	Apple M2	Darwin 25.5.0 Darwin Kernel Version 25.5.0: Tue Jun  9 22:27:52 PDT 2026; root:xnu-12377.121.10~1/RELEASE_ARM64_T8112	aarch64	64	ta-core=default(f64,std); ta-benchmarks=catalogue-matrix	e61c887995a7cb4277c15fdff85633db15de32a8	false
TA-Lib Python	Momentum Indicators	ADX: Average Directional Movement Index	ADX	official Python NumPy API	timeperiod=14	65536	float	1	395788.4607818695	394878.2116192605	397471.9606608585	165583402.4835777	50	4	0	4	27	65509	fnv1a64:afebef904b1e6370	verified		measured		unavailable	user-facing Python API cost; not aggregated with caller-owned kernels	632	26	direct talib.ADX NumPy API expression including API-owned output; fixture loading excluded	catalogue_fixture_v1:f64le	fnv1a64:a4171d0a7611733a	0.6.4	43f9d5042ecc4bd367941846494ad907bf20ea50	3.12.13	0.6.4	0.6.4	2.2.3	rustc 1.93.0 (254b59607 2026-01-19)	Apple M2	Darwin 25.5.0 Darwin Kernel Version 25.5.0: Tue Jun  9 22:27:52 PDT 2026; root:xnu-12377.121.10~1/RELEASE_ARM64_T8112	aarch64	64	ta-core=default(f64,std); ta-benchmarks=catalogue-matrix	e61c887995a7cb4277c15fdff85633db15de32a8	false
fast-ta	Cycle Indicators	HT_DCPHASE: Hilbert Transform Dominant Cycle Phase	HT_DCPHASE	Owned Compact Output	none	65536	float	1	7269041.75	7251666.75	7310666.5	9015768.825375091	50	6	0	6	63	65473	fnv1a64:26f4c48e9a13e773	verified		measured		unavailable	separate Rust execution cost; not aggregated with the direct C kernel	35	2	IndicatorConfig::compute; API-owned Compact Output allocation included	catalogue_fixture_v1:f64le	fnv1a64:a4171d0a7611733a	0.6.4	43f9d5042ecc4bd367941846494ad907bf20ea50	3.12.13	0.6.4	0.6.4	2.2.3	rustc 1.93.0 (254b59607 2026-01-19)	Apple M2	Darwin 25.5.0 Darwin Kernel Version 25.5.0: Tue Jun  9 22:27:52 PDT 2026; root:xnu-12377.121.10~1/RELEASE_ARM64_T8112	aarch64	64	ta-core=default(f64,std); ta-benchmarks=catalogue-matrix	e61c887995a7cb4277c15fdff85633db15de32a8	false
fast-ta	Cycle Indicators	HT_DCPHASE: Hilbert Transform Dominant Cycle Phase	HT_DCPHASE	caller-owned Batch Computation	none	65536	float	1	7266187.5	7244166.5	7295520.5	9019310.33296347	50	2	0	2	63	65473	fnv1a64:26f4c48e9a13e773	verified		measured		comparable	primary caller-owned Rust/C kernel	35	2	IndicatorConfig::compute_into; caller output allocation excluded	catalogue_fixture_v1:f64le	fnv1a64:a4171d0a7611733a	0.6.4	43f9d5042ecc4bd367941846494ad907bf20ea50	3.12.13	0.6.4	0.6.4	2.2.3	rustc 1.93.0 (254b59607 2026-01-19)	Apple M2	Darwin 25.5.0 Darwin Kernel Version 25.5.0: Tue Jun  9 22:27:52 PDT 2026; root:xnu-12377.121.10~1/RELEASE_ARM64_T8112	aarch64	64	ta-core=default(f64,std); ta-benchmarks=catalogue-matrix	e61c887995a7cb4277c15fdff85633db15de32a8	false
fast-ta	Cycle Indicators	HT_DCPHASE: Hilbert Transform Dominant Cycle Phase	HT_DCPHASE	Prepared Batch Runner	none	65536	float	1	7254250	7237417	7302406.25	9034152.393424544	50	2	0	2	63	65473	fnv1a64:26f4c48e9a13e773	verified		measured		unavailable	separate Rust execution cost; not aggregated with the direct C kernel	35	2	PreparedBatchRunner::compute_into; preparation and caller output allocation excluded	catalogue_fixture_v1:f64le	fnv1a64:a4171d0a7611733a	0.6.4	43f9d5042ecc4bd367941846494ad907bf20ea50	3.12.13	0.6.4	0.6.4	2.2.3	rustc 1.93.0 (254b59607 2026-01-19)	Apple M2	Darwin 25.5.0 Darwin Kernel Version 25.5.0: Tue Jun  9 22:27:52 PDT 2026; root:xnu-12377.121.10~1/RELEASE_ARM64_T8112	aarch64	64	ta-core=default(f64,std); ta-benchmarks=catalogue-matrix	e61c887995a7cb4277c15fdff85633db15de32a8	false
fast-ta	Cycle Indicators	HT_DCPHASE: Hilbert Transform Dominant Cycle Phase	HT_DCPHASE	Streaming Computation	none	65536	float	1	7716520.75	7571812.5	7788906	8492946.772676015	50	2	0	2	63	65473	fnv1a64:26f4c48e9a13e773	verified		measured		unavailable	separate Rust execution cost; not aggregated with the direct C kernel	35	2	StreamingComputation::reset plus one next call per observation; stream and output allocation excluded	catalogue_fixture_v1:f64le	fnv1a64:a4171d0a7611733a	0.6.4	43f9d5042ecc4bd367941846494ad907bf20ea50	3.12.13	0.6.4	0.6.4	2.2.3	rustc 1.93.0 (254b59607 2026-01-19)	Apple M2	Darwin 25.5.0 Darwin Kernel Version 25.5.0: Tue Jun  9 22:27:52 PDT 2026; root:xnu-12377.121.10~1/RELEASE_ARM64_T8112	aarch64	64	ta-core=default(f64,std); ta-benchmarks=catalogue-matrix	e61c887995a7cb4277c15fdff85633db15de32a8	false
TA-Lib C	Cycle Indicators	HT_DCPHASE: Hilbert Transform Dominant Cycle Phase	HT_DCPHASE	direct C caller-owned	none	65536	float	1	6386302	6332271	6518833.5	10261963.80941584	50	5	0	5	63	65473	fnv1a64:01c2e65ea4391c50	verified		measured		comparable	primary caller-owned Rust/C kernel	39	2	direct TA_HT_DCPHASE call; caller output allocation excluded	catalogue_fixture_v1:f64le	fnv1a64:a4171d0a7611733a	0.6.4	43f9d5042ecc4bd367941846494ad907bf20ea50	3.12.13	0.6.4	0.6.4	2.2.3	rustc 1.93.0 (254b59607 2026-01-19)	Apple M2	Darwin 25.5.0 Darwin Kernel Version 25.5.0: Tue Jun  9 22:27:52 PDT 2026; root:xnu-12377.121.10~1/RELEASE_ARM64_T8112	aarch64	64	ta-core=default(f64,std); ta-benchmarks=catalogue-matrix	e61c887995a7cb4277c15fdff85633db15de32a8	false
TA-Lib Python	Cycle Indicators	HT_DCPHASE: Hilbert Transform Dominant Cycle Phase	HT_DCPHASE	official Python NumPy API	none	65536	float	1	5997395.754093304	5953458.268777467	6066708.505386487	10927409.610291399	50	2	0	2	63	65473	fnv1a64:01c2e65ea4391c50	verified		measured		unavailable	user-facing Python API cost; not aggregated with caller-owned kernels	38	2	direct talib.HT_DCPHASE NumPy API expression including API-owned output; fixture loading excluded	catalogue_fixture_v1:f64le	fnv1a64:a4171d0a7611733a	0.6.4	43f9d5042ecc4bd367941846494ad907bf20ea50	3.12.13	0.6.4	0.6.4	2.2.3	rustc 1.93.0 (254b59607 2026-01-19)	Apple M2	Darwin 25.5.0 Darwin Kernel Version 25.5.0: Tue Jun  9 22:27:52 PDT 2026; root:xnu-12377.121.10~1/RELEASE_ARM64_T8112	aarch64	64	ta-core=default(f64,std); ta-benchmarks=catalogue-matrix	e61c887995a7cb4277c15fdff85633db15de32a8	false
fast-ta	Pattern Recognition	CDLDOJI: Doji	CDLDOJI	Owned Compact Output	candle_settings=TA-Lib defaults	65536	integer	1	215822.27551020408	210442.18367346938	216903.0612244898	303657256.16168594	50	0	0	0	10	65526	fnv1a64:b84f1c58fca059ac	verified		measured		unavailable	separate Rust execution cost; not aggregated with the direct C kernel	1152	49	IndicatorConfig::compute; API-owned Compact Output allocation included	catalogue_fixture_v1:f64le	fnv1a64:a4171d0a7611733a	0.6.4	43f9d5042ecc4bd367941846494ad907bf20ea50	3.12.13	0.6.4	0.6.4	2.2.3	rustc 1.93.0 (254b59607 2026-01-19)	Apple M2	Darwin 25.5.0 Darwin Kernel Version 25.5.0: Tue Jun  9 22:27:52 PDT 2026; root:xnu-12377.121.10~1/RELEASE_ARM64_T8112	aarch64	64	ta-core=default(f64,std); ta-benchmarks=catalogue-matrix	e61c887995a7cb4277c15fdff85633db15de32a8	false
fast-ta	Pattern Recognition	CDLDOJI: Doji	CDLDOJI	caller-owned Batch Computation	candle_settings=TA-Lib defaults	65536	integer	1	200985.9693877551	197807.8163265306	203005.95918367346	326072512.4228136	50	2	0	2	10	65526	fnv1a64:b84f1c58fca059ac	verified		measured		comparable	primary caller-owned Rust/C kernel	1222	49	IndicatorConfig::compute_into; caller output allocation excluded	catalogue_fixture_v1:f64le	fnv1a64:a4171d0a7611733a	0.6.4	43f9d5042ecc4bd367941846494ad907bf20ea50	3.12.13	0.6.4	0.6.4	2.2.3	rustc 1.93.0 (254b59607 2026-01-19)	Apple M2	Darwin 25.5.0 Darwin Kernel Version 25.5.0: Tue Jun  9 22:27:52 PDT 2026; root:xnu-12377.121.10~1/RELEASE_ARM64_T8112	aarch64	64	ta-core=default(f64,std); ta-benchmarks=catalogue-matrix	e61c887995a7cb4277c15fdff85633db15de32a8	false
fast-ta	Pattern Recognition	CDLDOJI: Doji	CDLDOJI	Prepared Batch Runner	candle_settings=TA-Lib defaults	65536	integer	1	212368.1826923077	206886.21153846153	214227.96153846153	308596133.2303373	50	5	0	5	10	65526	fnv1a64:b84f1c58fca059ac	verified		measured		unavailable	separate Rust execution cost; not aggregated with the direct C kernel	1188	52	PreparedBatchRunner::compute_into; preparation and caller output allocation excluded	catalogue_fixture_v1:f64le	fnv1a64:a4171d0a7611733a	0.6.4	43f9d5042ecc4bd367941846494ad907bf20ea50	3.12.13	0.6.4	0.6.4	2.2.3	rustc 1.93.0 (254b59607 2026-01-19)	Apple M2	Darwin 25.5.0 Darwin Kernel Version 25.5.0: Tue Jun  9 22:27:52 PDT 2026; root:xnu-12377.121.10~1/RELEASE_ARM64_T8112	aarch64	64	ta-core=default(f64,std); ta-benchmarks=catalogue-matrix	e61c887995a7cb4277c15fdff85633db15de32a8	false
fast-ta	Pattern Recognition	CDLDOJI: Doji	CDLDOJI	Streaming Computation	candle_settings=TA-Lib defaults	65536	integer	1	662766.7	661468.0666666667	664583.3666666667	98882457.43185347	50	1	0	1	10	65526	fnv1a64:b84f1c58fca059ac	verified		measured		unavailable	separate Rust execution cost; not aggregated with the direct C kernel	368	15	StreamingComputation::reset plus one next call per observation; stream and output allocation excluded	catalogue_fixture_v1:f64le	fnv1a64:a4171d0a7611733a	0.6.4	43f9d5042ecc4bd367941846494ad907bf20ea50	3.12.13	0.6.4	0.6.4	2.2.3	rustc 1.93.0 (254b59607 2026-01-19)	Apple M2	Darwin 25.5.0 Darwin Kernel Version 25.5.0: Tue Jun  9 22:27:52 PDT 2026; root:xnu-12377.121.10~1/RELEASE_ARM64_T8112	aarch64	64	ta-core=default(f64,std); ta-benchmarks=catalogue-matrix	e61c887995a7cb4277c15fdff85633db15de32a8	false
TA-Lib C	Pattern Recognition	CDLDOJI: Doji	CDLDOJI	direct C caller-owned	candle_settings=TA-Lib defaults	65536	integer	1	88784.84955752213	88132.19026548672	89488.20353982301	738143955.039766	50	0	0	0	10	65526	fnv1a64:b84f1c58fca059ac	verified		measured		comparable	primary caller-owned Rust/C kernel	2814	113	direct TA_CDLDOJI call; caller output allocation excluded	catalogue_fixture_v1:f64le	fnv1a64:a4171d0a7611733a	0.6.4	43f9d5042ecc4bd367941846494ad907bf20ea50	3.12.13	0.6.4	0.6.4	2.2.3	rustc 1.93.0 (254b59607 2026-01-19)	Apple M2	Darwin 25.5.0 Darwin Kernel Version 25.5.0: Tue Jun  9 22:27:52 PDT 2026; root:xnu-12377.121.10~1/RELEASE_ARM64_T8112	aarch64	64	ta-core=default(f64,std); ta-benchmarks=catalogue-matrix	e61c887995a7cb4277c15fdff85633db15de32a8	false
TA-Lib Python	Pattern Recognition	CDLDOJI: Doji	CDLDOJI	official Python NumPy API	candle_settings=TA-Lib defaults	65536	integer	1	90034.2295478495	89046.346945498	90778.9131184585	727900936.4451805	50	1	0	1	10	65526	fnv1a64:b84f1c58fca059ac	verified		measured		unavailable	user-facing Python API cost; not aggregated with caller-owned kernels	2746	98	direct talib.CDLDOJI NumPy API expression including API-owned output; fixture loading excluded	catalogue_fixture_v1:f64le	fnv1a64:a4171d0a7611733a	0.6.4	43f9d5042ecc4bd367941846494ad907bf20ea50	3.12.13	0.6.4	0.6.4	2.2.3	rustc 1.93.0 (254b59607 2026-01-19)	Apple M2	Darwin 25.5.0 Darwin Kernel Version 25.5.0: Tue Jun  9 22:27:52 PDT 2026; root:xnu-12377.121.10~1/RELEASE_ARM64_T8112	aarch64	64	ta-core=default(f64,std); ta-benchmarks=catalogue-matrix	e61c887995a7cb4277c15fdff85633db15de32a8	false
fast-ta	Pattern Recognition	CDLENGULFING: Engulfing Pattern	CDLENGULFING	Owned Compact Output	candle_settings=TA-Lib defaults	65536	integer	1	776306.1153846154	767660.2307692308	791182.6923076923	84420306.24418133	50	9	9	0	2	65534	fnv1a64:cea047aad4b8716c	verified		measured		unavailable	separate Rust execution cost; not aggregated with the direct C kernel	297	13	IndicatorConfig::compute; API-owned Compact Output allocation included	catalogue_fixture_v1:f64le	fnv1a64:a4171d0a7611733a	0.6.4	43f9d5042ecc4bd367941846494ad907bf20ea50	3.12.13	0.6.4	0.6.4	2.2.3	rustc 1.93.0 (254b59607 2026-01-19)	Apple M2	Darwin 25.5.0 Darwin Kernel Version 25.5.0: Tue Jun  9 22:27:52 PDT 2026; root:xnu-12377.121.10~1/RELEASE_ARM64_T8112	aarch64	64	ta-core=default(f64,std); ta-benchmarks=catalogue-matrix	e61c887995a7cb4277c15fdff85633db15de32a8	false
fast-ta	Pattern Recognition	CDLENGULFING: Engulfing Pattern	CDLENGULFING	caller-owned Batch Computation	candle_settings=TA-Lib defaults	65536	integer	1	744665.34375	718666.65625	752432.3125	88007318.38811319	50	0	0	0	2	65534	fnv1a64:cea047aad4b8716c	verified		measured		comparable	primary caller-owned Rust/C kernel	345	16	IndicatorConfig::compute_into; caller output allocation excluded	catalogue_fixture_v1:f64le	fnv1a64:a4171d0a7611733a	0.6.4	43f9d5042ecc4bd367941846494ad907bf20ea50	3.12.13	0.6.4	0.6.4	2.2.3	rustc 1.93.0 (254b59607 2026-01-19)	Apple M2	Darwin 25.5.0 Darwin Kernel Version 25.5.0: Tue Jun  9 22:27:52 PDT 2026; root:xnu-12377.121.10~1/RELEASE_ARM64_T8112	aarch64	64	ta-core=default(f64,std); ta-benchmarks=catalogue-matrix	e61c887995a7cb4277c15fdff85633db15de32a8	false
fast-ta	Pattern Recognition	CDLENGULFING: Engulfing Pattern	CDLENGULFING	Prepared Batch Runner	candle_settings=TA-Lib defaults	65536	integer	1	640711.3214285715	619758.9285714285	759117.5714285714	102286314.92553727	50	2	0	2	2	65534	fnv1a64:cea047aad4b8716c	verified		measured		unavailable	separate Rust execution cost; not aggregated with the direct C kernel	348	14	PreparedBatchRunner::compute_into; preparation and caller output allocation excluded	catalogue_fixture_v1:f64le	fnv1a64:a4171d0a7611733a	0.6.4	43f9d5042ecc4bd367941846494ad907bf20ea50	3.12.13	0.6.4	0.6.4	2.2.3	rustc 1.93.0 (254b59607 2026-01-19)	Apple M2	Darwin 25.5.0 Darwin Kernel Version 25.5.0: Tue Jun  9 22:27:52 PDT 2026; root:xnu-12377.121.10~1/RELEASE_ARM64_T8112	aarch64	64	ta-core=default(f64,std); ta-benchmarks=catalogue-matrix	e61c887995a7cb4277c15fdff85633db15de32a8	false
fast-ta	Pattern Recognition	CDLENGULFING: Engulfing Pattern	CDLENGULFING	Streaming Computation	candle_settings=TA-Lib defaults	65536	integer	1	798923.1153846154	795831.7307692308	800960.1913461538	82030421.62380023	50	1	0	1	2	65534	fnv1a64:cea047aad4b8716c	verified		measured		unavailable	separate Rust execution cost; not aggregated with the direct C kernel	307	13	StreamingComputation::reset plus one next call per observation; stream and output allocation excluded	catalogue_fixture_v1:f64le	fnv1a64:a4171d0a7611733a	0.6.4	43f9d5042ecc4bd367941846494ad907bf20ea50	3.12.13	0.6.4	0.6.4	2.2.3	rustc 1.93.0 (254b59607 2026-01-19)	Apple M2	Darwin 25.5.0 Darwin Kernel Version 25.5.0: Tue Jun  9 22:27:52 PDT 2026; root:xnu-12377.121.10~1/RELEASE_ARM64_T8112	aarch64	64	ta-core=default(f64,std); ta-benchmarks=catalogue-matrix	e61c887995a7cb4277c15fdff85633db15de32a8	false
TA-Lib C	Pattern Recognition	CDLENGULFING: Engulfing Pattern	CDLENGULFING	direct C caller-owned	candle_settings=TA-Lib defaults	65536	integer	1	69353.13354037267	67087.73291925466	72668.47826086957	944960907.3806219	50	5	0	5	2	65534	fnv1a64:cea047aad4b8716c	verified		measured		comparable	primary caller-owned Rust/C kernel	3944	161	direct TA_CDLENGULFING call; caller output allocation excluded	catalogue_fixture_v1:f64le	fnv1a64:a4171d0a7611733a	0.6.4	43f9d5042ecc4bd367941846494ad907bf20ea50	3.12.13	0.6.4	0.6.4	2.2.3	rustc 1.93.0 (254b59607 2026-01-19)	Apple M2	Darwin 25.5.0 Darwin Kernel Version 25.5.0: Tue Jun  9 22:27:52 PDT 2026; root:xnu-12377.121.10~1/RELEASE_ARM64_T8112	aarch64	64	ta-core=default(f64,std); ta-benchmarks=catalogue-matrix	e61c887995a7cb4277c15fdff85633db15de32a8	false
TA-Lib Python	Pattern Recognition	CDLENGULFING: Engulfing Pattern	CDLENGULFING	official Python NumPy API	candle_settings=TA-Lib defaults	65536	integer	1	63550.38213275799	63290.578325345996	64231.209179959	1031244782.4954697	50	2	0	2	2	65534	fnv1a64:cea047aad4b8716c	verified		measured		unavailable	user-facing Python API cost; not aggregated with caller-owned kernels	3908	153	direct talib.CDLENGULFING NumPy API expression including API-owned output; fixture loading excluded	catalogue_fixture_v1:f64le	fnv1a64:a4171d0a7611733a	0.6.4	43f9d5042ecc4bd367941846494ad907bf20ea50	3.12.13	0.6.4	0.6.4	2.2.3	rustc 1.93.0 (254b59607 2026-01-19)	Apple M2	Darwin 25.5.0 Darwin Kernel Version 25.5.0: Tue Jun  9 22:27:52 PDT 2026; root:xnu-12377.121.10~1/RELEASE_ARM64_T8112	aarch64	64	ta-core=default(f64,std); ta-benchmarks=catalogue-matrix	e61c887995a7cb4277c15fdff85633db15de32a8	false
fast-ta	Pattern Recognition	CDL3WHITESOLDIERS: Three Advancing White Soldiers	CDL3WHITESOLDIERS	Owned Compact Output	candle_settings=TA-Lib defaults	65536	integer	1	1515975.75	1507899.3333333335	1526482.5833333333	43230242.96397881	50	1	0	1	12	65524	fnv1a64:cb1bba177bb14aa8	verified		measured		unavailable	separate Rust execution cost; not aggregated with the direct C kernel	158	6	IndicatorConfig::compute; API-owned Compact Output allocation included	catalogue_fixture_v1:f64le	fnv1a64:a4171d0a7611733a	0.6.4	43f9d5042ecc4bd367941846494ad907bf20ea50	3.12.13	0.6.4	0.6.4	2.2.3	rustc 1.93.0 (254b59607 2026-01-19)	Apple M2	Darwin 25.5.0 Darwin Kernel Version 25.5.0: Tue Jun  9 22:27:52 PDT 2026; root:xnu-12377.121.10~1/RELEASE_ARM64_T8112	aarch64	64	ta-core=default(f64,std); ta-benchmarks=catalogue-matrix	e61c887995a7cb4277c15fdff85633db15de32a8	false
fast-ta	Pattern Recognition	CDL3WHITESOLDIERS: Three Advancing White Soldiers	CDL3WHITESOLDIERS	caller-owned Batch Computation	candle_settings=TA-Lib defaults	65536	integer	1	1489851.1428571427	1484285.7142857143	1497357.142857143	43988287.22869533	50	5	0	5	12	65524	fnv1a64:cb1bba177bb14aa8	verified		measured		comparable	primary caller-owned Rust/C kernel	167	7	IndicatorConfig::compute_into; caller output allocation excluded	catalogue_fixture_v1:f64le	fnv1a64:a4171d0a7611733a	0.6.4	43f9d5042ecc4bd367941846494ad907bf20ea50	3.12.13	0.6.4	0.6.4	2.2.3	rustc 1.93.0 (254b59607 2026-01-19)	Apple M2	Darwin 25.5.0 Darwin Kernel Version 25.5.0: Tue Jun  9 22:27:52 PDT 2026; root:xnu-12377.121.10~1/RELEASE_ARM64_T8112	aarch64	64	ta-core=default(f64,std); ta-benchmarks=catalogue-matrix	e61c887995a7cb4277c15fdff85633db15de32a8	false
fast-ta	Pattern Recognition	CDL3WHITESOLDIERS: Three Advancing White Soldiers	CDL3WHITESOLDIERS	Prepared Batch Runner	candle_settings=TA-Lib defaults	65536	integer	1	1494943.5	1489086.2857142857	1502327.4285714286	43838446.068363115	50	0	0	0	12	65524	fnv1a64:cb1bba177bb14aa8	verified		measured		unavailable	separate Rust execution cost; not aggregated with the direct C kernel	169	7	PreparedBatchRunner::compute_into; preparation and caller output allocation excluded	catalogue_fixture_v1:f64le	fnv1a64:a4171d0a7611733a	0.6.4	43f9d5042ecc4bd367941846494ad907bf20ea50	3.12.13	0.6.4	0.6.4	2.2.3	rustc 1.93.0 (254b59607 2026-01-19)	Apple M2	Darwin 25.5.0 Darwin Kernel Version 25.5.0: Tue Jun  9 22:27:52 PDT 2026; root:xnu-12377.121.10~1/RELEASE_ARM64_T8112	aarch64	64	ta-core=default(f64,std); ta-benchmarks=catalogue-matrix	e61c887995a7cb4277c15fdff85633db15de32a8	false
fast-ta	Pattern Recognition	CDL3WHITESOLDIERS: Three Advancing White Soldiers	CDL3WHITESOLDIERS	Streaming Computation	candle_settings=TA-Lib defaults	65536	integer	1	1586369	1578753	1602429.2446428572	41311952.01116512	50	2	0	2	12	65524	fnv1a64:cb1bba177bb14aa8	verified		measured		unavailable	separate Rust execution cost; not aggregated with the direct C kernel	159	7	StreamingComputation::reset plus one next call per observation; stream and output allocation excluded	catalogue_fixture_v1:f64le	fnv1a64:a4171d0a7611733a	0.6.4	43f9d5042ecc4bd367941846494ad907bf20ea50	3.12.13	0.6.4	0.6.4	2.2.3	rustc 1.93.0 (254b59607 2026-01-19)	Apple M2	Darwin 25.5.0 Darwin Kernel Version 25.5.0: Tue Jun  9 22:27:52 PDT 2026; root:xnu-12377.121.10~1/RELEASE_ARM64_T8112	aarch64	64	ta-core=default(f64,std); ta-benchmarks=catalogue-matrix	e61c887995a7cb4277c15fdff85633db15de32a8	false
TA-Lib C	Pattern Recognition	CDL3WHITESOLDIERS: Three Advancing White Soldiers	CDL3WHITESOLDIERS	direct C caller-owned	candle_settings=TA-Lib defaults	65536	integer	1	330082.03125	324893.875	333105.46875	198544585.2711802	50	2	0	2	12	65524	fnv1a64:cb1bba177bb14aa8	verified		measured		comparable	primary caller-owned Rust/C kernel	759	32	direct TA_CDL3WHITESOLDIERS call; caller output allocation excluded	catalogue_fixture_v1:f64le	fnv1a64:a4171d0a7611733a	0.6.4	43f9d5042ecc4bd367941846494ad907bf20ea50	3.12.13	0.6.4	0.6.4	2.2.3	rustc 1.93.0 (254b59607 2026-01-19)	Apple M2	Darwin 25.5.0 Darwin Kernel Version 25.5.0: Tue Jun  9 22:27:52 PDT 2026; root:xnu-12377.121.10~1/RELEASE_ARM64_T8112	aarch64	64	ta-core=default(f64,std); ta-benchmarks=catalogue-matrix	e61c887995a7cb4277c15fdff85633db15de32a8	false
TA-Lib Python	Pattern Recognition	CDL3WHITESOLDIERS: Three Advancing White Soldiers	CDL3WHITESOLDIERS	official Python NumPy API	candle_settings=TA-Lib defaults	65536	integer	1	324471.1129340315	323291.644529109	327305.7734458555	201977918.48830676	50	2	0	2	12	65524	fnv1a64:cb1bba177bb14aa8	verified		measured		unavailable	user-facing Python API cost; not aggregated with caller-owned kernels	775	31	direct talib.CDL3WHITESOLDIERS NumPy API expression including API-owned output; fixture loading excluded	catalogue_fixture_v1:f64le	fnv1a64:a4171d0a7611733a	0.6.4	43f9d5042ecc4bd367941846494ad907bf20ea50	3.12.13	0.6.4	0.6.4	2.2.3	rustc 1.93.0 (254b59607 2026-01-19)	Apple M2	Darwin 25.5.0 Darwin Kernel Version 25.5.0: Tue Jun  9 22:27:52 PDT 2026; root:xnu-12377.121.10~1/RELEASE_ARM64_T8112	aarch64	64	ta-core=default(f64,std); ta-benchmarks=catalogue-matrix	e61c887995a7cb4277c15fdff85633db15de32a8	false
fast-ta	Statistic Functions	LINEARREG: Linear Regression endpoint	LINEARREG	Owned Compact Output	timeperiod=14	65536	float	1	392710.64814814815	391186.7037037037	396035.51851851854	166881138.33693877	50	4	0	4	13	65523	fnv1a64:6e3590c0494b4248	verified		measured		unavailable	separate Rust execution cost; not aggregated with the direct C kernel	643	27	IndicatorConfig::compute; API-owned Compact Output allocation included	catalogue_fixture_v1:f64le	fnv1a64:a4171d0a7611733a	0.6.4	43f9d5042ecc4bd367941846494ad907bf20ea50	3.12.13	0.6.4	0.6.4	2.2.3	rustc 1.93.0 (254b59607 2026-01-19)	Apple M2	Darwin 25.5.0 Darwin Kernel Version 25.5.0: Tue Jun  9 22:27:52 PDT 2026; root:xnu-12377.121.10~1/RELEASE_ARM64_T8112	aarch64	64	ta-core=default(f64,std); ta-benchmarks=catalogue-matrix	e61c887995a7cb4277c15fdff85633db15de32a8	false
fast-ta	Statistic Functions	LINEARREG: Linear Regression endpoint	LINEARREG	caller-owned Batch Computation	timeperiod=14	65536	float	1	394241.98076923075	392432.71153846156	396051.3076923077	166232931.03420523	50	0	0	0	13	65523	fnv1a64:6e3590c0494b4248	verified		measured		comparable	primary caller-owned Rust/C kernel	622	26	IndicatorConfig::compute_into; caller output allocation excluded	catalogue_fixture_v1:f64le	fnv1a64:a4171d0a7611733a	0.6.4	43f9d5042ecc4bd367941846494ad907bf20ea50	3.12.13	0.6.4	0.6.4	2.2.3	rustc 1.93.0 (254b59607 2026-01-19)	Apple M2	Darwin 25.5.0 Darwin Kernel Version 25.5.0: Tue Jun  9 22:27:52 PDT 2026; root:xnu-12377.121.10~1/RELEASE_ARM64_T8112	aarch64	64	ta-core=default(f64,std); ta-benchmarks=catalogue-matrix	e61c887995a7cb4277c15fdff85633db15de32a8	false
fast-ta	Statistic Functions	LINEARREG: Linear Regression endpoint	LINEARREG	Prepared Batch Runner	timeperiod=14	65536	float	1	389320.2037037037	388083.3333333334	390716.81481481483	168334443.92697603	50	2	0	2	13	65523	fnv1a64:6e3590c0494b4248	verified		measured		unavailable	separate Rust execution cost; not aggregated with the direct C kernel	647	27	PreparedBatchRunner::compute_into; preparation and caller output allocation excluded	catalogue_fixture_v1:f64le	fnv1a64:a4171d0a7611733a	0.6.4	43f9d5042ecc4bd367941846494ad907bf20ea50	3.12.13	0.6.4	0.6.4	2.2.3	rustc 1.93.0 (254b59607 2026-01-19)	Apple M2	Darwin 25.5.0 Darwin Kernel Version 25.5.0: Tue Jun  9 22:27:52 PDT 2026; root:xnu-12377.121.10~1/RELEASE_ARM64_T8112	aarch64	64	ta-core=default(f64,std); ta-benchmarks=catalogue-matrix	e61c887995a7cb4277c15fdff85633db15de32a8	false
fast-ta	Statistic Functions	LINEARREG: Linear Regression endpoint	LINEARREG	Streaming Computation	timeperiod=14	65536	float	1	366211.75	361465.3333333333	368764	178956573.621682	50	3	0	3	13	65523	fnv1a64:6e3590c0494b4248	verified		measured		unavailable	separate Rust execution cost; not aggregated with the direct C kernel	649	6	StreamingComputation::reset plus one next call per observation; stream and output allocation excluded	catalogue_fixture_v1:f64le	fnv1a64:a4171d0a7611733a	0.6.4	43f9d5042ecc4bd367941846494ad907bf20ea50	3.12.13	0.6.4	0.6.4	2.2.3	rustc 1.93.0 (254b59607 2026-01-19)	Apple M2	Darwin 25.5.0 Darwin Kernel Version 25.5.0: Tue Jun  9 22:27:52 PDT 2026; root:xnu-12377.121.10~1/RELEASE_ARM64_T8112	aarch64	64	ta-core=default(f64,std); ta-benchmarks=catalogue-matrix	e61c887995a7cb4277c15fdff85633db15de32a8	false
TA-Lib C	Statistic Functions	LINEARREG: Linear Regression endpoint	LINEARREG	direct C caller-owned	timeperiod=14	65536	float	1	391674.67307692306	390309.3076923077	392743.57692307694	167322537.05648473	50	2	0	2	13	65523	fnv1a64:a5ae9e210bf80e82	verified		measured		comparable	primary caller-owned Rust/C kernel	635	26	direct TA_LINEARREG call; caller output allocation excluded	catalogue_fixture_v1:f64le	fnv1a64:a4171d0a7611733a	0.6.4	43f9d5042ecc4bd367941846494ad907bf20ea50	3.12.13	0.6.4	0.6.4	2.2.3	rustc 1.93.0 (254b59607 2026-01-19)	Apple M2	Darwin 25.5.0 Darwin Kernel Version 25.5.0: Tue Jun  9 22:27:52 PDT 2026; root:xnu-12377.121.10~1/RELEASE_ARM64_T8112	aarch64	64	ta-core=default(f64,std); ta-benchmarks=catalogue-matrix	e61c887995a7cb4277c15fdff85633db15de32a8	false
TA-Lib Python	Statistic Functions	LINEARREG: Linear Regression endpoint	LINEARREG	official Python NumPy API	timeperiod=14	65536	float	1	394176.2876750615	392120.192722919	396264.422586403	166260635.27703747	50	4	0	4	13	65523	fnv1a64:a5ae9e210bf80e82	verified		measured		unavailable	user-facing Python API cost; not aggregated with caller-owned kernels	629	26	direct talib.LINEARREG NumPy API expression including API-owned output; fixture loading excluded	catalogue_fixture_v1:f64le	fnv1a64:a4171d0a7611733a	0.6.4	43f9d5042ecc4bd367941846494ad907bf20ea50	3.12.13	0.6.4	0.6.4	2.2.3	rustc 1.93.0 (254b59607 2026-01-19)	Apple M2	Darwin 25.5.0 Darwin Kernel Version 25.5.0: Tue Jun  9 22:27:52 PDT 2026; root:xnu-12377.121.10~1/RELEASE_ARM64_T8112	aarch64	64	ta-core=default(f64,std); ta-benchmarks=catalogue-matrix	e61c887995a7cb4277c15fdff85633db15de32a8	false
fast-ta	Price Transform	TYPPRICE: Typical Price	TYPPRICE	Owned Compact Output	none	65536	float	1	107087.67708333334	106575.95833333333	107870.65625	611984513.857755	50	4	4	0	0	65536	fnv1a64:4353ac99036ca1fd	verified		measured		unavailable	separate Rust execution cost; not aggregated with the direct C kernel	2294	96	IndicatorConfig::compute; API-owned Compact Output allocation included	catalogue_fixture_v1:f64le	fnv1a64:a4171d0a7611733a	0.6.4	43f9d5042ecc4bd367941846494ad907bf20ea50	3.12.13	0.6.4	0.6.4	2.2.3	rustc 1.93.0 (254b59607 2026-01-19)	Apple M2	Darwin 25.5.0 Darwin Kernel Version 25.5.0: Tue Jun  9 22:27:52 PDT 2026; root:xnu-12377.121.10~1/RELEASE_ARM64_T8112	aarch64	64	ta-core=default(f64,std); ta-benchmarks=catalogue-matrix	e61c887995a7cb4277c15fdff85633db15de32a8	false
fast-ta	Price Transform	TYPPRICE: Typical Price	TYPPRICE	caller-owned Batch Computation	none	65536	float	1	97363.60377358491	97044.41509433962	97712.2641509434	673105734.1755888	50	1	0	1	0	65536	fnv1a64:4353ac99036ca1fd	verified		measured		comparable	primary caller-owned Rust/C kernel	2507	106	IndicatorConfig::compute_into; caller output allocation excluded	catalogue_fixture_v1:f64le	fnv1a64:a4171d0a7611733a	0.6.4	43f9d5042ecc4bd367941846494ad907bf20ea50	3.12.13	0.6.4	0.6.4	2.2.3	rustc 1.93.0 (254b59607 2026-01-19)	Apple M2	Darwin 25.5.0 Darwin Kernel Version 25.5.0: Tue Jun  9 22:27:52 PDT 2026; root:xnu-12377.121.10~1/RELEASE_ARM64_T8112	aarch64	64	ta-core=default(f64,std); ta-benchmarks=catalogue-matrix	e61c887995a7cb4277c15fdff85633db15de32a8	false
fast-ta	Price Transform	TYPPRICE: Typical Price	TYPPRICE	Prepared Batch Runner	none	65536	float	1	100924.02450980392	100515.11764705883	101171.36274509804	649359756.6913687	50	6	1	5	0	65536	fnv1a64:4353ac99036ca1fd	verified		measured		unavailable	separate Rust execution cost; not aggregated with the direct C kernel	2521	102	PreparedBatchRunner::compute_into; preparation and caller output allocation excluded	catalogue_fixture_v1:f64le	fnv1a64:a4171d0a7611733a	0.6.4	43f9d5042ecc4bd367941846494ad907bf20ea50	3.12.13	0.6.4	0.6.4	2.2.3	rustc 1.93.0 (254b59607 2026-01-19)	Apple M2	Darwin 25.5.0 Darwin Kernel Version 25.5.0: Tue Jun  9 22:27:52 PDT 2026; root:xnu-12377.121.10~1/RELEASE_ARM64_T8112	aarch64	64	ta-core=default(f64,std); ta-benchmarks=catalogue-matrix	e61c887995a7cb4277c15fdff85633db15de32a8	false
fast-ta	Price Transform	TYPPRICE: Typical Price	TYPPRICE	Streaming Computation	none	65536	float	1	239959.82142857142	238086.30952380953	241277.78571428574	273112388.6067236	50	3	0	3	0	65536	fnv1a64:4353ac99036ca1fd	verified		measured		unavailable	separate Rust execution cost; not aggregated with the direct C kernel	1024	42	StreamingComputation::reset plus one next call per observation; stream and output allocation excluded	catalogue_fixture_v1:f64le	fnv1a64:a4171d0a7611733a	0.6.4	43f9d5042ecc4bd367941846494ad907bf20ea50	3.12.13	0.6.4	0.6.4	2.2.3	rustc 1.93.0 (254b59607 2026-01-19)	Apple M2	Darwin 25.5.0 Darwin Kernel Version 25.5.0: Tue Jun  9 22:27:52 PDT 2026; root:xnu-12377.121.10~1/RELEASE_ARM64_T8112	aarch64	64	ta-core=default(f64,std); ta-benchmarks=catalogue-matrix	e61c887995a7cb4277c15fdff85633db15de32a8	false
TA-Lib C	Price Transform	TYPPRICE: Typical Price	TYPPRICE	direct C caller-owned	none	65536	float	1	20293.723985890654	20266.754850088182	20414.31569664903	3229372787.644315	50	0	0	0	0	65536	fnv1a64:4353ac99036ca1fd	verified		measured		comparable	primary caller-owned Rust/C kernel	13907	567	direct TA_TYPPRICE call; caller output allocation excluded	catalogue_fixture_v1:f64le	fnv1a64:a4171d0a7611733a	0.6.4	43f9d5042ecc4bd367941846494ad907bf20ea50	3.12.13	0.6.4	0.6.4	2.2.3	rustc 1.93.0 (254b59607 2026-01-19)	Apple M2	Darwin 25.5.0 Darwin Kernel Version 25.5.0: Tue Jun  9 22:27:52 PDT 2026; root:xnu-12377.121.10~1/RELEASE_ARM64_T8112	aarch64	64	ta-core=default(f64,std); ta-benchmarks=catalogue-matrix	e61c887995a7cb4277c15fdff85633db15de32a8	false
TA-Lib Python	Price Transform	TYPPRICE: Typical Price	TYPPRICE	official Python NumPy API	none	65536	float	1	18255.565883955	18163.497131214	18365.7235582575	3589918845.3862305	50	6	0	6	0	65536	fnv1a64:4353ac99036ca1fd	verified		measured		unavailable	user-facing Python API cost; not aggregated with caller-owned kernels	12051	539	direct talib.TYPPRICE NumPy API expression including API-owned output; fixture loading excluded	catalogue_fixture_v1:f64le	fnv1a64:a4171d0a7611733a	0.6.4	43f9d5042ecc4bd367941846494ad907bf20ea50	3.12.13	0.6.4	0.6.4	2.2.3	rustc 1.93.0 (254b59607 2026-01-19)	Apple M2	Darwin 25.5.0 Darwin Kernel Version 25.5.0: Tue Jun  9 22:27:52 PDT 2026; root:xnu-12377.121.10~1/RELEASE_ARM64_T8112	aarch64	64	ta-core=default(f64,std); ta-benchmarks=catalogue-matrix	e61c887995a7cb4277c15fdff85633db15de32a8	false
fast-ta	Volume Indicators	OBV: On Balance Volume	OBV	Owned Compact Output	none	65536	float	1	116952.94943820225	116681.64606741574	117443.82022471911	560362097.0211539	50	0	0	0	0	65536	fnv1a64:e593c37485616ce2	verified		measured		unavailable	separate Rust execution cost; not aggregated with the direct C kernel	2133	89	IndicatorConfig::compute; API-owned Compact Output allocation included	catalogue_fixture_v1:f64le	fnv1a64:a4171d0a7611733a	0.6.4	43f9d5042ecc4bd367941846494ad907bf20ea50	3.12.13	0.6.4	0.6.4	2.2.3	rustc 1.93.0 (254b59607 2026-01-19)	Apple M2	Darwin 25.5.0 Darwin Kernel Version 25.5.0: Tue Jun  9 22:27:52 PDT 2026; root:xnu-12377.121.10~1/RELEASE_ARM64_T8112	aarch64	64	ta-core=default(f64,std); ta-benchmarks=catalogue-matrix	e61c887995a7cb4277c15fdff85633db15de32a8	false
fast-ta	Volume Indicators	OBV: On Balance Volume	OBV	caller-owned Batch Computation	none	65536	float	1	112288.95108695653	111483.25	113270.38043478261	583637119.8199985	50	6	0	6	0	65536	fnv1a64:e593c37485616ce2	verified		measured		comparable	primary caller-owned Rust/C kernel	2203	92	IndicatorConfig::compute_into; caller output allocation excluded	catalogue_fixture_v1:f64le	fnv1a64:a4171d0a7611733a	0.6.4	43f9d5042ecc4bd367941846494ad907bf20ea50	3.12.13	0.6.4	0.6.4	2.2.3	rustc 1.93.0 (254b59607 2026-01-19)	Apple M2	Darwin 25.5.0 Darwin Kernel Version 25.5.0: Tue Jun  9 22:27:52 PDT 2026; root:xnu-12377.121.10~1/RELEASE_ARM64_T8112	aarch64	64	ta-core=default(f64,std); ta-benchmarks=catalogue-matrix	e61c887995a7cb4277c15fdff85633db15de32a8	false
fast-ta	Volume Indicators	OBV: On Balance Volume	OBV	Prepared Batch Runner	none	65536	float	1	110376.21511627907	110053.53488372093	110716.81395348837	593751107.79944	50	3	0	3	0	65536	fnv1a64:e593c37485616ce2	verified		measured		unavailable	separate Rust execution cost; not aggregated with the direct C kernel	2216	86	PreparedBatchRunner::compute_into; preparation and caller output allocation excluded	catalogue_fixture_v1:f64le	fnv1a64:a4171d0a7611733a	0.6.4	43f9d5042ecc4bd367941846494ad907bf20ea50	3.12.13	0.6.4	0.6.4	2.2.3	rustc 1.93.0 (254b59607 2026-01-19)	Apple M2	Darwin 25.5.0 Darwin Kernel Version 25.5.0: Tue Jun  9 22:27:52 PDT 2026; root:xnu-12377.121.10~1/RELEASE_ARM64_T8112	aarch64	64	ta-core=default(f64,std); ta-benchmarks=catalogue-matrix	e61c887995a7cb4277c15fdff85633db15de32a8	false
fast-ta	Volume Indicators	OBV: On Balance Volume	OBV	Streaming Computation	none	65536	float	1	372231.48148148146	371476.85185185185	373115.74074074073	176062486.00781077	50	2	0	2	0	65536	fnv1a64:e593c37485616ce2	verified		measured		unavailable	separate Rust execution cost; not aggregated with the direct C kernel	662	27	StreamingComputation::reset plus one next call per observation; stream and output allocation excluded	catalogue_fixture_v1:f64le	fnv1a64:a4171d0a7611733a	0.6.4	43f9d5042ecc4bd367941846494ad907bf20ea50	3.12.13	0.6.4	0.6.4	2.2.3	rustc 1.93.0 (254b59607 2026-01-19)	Apple M2	Darwin 25.5.0 Darwin Kernel Version 25.5.0: Tue Jun  9 22:27:52 PDT 2026; root:xnu-12377.121.10~1/RELEASE_ARM64_T8112	aarch64	64	ta-core=default(f64,std); ta-benchmarks=catalogue-matrix	e61c887995a7cb4277c15fdff85633db15de32a8	false
TA-Lib C	Volume Indicators	OBV: On Balance Volume	OBV	direct C caller-owned	none	65536	float	1	58744.101156069366	58629.33526011561	59002.89017341041	1115618397.5968268	50	4	0	4	0	65536	fnv1a64:e593c37485616ce2	verified		measured		comparable	primary caller-owned Rust/C kernel	4228	173	direct TA_OBV call; caller output allocation excluded	catalogue_fixture_v1:f64le	fnv1a64:a4171d0a7611733a	0.6.4	43f9d5042ecc4bd367941846494ad907bf20ea50	3.12.13	0.6.4	0.6.4	2.2.3	rustc 1.93.0 (254b59607 2026-01-19)	Apple M2	Darwin 25.5.0 Darwin Kernel Version 25.5.0: Tue Jun  9 22:27:52 PDT 2026; root:xnu-12377.121.10~1/RELEASE_ARM64_T8112	aarch64	64	ta-core=default(f64,std); ta-benchmarks=catalogue-matrix	e61c887995a7cb4277c15fdff85633db15de32a8	false
TA-Lib Python	Volume Indicators	OBV: On Balance Volume	OBV	official Python NumPy API	none	65536	float	1	59003.270296163	58900.799431708	59129.843193236	1110718095.302962	50	1	0	1	0	65536	fnv1a64:e593c37485616ce2	verified		measured		unavailable	user-facing Python API cost; not aggregated with caller-owned kernels	4212	172	direct talib.OBV NumPy API expression including API-owned output; fixture loading excluded	catalogue_fixture_v1:f64le	fnv1a64:a4171d0a7611733a	0.6.4	43f9d5042ecc4bd367941846494ad907bf20ea50	3.12.13	0.6.4	0.6.4	2.2.3	rustc 1.93.0 (254b59607 2026-01-19)	Apple M2	Darwin 25.5.0 Darwin Kernel Version 25.5.0: Tue Jun  9 22:27:52 PDT 2026; root:xnu-12377.121.10~1/RELEASE_ARM64_T8112	aarch64	64	ta-core=default(f64,std); ta-benchmarks=catalogue-matrix	e61c887995a7cb4277c15fdff85633db15de32a8	false
fast-ta	Math Transform	SIN: Vector Trigonometric Sine	SIN	Owned Compact Output	none	65536	float	1	255498.96250000002	254961.45	256205.2	256502020.04244927	50	0	0	0	0	65536	fnv1a64:30b1808cf18aee44	verified		measured		unavailable	separate Rust execution cost; not aggregated with the direct C kernel	967	40	IndicatorConfig::compute; API-owned Compact Output allocation included	catalogue_fixture_v1:f64le	fnv1a64:a4171d0a7611733a	0.6.4	43f9d5042ecc4bd367941846494ad907bf20ea50	3.12.13	0.6.4	0.6.4	2.2.3	rustc 1.93.0 (254b59607 2026-01-19)	Apple M2	Darwin 25.5.0 Darwin Kernel Version 25.5.0: Tue Jun  9 22:27:52 PDT 2026; root:xnu-12377.121.10~1/RELEASE_ARM64_T8112	aarch64	64	ta-core=default(f64,std); ta-benchmarks=catalogue-matrix	e61c887995a7cb4277c15fdff85633db15de32a8	false
fast-ta	Math Transform	SIN: Vector Trigonometric Sine	SIN	caller-owned Batch Computation	none	65536	float	1	260682.57894736843	257664.4736842105	263036.7368421053	251401533.10065135	50	1	0	1	0	65536	fnv1a64:30b1808cf18aee44	verified		measured		comparable	primary caller-owned Rust/C kernel	991	38	IndicatorConfig::compute_into; caller output allocation excluded	catalogue_fixture_v1:f64le	fnv1a64:a4171d0a7611733a	0.6.4	43f9d5042ecc4bd367941846494ad907bf20ea50	3.12.13	0.6.4	0.6.4	2.2.3	rustc 1.93.0 (254b59607 2026-01-19)	Apple M2	Darwin 25.5.0 Darwin Kernel Version 25.5.0: Tue Jun  9 22:27:52 PDT 2026; root:xnu-12377.121.10~1/RELEASE_ARM64_T8112	aarch64	64	ta-core=default(f64,std); ta-benchmarks=catalogue-matrix	e61c887995a7cb4277c15fdff85633db15de32a8	false
fast-ta	Math Transform	SIN: Vector Trigonometric Sine	SIN	Prepared Batch Runner	none	65536	float	1	254930.72499999998	253990.625	255485.4	257073759.94007787	50	7	0	7	0	65536	fnv1a64:30b1808cf18aee44	verified		measured		unavailable	separate Rust execution cost; not aggregated with the direct C kernel	964	40	PreparedBatchRunner::compute_into; preparation and caller output allocation excluded	catalogue_fixture_v1:f64le	fnv1a64:a4171d0a7611733a	0.6.4	43f9d5042ecc4bd367941846494ad907bf20ea50	3.12.13	0.6.4	0.6.4	2.2.3	rustc 1.93.0 (254b59607 2026-01-19)	Apple M2	Darwin 25.5.0 Darwin Kernel Version 25.5.0: Tue Jun  9 22:27:52 PDT 2026; root:xnu-12377.121.10~1/RELEASE_ARM64_T8112	aarch64	64	ta-core=default(f64,std); ta-benchmarks=catalogue-matrix	e61c887995a7cb4277c15fdff85633db15de32a8	false
fast-ta	Math Transform	SIN: Vector Trigonometric Sine	SIN	Streaming Computation	none	65536	float	1	241194.76744186046	240000.97674418605	242146.31395348837	271714020.56140095	50	1	0	1	0	65536	fnv1a64:30b1808cf18aee44	verified		measured		unavailable	separate Rust execution cost; not aggregated with the direct C kernel	1040	43	StreamingComputation::reset plus one next call per observation; stream and output allocation excluded	catalogue_fixture_v1:f64le	fnv1a64:a4171d0a7611733a	0.6.4	43f9d5042ecc4bd367941846494ad907bf20ea50	3.12.13	0.6.4	0.6.4	2.2.3	rustc 1.93.0 (254b59607 2026-01-19)	Apple M2	Darwin 25.5.0 Darwin Kernel Version 25.5.0: Tue Jun  9 22:27:52 PDT 2026; root:xnu-12377.121.10~1/RELEASE_ARM64_T8112	aarch64	64	ta-core=default(f64,std); ta-benchmarks=catalogue-matrix	e61c887995a7cb4277c15fdff85633db15de32a8	false
TA-Lib C	Math Transform	SIN: Vector Trigonometric Sine	SIN	direct C caller-owned	none	65536	float	1	224492.88636363635	224050.67045454547	225170.45454545456	291929072.0590762	50	1	0	1	0	65536	fnv1a64:30b1808cf18aee44	verified		measured		comparable	primary caller-owned Rust/C kernel	1083	44	direct TA_SIN call; caller output allocation excluded	catalogue_fixture_v1:f64le	fnv1a64:a4171d0a7611733a	0.6.4	43f9d5042ecc4bd367941846494ad907bf20ea50	3.12.13	0.6.4	0.6.4	2.2.3	rustc 1.93.0 (254b59607 2026-01-19)	Apple M2	Darwin 25.5.0 Darwin Kernel Version 25.5.0: Tue Jun  9 22:27:52 PDT 2026; root:xnu-12377.121.10~1/RELEASE_ARM64_T8112	aarch64	64	ta-core=default(f64,std); ta-benchmarks=catalogue-matrix	e61c887995a7cb4277c15fdff85633db15de32a8	false
TA-Lib Python	Math Transform	SIN: Vector Trigonometric Sine	SIN	official Python NumPy API	none	65536	float	1	224845.366837043	223923.144706835	225833.3338735	291471427.3276412	50	2	0	2	0	65536	fnv1a64:30b1808cf18aee44	verified		measured		unavailable	user-facing Python API cost; not aggregated with caller-owned kernels	1101	45	direct talib.SIN NumPy API expression including API-owned output; fixture loading excluded	catalogue_fixture_v1:f64le	fnv1a64:a4171d0a7611733a	0.6.4	43f9d5042ecc4bd367941846494ad907bf20ea50	3.12.13	0.6.4	0.6.4	2.2.3	rustc 1.93.0 (254b59607 2026-01-19)	Apple M2	Darwin 25.5.0 Darwin Kernel Version 25.5.0: Tue Jun  9 22:27:52 PDT 2026; root:xnu-12377.121.10~1/RELEASE_ARM64_T8112	aarch64	64	ta-core=default(f64,std); ta-benchmarks=catalogue-matrix	e61c887995a7cb4277c15fdff85633db15de32a8	false
fast-ta	Math Operators	ADD: Vector Arithmetic Add	ADD	Owned Compact Output	none	65536	float	1	73968.16197183098	73586.85211267606	74178.98943661971	886002818.6851233	50	4	0	4	0	65536	fnv1a64:9215e92ad1f1444b	verified		measured		unavailable	separate Rust execution cost; not aggregated with the direct C kernel	3422	142	IndicatorConfig::compute; API-owned Compact Output allocation included	catalogue_fixture_v1:f64le	fnv1a64:a4171d0a7611733a	0.6.4	43f9d5042ecc4bd367941846494ad907bf20ea50	3.12.13	0.6.4	0.6.4	2.2.3	rustc 1.93.0 (254b59607 2026-01-19)	Apple M2	Darwin 25.5.0 Darwin Kernel Version 25.5.0: Tue Jun  9 22:27:52 PDT 2026; root:xnu-12377.121.10~1/RELEASE_ARM64_T8112	aarch64	64	ta-core=default(f64,std); ta-benchmarks=catalogue-matrix	e61c887995a7cb4277c15fdff85633db15de32a8	false
fast-ta	Math Operators	ADD: Vector Arithmetic Add	ADD	caller-owned Batch Computation	none	65536	float	1	67975.81468531469	67737.03496503497	68260.34265734266	964107606.5566922	50	1	0	1	0	65536	fnv1a64:9215e92ad1f1444b	verified		measured		comparable	primary caller-owned Rust/C kernel	3716	143	IndicatorConfig::compute_into; caller output allocation excluded	catalogue_fixture_v1:f64le	fnv1a64:a4171d0a7611733a	0.6.4	43f9d5042ecc4bd367941846494ad907bf20ea50	3.12.13	0.6.4	0.6.4	2.2.3	rustc 1.93.0 (254b59607 2026-01-19)	Apple M2	Darwin 25.5.0 Darwin Kernel Version 25.5.0: Tue Jun  9 22:27:52 PDT 2026; root:xnu-12377.121.10~1/RELEASE_ARM64_T8112	aarch64	64	ta-core=default(f64,std); ta-benchmarks=catalogue-matrix	e61c887995a7cb4277c15fdff85633db15de32a8	false
fast-ta	Math Operators	ADD: Vector Arithmetic Add	ADD	Prepared Batch Runner	none	65536	float	1	67661.80666666667	67324.58333333334	67936.66666666666	968581881.3981812	50	1	0	1	0	65536	fnv1a64:9215e92ad1f1444b	verified		measured		unavailable	separate Rust execution cost; not aggregated with the direct C kernel	3568	150	PreparedBatchRunner::compute_into; preparation and caller output allocation excluded	catalogue_fixture_v1:f64le	fnv1a64:a4171d0a7611733a	0.6.4	43f9d5042ecc4bd367941846494ad907bf20ea50	3.12.13	0.6.4	0.6.4	2.2.3	rustc 1.93.0 (254b59607 2026-01-19)	Apple M2	Darwin 25.5.0 Darwin Kernel Version 25.5.0: Tue Jun  9 22:27:52 PDT 2026; root:xnu-12377.121.10~1/RELEASE_ARM64_T8112	aarch64	64	ta-core=default(f64,std); ta-benchmarks=catalogue-matrix	e61c887995a7cb4277c15fdff85633db15de32a8	false
fast-ta	Math Operators	ADD: Vector Arithmetic Add	ADD	Streaming Computation	none	65536	float	1	95714.94841269842	95341.60317460317	96058.03174603175	684699736.9462657	50	2	0	2	0	65536	fnv1a64:9215e92ad1f1444b	verified		measured		unavailable	separate Rust execution cost; not aggregated with the direct C kernel	2723	126	StreamingComputation::reset plus one next call per observation; stream and output allocation excluded	catalogue_fixture_v1:f64le	fnv1a64:a4171d0a7611733a	0.6.4	43f9d5042ecc4bd367941846494ad907bf20ea50	3.12.13	0.6.4	0.6.4	2.2.3	rustc 1.93.0 (254b59607 2026-01-19)	Apple M2	Darwin 25.5.0 Darwin Kernel Version 25.5.0: Tue Jun  9 22:27:52 PDT 2026; root:xnu-12377.121.10~1/RELEASE_ARM64_T8112	aarch64	64	ta-core=default(f64,std); ta-benchmarks=catalogue-matrix	e61c887995a7cb4277c15fdff85633db15de32a8	false
TA-Lib C	Math Operators	ADD: Vector Arithmetic Add	ADD	direct C caller-owned	none	65536	float	1	15363.716640502354	15191.065149136577	15471.807692307691	4265634516.2752976	50	0	0	0	0	65536	fnv1a64:9215e92ad1f1444b	verified		measured		comparable	primary caller-owned Rust/C kernel	16237	637	direct TA_ADD call; caller output allocation excluded	catalogue_fixture_v1:f64le	fnv1a64:a4171d0a7611733a	0.6.4	43f9d5042ecc4bd367941846494ad907bf20ea50	3.12.13	0.6.4	0.6.4	2.2.3	rustc 1.93.0 (254b59607 2026-01-19)	Apple M2	Darwin 25.5.0 Darwin Kernel Version 25.5.0: Tue Jun  9 22:27:52 PDT 2026; root:xnu-12377.121.10~1/RELEASE_ARM64_T8112	aarch64	64	ta-core=default(f64,std); ta-benchmarks=catalogue-matrix	e61c887995a7cb4277c15fdff85633db15de32a8	false
TA-Lib Python	Math Operators	ADD: Vector Arithmetic Add	ADD	official Python NumPy API	none	65536	float	1	15610.618108708	15512.341490948	15658.0984966905	4198168166.284354	50	7	6	1	0	65536	fnv1a64:9215e92ad1f1444b	verified		measured		unavailable	user-facing Python API cost; not aggregated with caller-owned kernels	18099	817	direct talib.ADD NumPy API expression including API-owned output; fixture loading excluded	catalogue_fixture_v1:f64le	fnv1a64:a4171d0a7611733a	0.6.4	43f9d5042ecc4bd367941846494ad907bf20ea50	3.12.13	0.6.4	0.6.4	2.2.3	rustc 1.93.0 (254b59607 2026-01-19)	Apple M2	Darwin 25.5.0 Darwin Kernel Version 25.5.0: Tue Jun  9 22:27:52 PDT 2026; root:xnu-12377.121.10~1/RELEASE_ARM64_T8112	aarch64	64	ta-core=default(f64,std); ta-benchmarks=catalogue-matrix	e61c887995a7cb4277c15fdff85633db15de32a8	false
