implementation	indicator_family	indicator_definition	case_id	mode	parameters	input_length	output_kind	output_arity	median_ns	ci95_lower_ns	ci95_upper_ns	throughput_observations_per_second	sample_count	outlier_count	outlier_low_count	outlier_high_count	output_begin	output_count	output_checksum	semantic_status	semantic_reason	timing_status	timing_reason	comparison_status	comparison_reason	warmup_iterations	iterations_per_sample	timed_boundary	fixture	input_checksum	ta_lib_version	ta_lib_revision	python_version	python_binding_version	python_ta_lib_version	numpy_version	rustc	cpu	os	arch	float_width	features	commit	dirty
fast-ta	Overlap Studies	SMA: Simple Moving Average	SMA	Owned Compact Output	timeperiod=14	256	float	1	293.8287051911691	292.2538210859687	294.5038096112361	871255923.8670803	50	1	0	1	13	243	fnv1a64:3e37ece299fccaa3	verified		measured		unavailable	separate Rust execution cost; not aggregated with the direct C kernel	799275	21787	IndicatorConfig::compute; API-owned Compact Output allocation included	catalogue_fixture_v1:f64le	fnv1a64:73fedfe0ae0a803f	0.6.4	43f9d5042ecc4bd367941846494ad907bf20ea50	3.12.13	0.6.4	0.6.4	2.2.3	rustc 1.93.0 (254b59607 2026-01-19)	Apple M2	Darwin 25.5.0 Darwin Kernel Version 25.5.0: Tue Jun  9 22:27:52 PDT 2026; root:xnu-12377.121.10~1/RELEASE_ARM64_T8112	aarch64	64	ta-core=default(f64,std); ta-benchmarks=catalogue-matrix	d09e20c4bfc0b0719a9458d05859ce4dd17f3d22	true
fast-ta	Overlap Studies	SMA: Simple Moving Average	SMA	caller-owned Batch Computation	timeperiod=14	256	float	1	257.83037087036416	256.91866351670603	258.7131848351895	992900871.7468569	50	0	0	0	13	243	fnv1a64:3e37ece299fccaa3	verified		measured		comparable	primary caller-owned Rust/C kernel	910085	26667	IndicatorConfig::compute_into; caller output allocation excluded	catalogue_fixture_v1:f64le	fnv1a64:73fedfe0ae0a803f	0.6.4	43f9d5042ecc4bd367941846494ad907bf20ea50	3.12.13	0.6.4	0.6.4	2.2.3	rustc 1.93.0 (254b59607 2026-01-19)	Apple M2	Darwin 25.5.0 Darwin Kernel Version 25.5.0: Tue Jun  9 22:27:52 PDT 2026; root:xnu-12377.121.10~1/RELEASE_ARM64_T8112	aarch64	64	ta-core=default(f64,std); ta-benchmarks=catalogue-matrix	d09e20c4bfc0b0719a9458d05859ce4dd17f3d22	true
fast-ta	Overlap Studies	SMA: Simple Moving Average	SMA	Prepared Batch Runner	timeperiod=14	256	float	1	257.7522405969925	256.18431019612257	258.7608279896501	993201841.4546695	50	0	0	0	13	243	fnv1a64:3e37ece299fccaa3	verified		measured		unavailable	separate Rust execution cost; not aggregated with the direct C kernel	911494	26667	PreparedBatchRunner::compute_into; preparation and caller output allocation excluded	catalogue_fixture_v1:f64le	fnv1a64:73fedfe0ae0a803f	0.6.4	43f9d5042ecc4bd367941846494ad907bf20ea50	3.12.13	0.6.4	0.6.4	2.2.3	rustc 1.93.0 (254b59607 2026-01-19)	Apple M2	Darwin 25.5.0 Darwin Kernel Version 25.5.0: Tue Jun  9 22:27:52 PDT 2026; root:xnu-12377.121.10~1/RELEASE_ARM64_T8112	aarch64	64	ta-core=default(f64,std); ta-benchmarks=catalogue-matrix	d09e20c4bfc0b0719a9458d05859ce4dd17f3d22	true
fast-ta	Overlap Studies	SMA: Simple Moving Average	SMA	Streaming Computation	timeperiod=14	256	float	1	1278.4344961240308	1273.57338501292	1282.9833979328164	200244909.51718143	50	0	0	0	13	243	fnv1a64:3e37ece299fccaa3	verified		measured		unavailable	separate Rust execution cost; not aggregated with the direct C kernel	194453	7740	StreamingComputation::reset plus one next call per observation; stream and output allocation excluded	catalogue_fixture_v1:f64le	fnv1a64:73fedfe0ae0a803f	0.6.4	43f9d5042ecc4bd367941846494ad907bf20ea50	3.12.13	0.6.4	0.6.4	2.2.3	rustc 1.93.0 (254b59607 2026-01-19)	Apple M2	Darwin 25.5.0 Darwin Kernel Version 25.5.0: Tue Jun  9 22:27:52 PDT 2026; root:xnu-12377.121.10~1/RELEASE_ARM64_T8112	aarch64	64	ta-core=default(f64,std); ta-benchmarks=catalogue-matrix	d09e20c4bfc0b0719a9458d05859ce4dd17f3d22	true
TA-Lib C	Overlap Studies	SMA: Simple Moving Average	SMA	direct C caller-owned	timeperiod=14	256	float	1	463.9734513274336	461.03246017699115	465.50293805309735	551755707.7190105	50	0	0	0	13	243	fnv1a64:5ba01d7e61357601	verified		measured		comparable	primary caller-owned Rust/C kernel	531062	14125	direct TA_SMA call; caller output allocation excluded	catalogue_fixture_v1:f64le	fnv1a64:73fedfe0ae0a803f	0.6.4	43f9d5042ecc4bd367941846494ad907bf20ea50	3.12.13	0.6.4	0.6.4	2.2.3	rustc 1.93.0 (254b59607 2026-01-19)	Apple M2	Darwin 25.5.0 Darwin Kernel Version 25.5.0: Tue Jun  9 22:27:52 PDT 2026; root:xnu-12377.121.10~1/RELEASE_ARM64_T8112	aarch64	64	ta-core=default(f64,std); ta-benchmarks=catalogue-matrix	d09e20c4bfc0b0719a9458d05859ce4dd17f3d22	true
TA-Lib Python	Overlap Studies	SMA: Simple Moving Average	SMA	official Python NumPy API	timeperiod=14	256	float	1	566.390203822	564.397465006	569.100155756	451985218.4457155	50	2	0	2	13	243	fnv1a64:5ba01d7e61357601	verified		measured		unavailable	user-facing Python API cost; not aggregated with caller-owned kernels	284974	15975	direct talib.SMA NumPy API expression including API-owned output; fixture loading excluded	catalogue_fixture_v1:f64le	fnv1a64:73fedfe0ae0a803f	0.6.4	43f9d5042ecc4bd367941846494ad907bf20ea50	3.12.13	0.6.4	0.6.4	2.2.3	rustc 1.93.0 (254b59607 2026-01-19)	Apple M2	Darwin 25.5.0 Darwin Kernel Version 25.5.0: Tue Jun  9 22:27:52 PDT 2026; root:xnu-12377.121.10~1/RELEASE_ARM64_T8112	aarch64	64	ta-core=default(f64,std); ta-benchmarks=catalogue-matrix	d09e20c4bfc0b0719a9458d05859ce4dd17f3d22	true
fast-ta	Overlap Studies	BBANDS: Bollinger Bands	BBANDS	Owned Compact Output	timeperiod=20;nbdevup=2;nbdevdn=2;matype=SMA	256	float	3	938.4052308012921	936.9638428675628	941.2294988017088	272803253.4317876	50	0	0	0	19	237	fnv1a64:452fee1cda830f1b	verified		measured		unavailable	separate Rust execution cost; not aggregated with the direct C kernel	263708	9597	IndicatorConfig::compute; API-owned Compact Output allocation included	catalogue_fixture_v1:f64le	fnv1a64:73fedfe0ae0a803f	0.6.4	43f9d5042ecc4bd367941846494ad907bf20ea50	3.12.13	0.6.4	0.6.4	2.2.3	rustc 1.93.0 (254b59607 2026-01-19)	Apple M2	Darwin 25.5.0 Darwin Kernel Version 25.5.0: Tue Jun  9 22:27:52 PDT 2026; root:xnu-12377.121.10~1/RELEASE_ARM64_T8112	aarch64	64	ta-core=default(f64,std); ta-benchmarks=catalogue-matrix	d09e20c4bfc0b0719a9458d05859ce4dd17f3d22	true
fast-ta	Overlap Studies	BBANDS: Bollinger Bands	BBANDS	caller-owned Batch Computation	timeperiod=20;nbdevup=2;nbdevdn=2;matype=SMA	256	float	3	823.9692371171832	822.0284247203374	825.8871263524666	310691210.8705245	50	0	0	0	19	237	fnv1a64:452fee1cda830f1b	verified		measured		comparable	primary caller-owned Rust/C kernel	296471	10906	IndicatorConfig::compute_into; caller output allocation excluded	catalogue_fixture_v1:f64le	fnv1a64:73fedfe0ae0a803f	0.6.4	43f9d5042ecc4bd367941846494ad907bf20ea50	3.12.13	0.6.4	0.6.4	2.2.3	rustc 1.93.0 (254b59607 2026-01-19)	Apple M2	Darwin 25.5.0 Darwin Kernel Version 25.5.0: Tue Jun  9 22:27:52 PDT 2026; root:xnu-12377.121.10~1/RELEASE_ARM64_T8112	aarch64	64	ta-core=default(f64,std); ta-benchmarks=catalogue-matrix	d09e20c4bfc0b0719a9458d05859ce4dd17f3d22	true
fast-ta	Overlap Studies	BBANDS: Bollinger Bands	BBANDS	Prepared Batch Runner	timeperiod=20;nbdevup=2;nbdevdn=2;matype=SMA	256	float	3	825.8666880381022	823.9871771386701	827.5229895585271	309977389.45996714	50	1	0	1	19	237	fnv1a64:452fee1cda830f1b	verified		measured		unavailable	separate Rust execution cost; not aggregated with the direct C kernel	296579	10918	PreparedBatchRunner::compute_into; preparation and caller output allocation excluded	catalogue_fixture_v1:f64le	fnv1a64:73fedfe0ae0a803f	0.6.4	43f9d5042ecc4bd367941846494ad907bf20ea50	3.12.13	0.6.4	0.6.4	2.2.3	rustc 1.93.0 (254b59607 2026-01-19)	Apple M2	Darwin 25.5.0 Darwin Kernel Version 25.5.0: Tue Jun  9 22:27:52 PDT 2026; root:xnu-12377.121.10~1/RELEASE_ARM64_T8112	aarch64	64	ta-core=default(f64,std); ta-benchmarks=catalogue-matrix	d09e20c4bfc0b0719a9458d05859ce4dd17f3d22	true
fast-ta	Overlap Studies	BBANDS: Bollinger Bands	BBANDS	Streaming Computation	timeperiod=20;nbdevup=2;nbdevdn=2;matype=SMA	256	float	3	2098.7010835590745	2095.0415711606583	2108.4428005834548	121980210.52424642	50	1	0	1	19	237	fnv1a64:452fee1cda830f1b	verified		measured		unavailable	separate Rust execution cost; not aggregated with the direct C kernel	118059	4799	StreamingComputation::reset plus one next call per observation; stream and output allocation excluded	catalogue_fixture_v1:f64le	fnv1a64:73fedfe0ae0a803f	0.6.4	43f9d5042ecc4bd367941846494ad907bf20ea50	3.12.13	0.6.4	0.6.4	2.2.3	rustc 1.93.0 (254b59607 2026-01-19)	Apple M2	Darwin 25.5.0 Darwin Kernel Version 25.5.0: Tue Jun  9 22:27:52 PDT 2026; root:xnu-12377.121.10~1/RELEASE_ARM64_T8112	aarch64	64	ta-core=default(f64,std); ta-benchmarks=catalogue-matrix	d09e20c4bfc0b0719a9458d05859ce4dd17f3d22	true
TA-Lib C	Overlap Studies	BBANDS: Bollinger Bands	BBANDS	direct C caller-owned	timeperiod=20;nbdevup=2;nbdevdn=2;matype=SMA	256	float	3	986.744894386743	983.4627144357569	991.5733457813047	259438889.88562006	50	1	0	1	19	237	fnv1a64:1fe927e3fb52b1e4	verified		measured		comparable	primary caller-owned Rust/C kernel	248252	8569	direct TA_BBANDS call; caller output allocation excluded	catalogue_fixture_v1:f64le	fnv1a64:73fedfe0ae0a803f	0.6.4	43f9d5042ecc4bd367941846494ad907bf20ea50	3.12.13	0.6.4	0.6.4	2.2.3	rustc 1.93.0 (254b59607 2026-01-19)	Apple M2	Darwin 25.5.0 Darwin Kernel Version 25.5.0: Tue Jun  9 22:27:52 PDT 2026; root:xnu-12377.121.10~1/RELEASE_ARM64_T8112	aarch64	64	ta-core=default(f64,std); ta-benchmarks=catalogue-matrix	d09e20c4bfc0b0719a9458d05859ce4dd17f3d22	true
TA-Lib Python	Overlap Studies	BBANDS: Bollinger Bands	BBANDS	official Python NumPy API	timeperiod=20;nbdevup=2;nbdevdn=2;matype=SMA	256	float	3	1370.107075254	1367.6391680805	1372.793581701	186846710.46789604	50	0	0	0	19	237	fnv1a64:1fe927e3fb52b1e4	verified		measured		unavailable	user-facing Python API cost; not aggregated with caller-owned kernels	148769	6855	direct talib.BBANDS NumPy API expression including API-owned output; fixture loading excluded	catalogue_fixture_v1:f64le	fnv1a64:73fedfe0ae0a803f	0.6.4	43f9d5042ecc4bd367941846494ad907bf20ea50	3.12.13	0.6.4	0.6.4	2.2.3	rustc 1.93.0 (254b59607 2026-01-19)	Apple M2	Darwin 25.5.0 Darwin Kernel Version 25.5.0: Tue Jun  9 22:27:52 PDT 2026; root:xnu-12377.121.10~1/RELEASE_ARM64_T8112	aarch64	64	ta-core=default(f64,std); ta-benchmarks=catalogue-matrix	d09e20c4bfc0b0719a9458d05859ce4dd17f3d22	true
fast-ta	Momentum Indicators	RSI: Relative Strength Index	RSI	Owned Compact Output	timeperiod=14	256	float	1	1317.3584584868236	1314.7919488523662	1321.048243128365	194328277.43335173	50	2	0	2	14	242	fnv1a64:704911d19149ae89	verified		measured		unavailable	separate Rust execution cost; not aggregated with the direct C kernel	187496	7058	IndicatorConfig::compute; API-owned Compact Output allocation included	catalogue_fixture_v1:f64le	fnv1a64:73fedfe0ae0a803f	0.6.4	43f9d5042ecc4bd367941846494ad907bf20ea50	3.12.13	0.6.4	0.6.4	2.2.3	rustc 1.93.0 (254b59607 2026-01-19)	Apple M2	Darwin 25.5.0 Darwin Kernel Version 25.5.0: Tue Jun  9 22:27:52 PDT 2026; root:xnu-12377.121.10~1/RELEASE_ARM64_T8112	aarch64	64	ta-core=default(f64,std); ta-benchmarks=catalogue-matrix	d09e20c4bfc0b0719a9458d05859ce4dd17f3d22	true
fast-ta	Momentum Indicators	RSI: Relative Strength Index	RSI	caller-owned Batch Computation	timeperiod=14	256	float	1	1284.6086209267153	1281.050941839681	1288.1148081946926	199282486.37730756	50	4	0	4	14	242	fnv1a64:704911d19149ae89	verified		measured		comparable	primary caller-owned Rust/C kernel	191870	7273	IndicatorConfig::compute_into; caller output allocation excluded	catalogue_fixture_v1:f64le	fnv1a64:73fedfe0ae0a803f	0.6.4	43f9d5042ecc4bd367941846494ad907bf20ea50	3.12.13	0.6.4	0.6.4	2.2.3	rustc 1.93.0 (254b59607 2026-01-19)	Apple M2	Darwin 25.5.0 Darwin Kernel Version 25.5.0: Tue Jun  9 22:27:52 PDT 2026; root:xnu-12377.121.10~1/RELEASE_ARM64_T8112	aarch64	64	ta-core=default(f64,std); ta-benchmarks=catalogue-matrix	d09e20c4bfc0b0719a9458d05859ce4dd17f3d22	true
fast-ta	Momentum Indicators	RSI: Relative Strength Index	RSI	Prepared Batch Runner	timeperiod=14	256	float	1	1281.0280489481643	1277.361473944727	1286.5162931390073	199839496.26255125	50	0	0	0	14	242	fnv1a64:704911d19149ae89	verified		measured		unavailable	separate Rust execution cost; not aggregated with the direct C kernel	193151	7273	PreparedBatchRunner::compute_into; preparation and caller output allocation excluded	catalogue_fixture_v1:f64le	fnv1a64:73fedfe0ae0a803f	0.6.4	43f9d5042ecc4bd367941846494ad907bf20ea50	3.12.13	0.6.4	0.6.4	2.2.3	rustc 1.93.0 (254b59607 2026-01-19)	Apple M2	Darwin 25.5.0 Darwin Kernel Version 25.5.0: Tue Jun  9 22:27:52 PDT 2026; root:xnu-12377.121.10~1/RELEASE_ARM64_T8112	aarch64	64	ta-core=default(f64,std); ta-benchmarks=catalogue-matrix	d09e20c4bfc0b0719a9458d05859ce4dd17f3d22	true
fast-ta	Momentum Indicators	RSI: Relative Strength Index	RSI	Streaming Computation	timeperiod=14	256	float	1	2210.7770046388337	2206.3545394300863	2218.025182239894	115796391.70429212	50	1	0	1	14	242	fnv1a64:704911d19149ae89	verified		measured		unavailable	separate Rust execution cost; not aggregated with the direct C kernel	112162	4527	StreamingComputation::reset plus one next call per observation; stream and output allocation excluded	catalogue_fixture_v1:f64le	fnv1a64:73fedfe0ae0a803f	0.6.4	43f9d5042ecc4bd367941846494ad907bf20ea50	3.12.13	0.6.4	0.6.4	2.2.3	rustc 1.93.0 (254b59607 2026-01-19)	Apple M2	Darwin 25.5.0 Darwin Kernel Version 25.5.0: Tue Jun  9 22:27:52 PDT 2026; root:xnu-12377.121.10~1/RELEASE_ARM64_T8112	aarch64	64	ta-core=default(f64,std); ta-benchmarks=catalogue-matrix	d09e20c4bfc0b0719a9458d05859ce4dd17f3d22	true
TA-Lib C	Momentum Indicators	RSI: Relative Strength Index	RSI	direct C caller-owned	timeperiod=14	256	float	1	1408.6084584868236	1405.532728818362	1410.4208699348258	181739644.15562585	50	2	0	2	14	242	fnv1a64:704911d19149ae89	verified		measured		comparable	primary caller-owned Rust/C kernel	176433	7058	direct TA_RSI call; caller output allocation excluded	catalogue_fixture_v1:f64le	fnv1a64:73fedfe0ae0a803f	0.6.4	43f9d5042ecc4bd367941846494ad907bf20ea50	3.12.13	0.6.4	0.6.4	2.2.3	rustc 1.93.0 (254b59607 2026-01-19)	Apple M2	Darwin 25.5.0 Darwin Kernel Version 25.5.0: Tue Jun  9 22:27:52 PDT 2026; root:xnu-12377.121.10~1/RELEASE_ARM64_T8112	aarch64	64	ta-core=default(f64,std); ta-benchmarks=catalogue-matrix	d09e20c4bfc0b0719a9458d05859ce4dd17f3d22	true
TA-Lib Python	Momentum Indicators	RSI: Relative Strength Index	RSI	official Python NumPy API	timeperiod=14	256	float	1	1521.3315631875	1516.3888947845	1525.782554779	168273640.14168468	50	1	0	1	14	242	fnv1a64:704911d19149ae89	verified		measured		unavailable	user-facing Python API cost; not aggregated with caller-owned kernels	138007	6314	direct talib.RSI NumPy API expression including API-owned output; fixture loading excluded	catalogue_fixture_v1:f64le	fnv1a64:73fedfe0ae0a803f	0.6.4	43f9d5042ecc4bd367941846494ad907bf20ea50	3.12.13	0.6.4	0.6.4	2.2.3	rustc 1.93.0 (254b59607 2026-01-19)	Apple M2	Darwin 25.5.0 Darwin Kernel Version 25.5.0: Tue Jun  9 22:27:52 PDT 2026; root:xnu-12377.121.10~1/RELEASE_ARM64_T8112	aarch64	64	ta-core=default(f64,std); ta-benchmarks=catalogue-matrix	d09e20c4bfc0b0719a9458d05859ce4dd17f3d22	true
fast-ta	Momentum Indicators	MACD: Moving Average Convergence/Divergence	MACD	Owned Compact Output	fastperiod=12;slowperiod=26;signalperiod=9	256	float	3	866.22915	862.5209	868.225	295533808.80798113	50	0	0	0	33	223	fnv1a64:fb88d74066d8bf54	verified		measured		unavailable	separate Rust execution cost; not aggregated with the direct C kernel	285485	10000	IndicatorConfig::compute; API-owned Compact Output allocation included	catalogue_fixture_v1:f64le	fnv1a64:73fedfe0ae0a803f	0.6.4	43f9d5042ecc4bd367941846494ad907bf20ea50	3.12.13	0.6.4	0.6.4	2.2.3	rustc 1.93.0 (254b59607 2026-01-19)	Apple M2	Darwin 25.5.0 Darwin Kernel Version 25.5.0: Tue Jun  9 22:27:52 PDT 2026; root:xnu-12377.121.10~1/RELEASE_ARM64_T8112	aarch64	64	ta-core=default(f64,std); ta-benchmarks=catalogue-matrix	d09e20c4bfc0b0719a9458d05859ce4dd17f3d22	true
fast-ta	Momentum Indicators	MACD: Moving Average Convergence/Divergence	MACD	caller-owned Batch Computation	fastperiod=12;slowperiod=26;signalperiod=9	256	float	3	753.842549654388	751.709860880217	756.0117683086885	339593460.35504043	50	0	0	0	33	223	fnv1a64:fb88d74066d8bf54	verified		measured		comparable	primary caller-owned Rust/C kernel	324302	11429	IndicatorConfig::compute_into; caller output allocation excluded	catalogue_fixture_v1:f64le	fnv1a64:73fedfe0ae0a803f	0.6.4	43f9d5042ecc4bd367941846494ad907bf20ea50	3.12.13	0.6.4	0.6.4	2.2.3	rustc 1.93.0 (254b59607 2026-01-19)	Apple M2	Darwin 25.5.0 Darwin Kernel Version 25.5.0: Tue Jun  9 22:27:52 PDT 2026; root:xnu-12377.121.10~1/RELEASE_ARM64_T8112	aarch64	64	ta-core=default(f64,std); ta-benchmarks=catalogue-matrix	d09e20c4bfc0b0719a9458d05859ce4dd17f3d22	true
fast-ta	Momentum Indicators	MACD: Moving Average Convergence/Divergence	MACD	Prepared Batch Runner	fastperiod=12;slowperiod=26;signalperiod=9	256	float	3	756.7992387785457	753.9318838043573	758.2173855980401	338266725.0209941	50	0	0	0	33	223	fnv1a64:fb88d74066d8bf54	verified		measured		unavailable	separate Rust execution cost; not aggregated with the direct C kernel	322987	11429	PreparedBatchRunner::compute_into; preparation and caller output allocation excluded	catalogue_fixture_v1:f64le	fnv1a64:73fedfe0ae0a803f	0.6.4	43f9d5042ecc4bd367941846494ad907bf20ea50	3.12.13	0.6.4	0.6.4	2.2.3	rustc 1.93.0 (254b59607 2026-01-19)	Apple M2	Darwin 25.5.0 Darwin Kernel Version 25.5.0: Tue Jun  9 22:27:52 PDT 2026; root:xnu-12377.121.10~1/RELEASE_ARM64_T8112	aarch64	64	ta-core=default(f64,std); ta-benchmarks=catalogue-matrix	d09e20c4bfc0b0719a9458d05859ce4dd17f3d22	true
fast-ta	Momentum Indicators	MACD: Moving Average Convergence/Divergence	MACD	Streaming Computation	fastperiod=12;slowperiod=26;signalperiod=9	256	float	3	3679.510873504893	3673.130482058717	3685.090974990939	69574464.86797549	50	5	0	5	33	223	fnv1a64:fb88d74066d8bf54	verified		measured		unavailable	separate Rust execution cost; not aggregated with the direct C kernel	67730	2759	StreamingComputation::reset plus one next call per observation; stream and output allocation excluded	catalogue_fixture_v1:f64le	fnv1a64:73fedfe0ae0a803f	0.6.4	43f9d5042ecc4bd367941846494ad907bf20ea50	3.12.13	0.6.4	0.6.4	2.2.3	rustc 1.93.0 (254b59607 2026-01-19)	Apple M2	Darwin 25.5.0 Darwin Kernel Version 25.5.0: Tue Jun  9 22:27:52 PDT 2026; root:xnu-12377.121.10~1/RELEASE_ARM64_T8112	aarch64	64	ta-core=default(f64,std); ta-benchmarks=catalogue-matrix	d09e20c4bfc0b0719a9458d05859ce4dd17f3d22	true
TA-Lib C	Momentum Indicators	MACD: Moving Average Convergence/Divergence	MACD	direct C caller-owned	fastperiod=12;slowperiod=26;signalperiod=9	256	float	3	1530.574595765961	1527.0948491415236	1534.3113852308718	167257447.43717462	50	0	0	0	33	223	fnv1a64:ae8cc7092892ecc8	verified		measured		comparable	primary caller-owned Rust/C kernel	161929	5999	direct TA_MACD call; caller output allocation excluded	catalogue_fixture_v1:f64le	fnv1a64:73fedfe0ae0a803f	0.6.4	43f9d5042ecc4bd367941846494ad907bf20ea50	3.12.13	0.6.4	0.6.4	2.2.3	rustc 1.93.0 (254b59607 2026-01-19)	Apple M2	Darwin 25.5.0 Darwin Kernel Version 25.5.0: Tue Jun  9 22:27:52 PDT 2026; root:xnu-12377.121.10~1/RELEASE_ARM64_T8112	aarch64	64	ta-core=default(f64,std); ta-benchmarks=catalogue-matrix	d09e20c4bfc0b0719a9458d05859ce4dd17f3d22	true
TA-Lib Python	Momentum Indicators	MACD: Moving Average Convergence/Divergence	MACD	official Python NumPy API	fastperiod=12;slowperiod=26;signalperiod=9	256	float	3	1909.4345703755	1902.4443753414998	1914.232300141	134071103.54645789	50	1	0	1	33	223	fnv1a64:ae8cc7092892ecc8	verified		measured		unavailable	user-facing Python API cost; not aggregated with caller-owned kernels	113142	4998	direct talib.MACD NumPy API expression including API-owned output; fixture loading excluded	catalogue_fixture_v1:f64le	fnv1a64:73fedfe0ae0a803f	0.6.4	43f9d5042ecc4bd367941846494ad907bf20ea50	3.12.13	0.6.4	0.6.4	2.2.3	rustc 1.93.0 (254b59607 2026-01-19)	Apple M2	Darwin 25.5.0 Darwin Kernel Version 25.5.0: Tue Jun  9 22:27:52 PDT 2026; root:xnu-12377.121.10~1/RELEASE_ARM64_T8112	aarch64	64	ta-core=default(f64,std); ta-benchmarks=catalogue-matrix	d09e20c4bfc0b0719a9458d05859ce4dd17f3d22	true
fast-ta	Volatility Indicators	ATR: Average True Range	ATR	Owned Compact Output	timeperiod=14	256	float	1	1363.742540904716	1362.2759521517944	1367.3146569503642	187718716.92890644	50	2	0	2	14	242	fnv1a64:e201ee4cd8bdbc90	verified		measured		unavailable	separate Rust execution cost; not aggregated with the direct C kernel	180939	7273	IndicatorConfig::compute; API-owned Compact Output allocation included	catalogue_fixture_v1:f64le	fnv1a64:73fedfe0ae0a803f	0.6.4	43f9d5042ecc4bd367941846494ad907bf20ea50	3.12.13	0.6.4	0.6.4	2.2.3	rustc 1.93.0 (254b59607 2026-01-19)	Apple M2	Darwin 25.5.0 Darwin Kernel Version 25.5.0: Tue Jun  9 22:27:52 PDT 2026; root:xnu-12377.121.10~1/RELEASE_ARM64_T8112	aarch64	64	ta-core=default(f64,std); ta-benchmarks=catalogue-matrix	d09e20c4bfc0b0719a9458d05859ce4dd17f3d22	true
fast-ta	Volatility Indicators	ATR: Average True Range	ATR	caller-owned Batch Computation	timeperiod=14	256	float	1	1329.5236491131582	1324.3331500068748	1333.0668912415786	192550166.49817514	50	4	0	4	14	242	fnv1a64:e201ee4cd8bdbc90	verified		measured		comparable	primary caller-owned Rust/C kernel	186194	7273	IndicatorConfig::compute_into; caller output allocation excluded	catalogue_fixture_v1:f64le	fnv1a64:73fedfe0ae0a803f	0.6.4	43f9d5042ecc4bd367941846494ad907bf20ea50	3.12.13	0.6.4	0.6.4	2.2.3	rustc 1.93.0 (254b59607 2026-01-19)	Apple M2	Darwin 25.5.0 Darwin Kernel Version 25.5.0: Tue Jun  9 22:27:52 PDT 2026; root:xnu-12377.121.10~1/RELEASE_ARM64_T8112	aarch64	64	ta-core=default(f64,std); ta-benchmarks=catalogue-matrix	d09e20c4bfc0b0719a9458d05859ce4dd17f3d22	true
fast-ta	Volatility Indicators	ATR: Average True Range	ATR	Prepared Batch Runner	timeperiod=14	256	float	1	1330.3682806455915	1326.124849939976	1332.9665199413098	192427919.18924147	50	0	0	0	14	242	fnv1a64:e201ee4cd8bdbc90	verified		measured		unavailable	separate Rust execution cost; not aggregated with the direct C kernel	186151	7497	PreparedBatchRunner::compute_into; preparation and caller output allocation excluded	catalogue_fixture_v1:f64le	fnv1a64:73fedfe0ae0a803f	0.6.4	43f9d5042ecc4bd367941846494ad907bf20ea50	3.12.13	0.6.4	0.6.4	2.2.3	rustc 1.93.0 (254b59607 2026-01-19)	Apple M2	Darwin 25.5.0 Darwin Kernel Version 25.5.0: Tue Jun  9 22:27:52 PDT 2026; root:xnu-12377.121.10~1/RELEASE_ARM64_T8112	aarch64	64	ta-core=default(f64,std); ta-benchmarks=catalogue-matrix	d09e20c4bfc0b0719a9458d05859ce4dd17f3d22	true
fast-ta	Volatility Indicators	ATR: Average True Range	ATR	Streaming Computation	timeperiod=14	256	float	1	2203.4108287817617	2198.9035858465923	2214.2949418190456	116183508.15745932	50	0	0	0	14	242	fnv1a64:e201ee4cd8bdbc90	verified		measured		unavailable	separate Rust execution cost; not aggregated with the direct C kernel	112297	4211	StreamingComputation::reset plus one next call per observation; stream and output allocation excluded	catalogue_fixture_v1:f64le	fnv1a64:73fedfe0ae0a803f	0.6.4	43f9d5042ecc4bd367941846494ad907bf20ea50	3.12.13	0.6.4	0.6.4	2.2.3	rustc 1.93.0 (254b59607 2026-01-19)	Apple M2	Darwin 25.5.0 Darwin Kernel Version 25.5.0: Tue Jun  9 22:27:52 PDT 2026; root:xnu-12377.121.10~1/RELEASE_ARM64_T8112	aarch64	64	ta-core=default(f64,std); ta-benchmarks=catalogue-matrix	d09e20c4bfc0b0719a9458d05859ce4dd17f3d22	true
TA-Lib C	Volatility Indicators	ATR: Average True Range	ATR	direct C caller-owned	timeperiod=14	256	float	1	1343.3904853567992	1337.478207067235	1348.6640313488244	190562612.12986588	50	1	0	1	14	242	fnv1a64:e201ee4cd8bdbc90	verified		measured		comparable	primary caller-owned Rust/C kernel	185405	7273	direct TA_ATR call; caller output allocation excluded	catalogue_fixture_v1:f64le	fnv1a64:73fedfe0ae0a803f	0.6.4	43f9d5042ecc4bd367941846494ad907bf20ea50	3.12.13	0.6.4	0.6.4	2.2.3	rustc 1.93.0 (254b59607 2026-01-19)	Apple M2	Darwin 25.5.0 Darwin Kernel Version 25.5.0: Tue Jun  9 22:27:52 PDT 2026; root:xnu-12377.121.10~1/RELEASE_ARM64_T8112	aarch64	64	ta-core=default(f64,std); ta-benchmarks=catalogue-matrix	d09e20c4bfc0b0719a9458d05859ce4dd17f3d22	true
TA-Lib Python	Volatility Indicators	ATR: Average True Range	ATR	official Python NumPy API	timeperiod=14	256	float	1	1491.338696906	1488.3198275347374	1495.413684893	171657853.80015245	50	1	0	1	14	242	fnv1a64:e201ee4cd8bdbc90	verified		measured		unavailable	user-facing Python API cost; not aggregated with caller-owned kernels	140150	6314	direct talib.ATR NumPy API expression including API-owned output; fixture loading excluded	catalogue_fixture_v1:f64le	fnv1a64:73fedfe0ae0a803f	0.6.4	43f9d5042ecc4bd367941846494ad907bf20ea50	3.12.13	0.6.4	0.6.4	2.2.3	rustc 1.93.0 (254b59607 2026-01-19)	Apple M2	Darwin 25.5.0 Darwin Kernel Version 25.5.0: Tue Jun  9 22:27:52 PDT 2026; root:xnu-12377.121.10~1/RELEASE_ARM64_T8112	aarch64	64	ta-core=default(f64,std); ta-benchmarks=catalogue-matrix	d09e20c4bfc0b0719a9458d05859ce4dd17f3d22	true
fast-ta	Momentum Indicators	ADX: Average Directional Movement Index	ADX	Owned Compact Output	timeperiod=14	256	float	1	1600.963068181818	1593.872250733138	1604.3804068914956	159903751.11571693	50	0	0	0	27	229	fnv1a64:5f19198bbbe9b60c	verified		measured		unavailable	separate Rust execution cost; not aggregated with the direct C kernel	154642	5456	IndicatorConfig::compute; API-owned Compact Output allocation included	catalogue_fixture_v1:f64le	fnv1a64:73fedfe0ae0a803f	0.6.4	43f9d5042ecc4bd367941846494ad907bf20ea50	3.12.13	0.6.4	0.6.4	2.2.3	rustc 1.93.0 (254b59607 2026-01-19)	Apple M2	Darwin 25.5.0 Darwin Kernel Version 25.5.0: Tue Jun  9 22:27:52 PDT 2026; root:xnu-12377.121.10~1/RELEASE_ARM64_T8112	aarch64	64	ta-core=default(f64,std); ta-benchmarks=catalogue-matrix	d09e20c4bfc0b0719a9458d05859ce4dd17f3d22	true
fast-ta	Momentum Indicators	ADX: Average Directional Movement Index	ADX	caller-owned Batch Computation	timeperiod=14	256	float	1	1566.056176029338	1559.9683280546758	1572.5294215702615	163467954.67393512	50	2	0	2	27	229	fnv1a64:5f19198bbbe9b60c	verified		measured		comparable	primary caller-owned Rust/C kernel	157676	5999	IndicatorConfig::compute_into; caller output allocation excluded	catalogue_fixture_v1:f64le	fnv1a64:73fedfe0ae0a803f	0.6.4	43f9d5042ecc4bd367941846494ad907bf20ea50	3.12.13	0.6.4	0.6.4	2.2.3	rustc 1.93.0 (254b59607 2026-01-19)	Apple M2	Darwin 25.5.0 Darwin Kernel Version 25.5.0: Tue Jun  9 22:27:52 PDT 2026; root:xnu-12377.121.10~1/RELEASE_ARM64_T8112	aarch64	64	ta-core=default(f64,std); ta-benchmarks=catalogue-matrix	d09e20c4bfc0b0719a9458d05859ce4dd17f3d22	true
fast-ta	Momentum Indicators	ADX: Average Directional Movement Index	ADX	Prepared Batch Runner	timeperiod=14	256	float	1	1567.4662508544088	1561.7275290498974	1572.6177375256323	163320900.7597179	50	3	0	3	27	229	fnv1a64:5f19198bbbe9b60c	verified		measured		unavailable	separate Rust execution cost; not aggregated with the direct C kernel	157873	5852	PreparedBatchRunner::compute_into; preparation and caller output allocation excluded	catalogue_fixture_v1:f64le	fnv1a64:73fedfe0ae0a803f	0.6.4	43f9d5042ecc4bd367941846494ad907bf20ea50	3.12.13	0.6.4	0.6.4	2.2.3	rustc 1.93.0 (254b59607 2026-01-19)	Apple M2	Darwin 25.5.0 Darwin Kernel Version 25.5.0: Tue Jun  9 22:27:52 PDT 2026; root:xnu-12377.121.10~1/RELEASE_ARM64_T8112	aarch64	64	ta-core=default(f64,std); ta-benchmarks=catalogue-matrix	d09e20c4bfc0b0719a9458d05859ce4dd17f3d22	true
fast-ta	Momentum Indicators	ADX: Average Directional Movement Index	ADX	Streaming Computation	timeperiod=14	256	float	1	3422.549160251924	3409.2751924422673	3442.6172148355495	74798049.06035493	50	0	0	0	27	229	fnv1a64:5f19198bbbe9b60c	verified		measured		unavailable	separate Rust execution cost; not aggregated with the direct C kernel	71633	2858	StreamingComputation::reset plus one next call per observation; stream and output allocation excluded	catalogue_fixture_v1:f64le	fnv1a64:73fedfe0ae0a803f	0.6.4	43f9d5042ecc4bd367941846494ad907bf20ea50	3.12.13	0.6.4	0.6.4	2.2.3	rustc 1.93.0 (254b59607 2026-01-19)	Apple M2	Darwin 25.5.0 Darwin Kernel Version 25.5.0: Tue Jun  9 22:27:52 PDT 2026; root:xnu-12377.121.10~1/RELEASE_ARM64_T8112	aarch64	64	ta-core=default(f64,std); ta-benchmarks=catalogue-matrix	d09e20c4bfc0b0719a9458d05859ce4dd17f3d22	true
TA-Lib C	Momentum Indicators	ADX: Average Directional Movement Index	ADX	direct C caller-owned	timeperiod=14	256	float	1	1503.5105622359442	1492.3729281767955	1509.4788755281118	170268175.3158354	50	0	0	0	27	229	fnv1a64:1dcdacc4b2a9a145	verified		measured		comparable	primary caller-owned Rust/C kernel	171492	6154	direct TA_ADX call; caller output allocation excluded	catalogue_fixture_v1:f64le	fnv1a64:73fedfe0ae0a803f	0.6.4	43f9d5042ecc4bd367941846494ad907bf20ea50	3.12.13	0.6.4	0.6.4	2.2.3	rustc 1.93.0 (254b59607 2026-01-19)	Apple M2	Darwin 25.5.0 Darwin Kernel Version 25.5.0: Tue Jun  9 22:27:52 PDT 2026; root:xnu-12377.121.10~1/RELEASE_ARM64_T8112	aarch64	64	ta-core=default(f64,std); ta-benchmarks=catalogue-matrix	d09e20c4bfc0b0719a9458d05859ce4dd17f3d22	true
TA-Lib Python	Momentum Indicators	ADX: Average Directional Movement Index	ADX	official Python NumPy API	timeperiod=14	256	float	1	1608.6090684895	1604.626220501	1613.3250201595001	159143700.6135907	50	0	0	0	27	229	fnv1a64:1dcdacc4b2a9a145	verified		measured		unavailable	user-facing Python API cost; not aggregated with caller-owned kernels	130785	5712	direct talib.ADX NumPy API expression including API-owned output; fixture loading excluded	catalogue_fixture_v1:f64le	fnv1a64:73fedfe0ae0a803f	0.6.4	43f9d5042ecc4bd367941846494ad907bf20ea50	3.12.13	0.6.4	0.6.4	2.2.3	rustc 1.93.0 (254b59607 2026-01-19)	Apple M2	Darwin 25.5.0 Darwin Kernel Version 25.5.0: Tue Jun  9 22:27:52 PDT 2026; root:xnu-12377.121.10~1/RELEASE_ARM64_T8112	aarch64	64	ta-core=default(f64,std); ta-benchmarks=catalogue-matrix	d09e20c4bfc0b0719a9458d05859ce4dd17f3d22	true
fast-ta	Cycle Indicators	HT_DCPHASE: Hilbert Transform Dominant Cycle Phase	HT_DCPHASE	Owned Compact Output	none	256	float	1	24607.05596107056	24548.96593673966	24684.052311435524	10403520.047461314	50	3	0	3	63	193	fnv1a64:5de06b02103ca09e	verified		measured		unavailable	separate Rust execution cost; not aggregated with the direct C kernel	10080	411	IndicatorConfig::compute; API-owned Compact Output allocation included	catalogue_fixture_v1:f64le	fnv1a64:73fedfe0ae0a803f	0.6.4	43f9d5042ecc4bd367941846494ad907bf20ea50	3.12.13	0.6.4	0.6.4	2.2.3	rustc 1.93.0 (254b59607 2026-01-19)	Apple M2	Darwin 25.5.0 Darwin Kernel Version 25.5.0: Tue Jun  9 22:27:52 PDT 2026; root:xnu-12377.121.10~1/RELEASE_ARM64_T8112	aarch64	64	ta-core=default(f64,std); ta-benchmarks=catalogue-matrix	d09e20c4bfc0b0719a9458d05859ce4dd17f3d22	true
fast-ta	Cycle Indicators	HT_DCPHASE: Hilbert Transform Dominant Cycle Phase	HT_DCPHASE	caller-owned Batch Computation	none	256	float	1	24548.696821515892	24503.87041564792	24643.848410757946	10428252.133352628	50	1	0	1	63	193	fnv1a64:5de06b02103ca09e	verified		measured		comparable	primary caller-owned Rust/C kernel	10160	409	IndicatorConfig::compute_into; caller output allocation excluded	catalogue_fixture_v1:f64le	fnv1a64:73fedfe0ae0a803f	0.6.4	43f9d5042ecc4bd367941846494ad907bf20ea50	3.12.13	0.6.4	0.6.4	2.2.3	rustc 1.93.0 (254b59607 2026-01-19)	Apple M2	Darwin 25.5.0 Darwin Kernel Version 25.5.0: Tue Jun  9 22:27:52 PDT 2026; root:xnu-12377.121.10~1/RELEASE_ARM64_T8112	aarch64	64	ta-core=default(f64,std); ta-benchmarks=catalogue-matrix	d09e20c4bfc0b0719a9458d05859ce4dd17f3d22	true
fast-ta	Cycle Indicators	HT_DCPHASE: Hilbert Transform Dominant Cycle Phase	HT_DCPHASE	Prepared Batch Runner	none	256	float	1	24623.587167070218	24547.314769975786	24702.329297820823	10396535.57635809	50	0	0	0	63	193	fnv1a64:5de06b02103ca09e	verified		measured		unavailable	separate Rust execution cost; not aggregated with the direct C kernel	10186	413	PreparedBatchRunner::compute_into; preparation and caller output allocation excluded	catalogue_fixture_v1:f64le	fnv1a64:73fedfe0ae0a803f	0.6.4	43f9d5042ecc4bd367941846494ad907bf20ea50	3.12.13	0.6.4	0.6.4	2.2.3	rustc 1.93.0 (254b59607 2026-01-19)	Apple M2	Darwin 25.5.0 Darwin Kernel Version 25.5.0: Tue Jun  9 22:27:52 PDT 2026; root:xnu-12377.121.10~1/RELEASE_ARM64_T8112	aarch64	64	ta-core=default(f64,std); ta-benchmarks=catalogue-matrix	d09e20c4bfc0b0719a9458d05859ce4dd17f3d22	true
fast-ta	Cycle Indicators	HT_DCPHASE: Hilbert Transform Dominant Cycle Phase	HT_DCPHASE	Streaming Computation	none	256	float	1	23757.44859813084	23677.959112149532	23806.269859813085	10775567.878957393	50	0	0	0	63	193	fnv1a64:5de06b02103ca09e	verified		measured		unavailable	separate Rust execution cost; not aggregated with the direct C kernel	10475	428	StreamingComputation::reset plus one next call per observation; stream and output allocation excluded	catalogue_fixture_v1:f64le	fnv1a64:73fedfe0ae0a803f	0.6.4	43f9d5042ecc4bd367941846494ad907bf20ea50	3.12.13	0.6.4	0.6.4	2.2.3	rustc 1.93.0 (254b59607 2026-01-19)	Apple M2	Darwin 25.5.0 Darwin Kernel Version 25.5.0: Tue Jun  9 22:27:52 PDT 2026; root:xnu-12377.121.10~1/RELEASE_ARM64_T8112	aarch64	64	ta-core=default(f64,std); ta-benchmarks=catalogue-matrix	d09e20c4bfc0b0719a9458d05859ce4dd17f3d22	true
TA-Lib C	Cycle Indicators	HT_DCPHASE: Hilbert Transform Dominant Cycle Phase	HT_DCPHASE	direct C caller-owned	none	256	float	1	19817.050100200402	19775.134268537073	19878.088176352707	12918168.885156685	50	1	0	1	63	193	fnv1a64:a308bbdd7dd86e9c	verified		measured		comparable	primary caller-owned Rust/C kernel	12603	499	direct TA_HT_DCPHASE call; caller output allocation excluded	catalogue_fixture_v1:f64le	fnv1a64:73fedfe0ae0a803f	0.6.4	43f9d5042ecc4bd367941846494ad907bf20ea50	3.12.13	0.6.4	0.6.4	2.2.3	rustc 1.93.0 (254b59607 2026-01-19)	Apple M2	Darwin 25.5.0 Darwin Kernel Version 25.5.0: Tue Jun  9 22:27:52 PDT 2026; root:xnu-12377.121.10~1/RELEASE_ARM64_T8112	aarch64	64	ta-core=default(f64,std); ta-benchmarks=catalogue-matrix	d09e20c4bfc0b0719a9458d05859ce4dd17f3d22	true
TA-Lib Python	Cycle Indicators	HT_DCPHASE: Hilbert Transform Dominant Cycle Phase	HT_DCPHASE	official Python NumPy API	none	256	float	1	19687.130911125503	19646.570884887	19737.942933516	13003418.38308854	50	0	0	0	63	193	fnv1a64:a308bbdd7dd86e9c	verified		measured		unavailable	user-facing Python API cost; not aggregated with caller-owned kernels	12469	508	direct talib.HT_DCPHASE NumPy API expression including API-owned output; fixture loading excluded	catalogue_fixture_v1:f64le	fnv1a64:73fedfe0ae0a803f	0.6.4	43f9d5042ecc4bd367941846494ad907bf20ea50	3.12.13	0.6.4	0.6.4	2.2.3	rustc 1.93.0 (254b59607 2026-01-19)	Apple M2	Darwin 25.5.0 Darwin Kernel Version 25.5.0: Tue Jun  9 22:27:52 PDT 2026; root:xnu-12377.121.10~1/RELEASE_ARM64_T8112	aarch64	64	ta-core=default(f64,std); ta-benchmarks=catalogue-matrix	d09e20c4bfc0b0719a9458d05859ce4dd17f3d22	true
fast-ta	Pattern Recognition	CDLDOJI: Doji	CDLDOJI	Owned Compact Output	candle_settings=TA-Lib defaults	256	integer	1	558.321517192485	556.8799716412619	560.4572846508331	458517166.3941842	50	0	0	0	10	246	fnv1a64:1a5464c16caf8419	verified		measured		unavailable	separate Rust execution cost; not aggregated with the direct C kernel	441085	14105	IndicatorConfig::compute; API-owned Compact Output allocation included	catalogue_fixture_v1:f64le	fnv1a64:73fedfe0ae0a803f	0.6.4	43f9d5042ecc4bd367941846494ad907bf20ea50	3.12.13	0.6.4	0.6.4	2.2.3	rustc 1.93.0 (254b59607 2026-01-19)	Apple M2	Darwin 25.5.0 Darwin Kernel Version 25.5.0: Tue Jun  9 22:27:52 PDT 2026; root:xnu-12377.121.10~1/RELEASE_ARM64_T8112	aarch64	64	ta-core=default(f64,std); ta-benchmarks=catalogue-matrix	d09e20c4bfc0b0719a9458d05859ce4dd17f3d22	true
fast-ta	Pattern Recognition	CDLDOJI: Doji	CDLDOJI	caller-owned Batch Computation	candle_settings=TA-Lib defaults	256	integer	1	501.61617527725184	499.9030565323235	502.8917040843927	510350368.70273256	50	0	0	0	10	246	fnv1a64:1a5464c16caf8419	verified		measured		comparable	primary caller-owned Rust/C kernel	491378	18485	IndicatorConfig::compute_into; caller output allocation excluded	catalogue_fixture_v1:f64le	fnv1a64:73fedfe0ae0a803f	0.6.4	43f9d5042ecc4bd367941846494ad907bf20ea50	3.12.13	0.6.4	0.6.4	2.2.3	rustc 1.93.0 (254b59607 2026-01-19)	Apple M2	Darwin 25.5.0 Darwin Kernel Version 25.5.0: Tue Jun  9 22:27:52 PDT 2026; root:xnu-12377.121.10~1/RELEASE_ARM64_T8112	aarch64	64	ta-core=default(f64,std); ta-benchmarks=catalogue-matrix	d09e20c4bfc0b0719a9458d05859ce4dd17f3d22	true
fast-ta	Pattern Recognition	CDLDOJI: Doji	CDLDOJI	Prepared Batch Runner	candle_settings=TA-Lib defaults	256	integer	1	495.17834375000007	493.68618749999996	497.35156249999994	516985452.27423424	50	1	0	1	10	246	fnv1a64:1a5464c16caf8419	verified		measured		unavailable	separate Rust execution cost; not aggregated with the direct C kernel	496551	16000	PreparedBatchRunner::compute_into; preparation and caller output allocation excluded	catalogue_fixture_v1:f64le	fnv1a64:73fedfe0ae0a803f	0.6.4	43f9d5042ecc4bd367941846494ad907bf20ea50	3.12.13	0.6.4	0.6.4	2.2.3	rustc 1.93.0 (254b59607 2026-01-19)	Apple M2	Darwin 25.5.0 Darwin Kernel Version 25.5.0: Tue Jun  9 22:27:52 PDT 2026; root:xnu-12377.121.10~1/RELEASE_ARM64_T8112	aarch64	64	ta-core=default(f64,std); ta-benchmarks=catalogue-matrix	d09e20c4bfc0b0719a9458d05859ce4dd17f3d22	true
fast-ta	Pattern Recognition	CDLDOJI: Doji	CDLDOJI	Streaming Computation	candle_settings=TA-Lib defaults	256	integer	1	2579.6698162729663	2571.5330708661418	2585.236220472441	99237506.43788263	50	0	0	0	10	246	fnv1a64:1a5464c16caf8419	verified		measured		unavailable	separate Rust execution cost; not aggregated with the direct C kernel	96334	3810	StreamingComputation::reset plus one next call per observation; stream and output allocation excluded	catalogue_fixture_v1:f64le	fnv1a64:73fedfe0ae0a803f	0.6.4	43f9d5042ecc4bd367941846494ad907bf20ea50	3.12.13	0.6.4	0.6.4	2.2.3	rustc 1.93.0 (254b59607 2026-01-19)	Apple M2	Darwin 25.5.0 Darwin Kernel Version 25.5.0: Tue Jun  9 22:27:52 PDT 2026; root:xnu-12377.121.10~1/RELEASE_ARM64_T8112	aarch64	64	ta-core=default(f64,std); ta-benchmarks=catalogue-matrix	d09e20c4bfc0b0719a9458d05859ce4dd17f3d22	true
TA-Lib C	Pattern Recognition	CDLDOJI: Doji	CDLDOJI	direct C caller-owned	candle_settings=TA-Lib defaults	256	integer	1	391.3052	390.27085	392.980225	654220797.4747077	50	0	0	0	10	246	fnv1a64:1a5464c16caf8419	verified		measured		comparable	primary caller-owned Rust/C kernel	620718	20000	direct TA_CDLDOJI call; caller output allocation excluded	catalogue_fixture_v1:f64le	fnv1a64:73fedfe0ae0a803f	0.6.4	43f9d5042ecc4bd367941846494ad907bf20ea50	3.12.13	0.6.4	0.6.4	2.2.3	rustc 1.93.0 (254b59607 2026-01-19)	Apple M2	Darwin 25.5.0 Darwin Kernel Version 25.5.0: Tue Jun  9 22:27:52 PDT 2026; root:xnu-12377.121.10~1/RELEASE_ARM64_T8112	aarch64	64	ta-core=default(f64,std); ta-benchmarks=catalogue-matrix	d09e20c4bfc0b0719a9458d05859ce4dd17f3d22	true
TA-Lib Python	Pattern Recognition	CDLDOJI: Doji	CDLDOJI	official Python NumPy API	candle_settings=TA-Lib defaults	256	integer	1	502.5196212805	501.15335076350004	504.883498499	509432844.32888657	50	0	0	0	10	246	fnv1a64:1a5464c16caf8419	verified		measured		unavailable	user-facing Python API cost; not aggregated with caller-owned kernels	312243	17124	direct talib.CDLDOJI NumPy API expression including API-owned output; fixture loading excluded	catalogue_fixture_v1:f64le	fnv1a64:73fedfe0ae0a803f	0.6.4	43f9d5042ecc4bd367941846494ad907bf20ea50	3.12.13	0.6.4	0.6.4	2.2.3	rustc 1.93.0 (254b59607 2026-01-19)	Apple M2	Darwin 25.5.0 Darwin Kernel Version 25.5.0: Tue Jun  9 22:27:52 PDT 2026; root:xnu-12377.121.10~1/RELEASE_ARM64_T8112	aarch64	64	ta-core=default(f64,std); ta-benchmarks=catalogue-matrix	d09e20c4bfc0b0719a9458d05859ce4dd17f3d22	true
fast-ta	Pattern Recognition	CDLENGULFING: Engulfing Pattern	CDLENGULFING	Owned Compact Output	candle_settings=TA-Lib defaults	256	integer	1	606.4634393280335	605.3650067496625	607.9133043347832	422119427.8152202	50	2	0	2	2	254	fnv1a64:76a5786b86f2c019	verified		measured		unavailable	separate Rust execution cost; not aggregated with the direct C kernel	406456	13334	IndicatorConfig::compute; API-owned Compact Output allocation included	catalogue_fixture_v1:f64le	fnv1a64:73fedfe0ae0a803f	0.6.4	43f9d5042ecc4bd367941846494ad907bf20ea50	3.12.13	0.6.4	0.6.4	2.2.3	rustc 1.93.0 (254b59607 2026-01-19)	Apple M2	Darwin 25.5.0 Darwin Kernel Version 25.5.0: Tue Jun  9 22:27:52 PDT 2026; root:xnu-12377.121.10~1/RELEASE_ARM64_T8112	aarch64	64	ta-core=default(f64,std); ta-benchmarks=catalogue-matrix	d09e20c4bfc0b0719a9458d05859ce4dd17f3d22	true
fast-ta	Pattern Recognition	CDLENGULFING: Engulfing Pattern	CDLENGULFING	caller-owned Batch Computation	candle_settings=TA-Lib defaults	256	integer	1	542.641103463227	541.6508590320308	543.6053601430817	471766695.0884569	50	1	0	1	2	254	fnv1a64:76a5786b86f2c019	verified		measured		comparable	primary caller-owned Rust/C kernel	454006	18451	IndicatorConfig::compute_into; caller output allocation excluded	catalogue_fixture_v1:f64le	fnv1a64:73fedfe0ae0a803f	0.6.4	43f9d5042ecc4bd367941846494ad907bf20ea50	3.12.13	0.6.4	0.6.4	2.2.3	rustc 1.93.0 (254b59607 2026-01-19)	Apple M2	Darwin 25.5.0 Darwin Kernel Version 25.5.0: Tue Jun  9 22:27:52 PDT 2026; root:xnu-12377.121.10~1/RELEASE_ARM64_T8112	aarch64	64	ta-core=default(f64,std); ta-benchmarks=catalogue-matrix	d09e20c4bfc0b0719a9458d05859ce4dd17f3d22	true
fast-ta	Pattern Recognition	CDLENGULFING: Engulfing Pattern	CDLENGULFING	Prepared Batch Runner	candle_settings=TA-Lib defaults	256	integer	1	543.9520080212455	542.1996097772478	545.4469676440301	470629754.50952137	50	0	0	0	2	254	fnv1a64:76a5786b86f2c019	verified		measured		unavailable	separate Rust execution cost; not aggregated with the direct C kernel	454204	18451	PreparedBatchRunner::compute_into; preparation and caller output allocation excluded	catalogue_fixture_v1:f64le	fnv1a64:73fedfe0ae0a803f	0.6.4	43f9d5042ecc4bd367941846494ad907bf20ea50	3.12.13	0.6.4	0.6.4	2.2.3	rustc 1.93.0 (254b59607 2026-01-19)	Apple M2	Darwin 25.5.0 Darwin Kernel Version 25.5.0: Tue Jun  9 22:27:52 PDT 2026; root:xnu-12377.121.10~1/RELEASE_ARM64_T8112	aarch64	64	ta-core=default(f64,std); ta-benchmarks=catalogue-matrix	d09e20c4bfc0b0719a9458d05859ce4dd17f3d22	true
fast-ta	Pattern Recognition	CDLENGULFING: Engulfing Pattern	CDLENGULFING	Streaming Computation	candle_settings=TA-Lib defaults	256	integer	1	2748.028753541076	2733.356940509915	2759.572521246459	93157686.09412166	50	0	0	0	2	254	fnv1a64:76a5786b86f2c019	verified		measured		unavailable	separate Rust execution cost; not aggregated with the direct C kernel	90401	3530	StreamingComputation::reset plus one next call per observation; stream and output allocation excluded	catalogue_fixture_v1:f64le	fnv1a64:73fedfe0ae0a803f	0.6.4	43f9d5042ecc4bd367941846494ad907bf20ea50	3.12.13	0.6.4	0.6.4	2.2.3	rustc 1.93.0 (254b59607 2026-01-19)	Apple M2	Darwin 25.5.0 Darwin Kernel Version 25.5.0: Tue Jun  9 22:27:52 PDT 2026; root:xnu-12377.121.10~1/RELEASE_ARM64_T8112	aarch64	64	ta-core=default(f64,std); ta-benchmarks=catalogue-matrix	d09e20c4bfc0b0719a9458d05859ce4dd17f3d22	true
TA-Lib C	Pattern Recognition	CDLENGULFING: Engulfing Pattern	CDLENGULFING	direct C caller-owned	candle_settings=TA-Lib defaults	256	integer	1	298.70485993925075	297.96501293733826	299.7985900176248	857033260.3629687	50	3	0	3	2	254	fnv1a64:76a5786b86f2c019	verified		measured		comparable	primary caller-owned Rust/C kernel	807046	26667	direct TA_CDLENGULFING call; caller output allocation excluded	catalogue_fixture_v1:f64le	fnv1a64:73fedfe0ae0a803f	0.6.4	43f9d5042ecc4bd367941846494ad907bf20ea50	3.12.13	0.6.4	0.6.4	2.2.3	rustc 1.93.0 (254b59607 2026-01-19)	Apple M2	Darwin 25.5.0 Darwin Kernel Version 25.5.0: Tue Jun  9 22:27:52 PDT 2026; root:xnu-12377.121.10~1/RELEASE_ARM64_T8112	aarch64	64	ta-core=default(f64,std); ta-benchmarks=catalogue-matrix	d09e20c4bfc0b0719a9458d05859ce4dd17f3d22	true
TA-Lib Python	Pattern Recognition	CDLENGULFING: Engulfing Pattern	CDLENGULFING	official Python NumPy API	candle_settings=TA-Lib defaults	256	integer	1	412.3368756455	409.980723735	413.826685324	620851578.213179	50	0	0	0	2	254	fnv1a64:76a5786b86f2c019	verified		measured		unavailable	user-facing Python API cost; not aggregated with caller-owned kernels	352526	21787	direct talib.CDLENGULFING NumPy API expression including API-owned output; fixture loading excluded	catalogue_fixture_v1:f64le	fnv1a64:73fedfe0ae0a803f	0.6.4	43f9d5042ecc4bd367941846494ad907bf20ea50	3.12.13	0.6.4	0.6.4	2.2.3	rustc 1.93.0 (254b59607 2026-01-19)	Apple M2	Darwin 25.5.0 Darwin Kernel Version 25.5.0: Tue Jun  9 22:27:52 PDT 2026; root:xnu-12377.121.10~1/RELEASE_ARM64_T8112	aarch64	64	ta-core=default(f64,std); ta-benchmarks=catalogue-matrix	d09e20c4bfc0b0719a9458d05859ce4dd17f3d22	true
fast-ta	Pattern Recognition	CDL3WHITESOLDIERS: Three Advancing White Soldiers	CDL3WHITESOLDIERS	Owned Compact Output	candle_settings=TA-Lib defaults	256	integer	1	9803.015240904622	9749.426253687316	9824.13569321534	26114414.158186734	50	1	0	1	12	244	fnv1a64:dbe064041adf4dbd	verified		measured		unavailable	separate Rust execution cost; not aggregated with the direct C kernel	25478	1017	IndicatorConfig::compute; API-owned Compact Output allocation included	catalogue_fixture_v1:f64le	fnv1a64:73fedfe0ae0a803f	0.6.4	43f9d5042ecc4bd367941846494ad907bf20ea50	3.12.13	0.6.4	0.6.4	2.2.3	rustc 1.93.0 (254b59607 2026-01-19)	Apple M2	Darwin 25.5.0 Darwin Kernel Version 25.5.0: Tue Jun  9 22:27:52 PDT 2026; root:xnu-12377.121.10~1/RELEASE_ARM64_T8112	aarch64	64	ta-core=default(f64,std); ta-benchmarks=catalogue-matrix	d09e20c4bfc0b0719a9458d05859ce4dd17f3d22	true
fast-ta	Pattern Recognition	CDL3WHITESOLDIERS: Three Advancing White Soldiers	CDL3WHITESOLDIERS	caller-owned Batch Computation	candle_settings=TA-Lib defaults	256	integer	1	9897.539980256664	9846.783810463969	9929.129318854886	25865012.973997746	50	2	0	2	12	244	fnv1a64:dbe064041adf4dbd	verified		measured		comparable	primary caller-owned Rust/C kernel	25184	1013	IndicatorConfig::compute_into; caller output allocation excluded	catalogue_fixture_v1:f64le	fnv1a64:73fedfe0ae0a803f	0.6.4	43f9d5042ecc4bd367941846494ad907bf20ea50	3.12.13	0.6.4	0.6.4	2.2.3	rustc 1.93.0 (254b59607 2026-01-19)	Apple M2	Darwin 25.5.0 Darwin Kernel Version 25.5.0: Tue Jun  9 22:27:52 PDT 2026; root:xnu-12377.121.10~1/RELEASE_ARM64_T8112	aarch64	64	ta-core=default(f64,std); ta-benchmarks=catalogue-matrix	d09e20c4bfc0b0719a9458d05859ce4dd17f3d22	true
fast-ta	Pattern Recognition	CDL3WHITESOLDIERS: Three Advancing White Soldiers	CDL3WHITESOLDIERS	Prepared Batch Runner	candle_settings=TA-Lib defaults	256	integer	1	5507.935394978567	5496.364053888548	5523.3083282302505	46478395.55877655	50	0	0	0	12	244	fnv1a64:dbe064041adf4dbd	verified		measured		unavailable	separate Rust execution cost; not aggregated with the direct C kernel	45285	1633	PreparedBatchRunner::compute_into; preparation and caller output allocation excluded	catalogue_fixture_v1:f64le	fnv1a64:73fedfe0ae0a803f	0.6.4	43f9d5042ecc4bd367941846494ad907bf20ea50	3.12.13	0.6.4	0.6.4	2.2.3	rustc 1.93.0 (254b59607 2026-01-19)	Apple M2	Darwin 25.5.0 Darwin Kernel Version 25.5.0: Tue Jun  9 22:27:52 PDT 2026; root:xnu-12377.121.10~1/RELEASE_ARM64_T8112	aarch64	64	ta-core=default(f64,std); ta-benchmarks=catalogue-matrix	d09e20c4bfc0b0719a9458d05859ce4dd17f3d22	true
fast-ta	Pattern Recognition	CDL3WHITESOLDIERS: Three Advancing White Soldiers	CDL3WHITESOLDIERS	Streaming Computation	candle_settings=TA-Lib defaults	256	integer	1	5977.734375	5960.729375	6001.510625	42825589.75364307	50	0	0	0	12	244	fnv1a64:dbe064041adf4dbd	verified		measured		unavailable	separate Rust execution cost; not aggregated with the direct C kernel	41674	1600	StreamingComputation::reset plus one next call per observation; stream and output allocation excluded	catalogue_fixture_v1:f64le	fnv1a64:73fedfe0ae0a803f	0.6.4	43f9d5042ecc4bd367941846494ad907bf20ea50	3.12.13	0.6.4	0.6.4	2.2.3	rustc 1.93.0 (254b59607 2026-01-19)	Apple M2	Darwin 25.5.0 Darwin Kernel Version 25.5.0: Tue Jun  9 22:27:52 PDT 2026; root:xnu-12377.121.10~1/RELEASE_ARM64_T8112	aarch64	64	ta-core=default(f64,std); ta-benchmarks=catalogue-matrix	d09e20c4bfc0b0719a9458d05859ce4dd17f3d22	true
TA-Lib C	Pattern Recognition	CDL3WHITESOLDIERS: Three Advancing White Soldiers	CDL3WHITESOLDIERS	direct C caller-owned	candle_settings=TA-Lib defaults	256	integer	1	1287.3966447848286	1282.6859956236324	1292.3231218088986	198850914.39149046	50	1	0	1	12	244	fnv1a64:dbe064041adf4dbd	verified		measured		comparable	primary caller-owned Rust/C kernel	192118	6855	direct TA_CDL3WHITESOLDIERS call; caller output allocation excluded	catalogue_fixture_v1:f64le	fnv1a64:73fedfe0ae0a803f	0.6.4	43f9d5042ecc4bd367941846494ad907bf20ea50	3.12.13	0.6.4	0.6.4	2.2.3	rustc 1.93.0 (254b59607 2026-01-19)	Apple M2	Darwin 25.5.0 Darwin Kernel Version 25.5.0: Tue Jun  9 22:27:52 PDT 2026; root:xnu-12377.121.10~1/RELEASE_ARM64_T8112	aarch64	64	ta-core=default(f64,std); ta-benchmarks=catalogue-matrix	d09e20c4bfc0b0719a9458d05859ce4dd17f3d22	true
TA-Lib Python	Pattern Recognition	CDL3WHITESOLDIERS: Three Advancing White Soldiers	CDL3WHITESOLDIERS	official Python NumPy API	candle_settings=TA-Lib defaults	256	integer	1	1384.232204712	1380.694604971	1386.7841308105	184940069.39627784	50	1	0	1	12	244	fnv1a64:dbe064041adf4dbd	verified		measured		unavailable	user-facing Python API cost; not aggregated with caller-owned kernels	149819	6490	direct talib.CDL3WHITESOLDIERS NumPy API expression including API-owned output; fixture loading excluded	catalogue_fixture_v1:f64le	fnv1a64:73fedfe0ae0a803f	0.6.4	43f9d5042ecc4bd367941846494ad907bf20ea50	3.12.13	0.6.4	0.6.4	2.2.3	rustc 1.93.0 (254b59607 2026-01-19)	Apple M2	Darwin 25.5.0 Darwin Kernel Version 25.5.0: Tue Jun  9 22:27:52 PDT 2026; root:xnu-12377.121.10~1/RELEASE_ARM64_T8112	aarch64	64	ta-core=default(f64,std); ta-benchmarks=catalogue-matrix	d09e20c4bfc0b0719a9458d05859ce4dd17f3d22	true
fast-ta	Statistic Functions	LINEARREG: Linear Regression endpoint	LINEARREG	Owned Compact Output	timeperiod=14	256	float	1	1500.7936853157344	1494.3127343632818	1507.9995500224989	170576410.67175943	50	0	0	0	13	243	fnv1a64:a694f85735c86cf8	verified		measured		unavailable	separate Rust execution cost; not aggregated with the direct C kernel	163987	6667	IndicatorConfig::compute; API-owned Compact Output allocation included	catalogue_fixture_v1:f64le	fnv1a64:73fedfe0ae0a803f	0.6.4	43f9d5042ecc4bd367941846494ad907bf20ea50	3.12.13	0.6.4	0.6.4	2.2.3	rustc 1.93.0 (254b59607 2026-01-19)	Apple M2	Darwin 25.5.0 Darwin Kernel Version 25.5.0: Tue Jun  9 22:27:52 PDT 2026; root:xnu-12377.121.10~1/RELEASE_ARM64_T8112	aarch64	64	ta-core=default(f64,std); ta-benchmarks=catalogue-matrix	d09e20c4bfc0b0719a9458d05859ce4dd17f3d22	true
fast-ta	Statistic Functions	LINEARREG: Linear Regression endpoint	LINEARREG	caller-owned Batch Computation	timeperiod=14	256	float	1	1457.7228458959032	1452.5623997667299	1464.332191281528	175616373.66166455	50	5	0	5	13	243	fnv1a64:a694f85735c86cf8	verified		measured		comparable	primary caller-owned Rust/C kernel	170192	6859	IndicatorConfig::compute_into; caller output allocation excluded	catalogue_fixture_v1:f64le	fnv1a64:73fedfe0ae0a803f	0.6.4	43f9d5042ecc4bd367941846494ad907bf20ea50	3.12.13	0.6.4	0.6.4	2.2.3	rustc 1.93.0 (254b59607 2026-01-19)	Apple M2	Darwin 25.5.0 Darwin Kernel Version 25.5.0: Tue Jun  9 22:27:52 PDT 2026; root:xnu-12377.121.10~1/RELEASE_ARM64_T8112	aarch64	64	ta-core=default(f64,std); ta-benchmarks=catalogue-matrix	d09e20c4bfc0b0719a9458d05859ce4dd17f3d22	true
fast-ta	Statistic Functions	LINEARREG: Linear Regression endpoint	LINEARREG	Prepared Batch Runner	timeperiod=14	256	float	1	1442.906029698515	1441.1716664166793	1444.2839358032097	177419731.24437588	50	1	0	1	13	243	fnv1a64:a694f85735c86cf8	verified		measured		unavailable	separate Rust execution cost; not aggregated with the direct C kernel	170498	6667	PreparedBatchRunner::compute_into; preparation and caller output allocation excluded	catalogue_fixture_v1:f64le	fnv1a64:73fedfe0ae0a803f	0.6.4	43f9d5042ecc4bd367941846494ad907bf20ea50	3.12.13	0.6.4	0.6.4	2.2.3	rustc 1.93.0 (254b59607 2026-01-19)	Apple M2	Darwin 25.5.0 Darwin Kernel Version 25.5.0: Tue Jun  9 22:27:52 PDT 2026; root:xnu-12377.121.10~1/RELEASE_ARM64_T8112	aarch64	64	ta-core=default(f64,std); ta-benchmarks=catalogue-matrix	d09e20c4bfc0b0719a9458d05859ce4dd17f3d22	true
fast-ta	Statistic Functions	LINEARREG: Linear Regression endpoint	LINEARREG	Streaming Computation	timeperiod=14	256	float	1	1403.1955152242388	1400.4049797510124	1407.6482675866207	182440719.9299591	50	3	0	3	13	243	fnv1a64:a694f85735c86cf8	verified		measured		unavailable	separate Rust execution cost; not aggregated with the direct C kernel	176632	6667	StreamingComputation::reset plus one next call per observation; stream and output allocation excluded	catalogue_fixture_v1:f64le	fnv1a64:73fedfe0ae0a803f	0.6.4	43f9d5042ecc4bd367941846494ad907bf20ea50	3.12.13	0.6.4	0.6.4	2.2.3	rustc 1.93.0 (254b59607 2026-01-19)	Apple M2	Darwin 25.5.0 Darwin Kernel Version 25.5.0: Tue Jun  9 22:27:52 PDT 2026; root:xnu-12377.121.10~1/RELEASE_ARM64_T8112	aarch64	64	ta-core=default(f64,std); ta-benchmarks=catalogue-matrix	d09e20c4bfc0b0719a9458d05859ce4dd17f3d22	true
TA-Lib C	Statistic Functions	LINEARREG: Linear Regression endpoint	LINEARREG	direct C caller-owned	timeperiod=14	256	float	1	1505.5925414364642	1501.0663795905102	1509.5025999350016	170032723.29959476	50	0	0	0	13	243	fnv1a64:e0c618d18c393f6b	verified		measured		comparable	primary caller-owned Rust/C kernel	165160	6154	direct TA_LINEARREG call; caller output allocation excluded	catalogue_fixture_v1:f64le	fnv1a64:73fedfe0ae0a803f	0.6.4	43f9d5042ecc4bd367941846494ad907bf20ea50	3.12.13	0.6.4	0.6.4	2.2.3	rustc 1.93.0 (254b59607 2026-01-19)	Apple M2	Darwin 25.5.0 Darwin Kernel Version 25.5.0: Tue Jun  9 22:27:52 PDT 2026; root:xnu-12377.121.10~1/RELEASE_ARM64_T8112	aarch64	64	ta-core=default(f64,std); ta-benchmarks=catalogue-matrix	d09e20c4bfc0b0719a9458d05859ce4dd17f3d22	true
TA-Lib Python	Statistic Functions	LINEARREG: Linear Regression endpoint	LINEARREG	official Python NumPy API	timeperiod=14	256	float	1	1590.9340360245	1583.425834618	1596.961214518	160911762.6521491	50	0	0	0	13	243	fnv1a64:e0c618d18c393f6b	verified		measured		unavailable	user-facing Python API cost; not aggregated with caller-owned kernels	131433	5852	direct talib.LINEARREG NumPy API expression including API-owned output; fixture loading excluded	catalogue_fixture_v1:f64le	fnv1a64:73fedfe0ae0a803f	0.6.4	43f9d5042ecc4bd367941846494ad907bf20ea50	3.12.13	0.6.4	0.6.4	2.2.3	rustc 1.93.0 (254b59607 2026-01-19)	Apple M2	Darwin 25.5.0 Darwin Kernel Version 25.5.0: Tue Jun  9 22:27:52 PDT 2026; root:xnu-12377.121.10~1/RELEASE_ARM64_T8112	aarch64	64	ta-core=default(f64,std); ta-benchmarks=catalogue-matrix	d09e20c4bfc0b0719a9458d05859ce4dd17f3d22	true
fast-ta	Price Transform	TYPPRICE: Typical Price	TYPPRICE	Owned Compact Output	none	256	float	1	209.57117330750475	208.59356734911995	210.31431815904614	1221542046.8366134	50	0	0	0	0	256	fnv1a64:956ef7b87e4ad4a6	verified		measured		unavailable	separate Rust execution cost; not aggregated with the direct C kernel	1149764	29941	IndicatorConfig::compute; API-owned Compact Output allocation included	catalogue_fixture_v1:f64le	fnv1a64:73fedfe0ae0a803f	0.6.4	43f9d5042ecc4bd367941846494ad907bf20ea50	3.12.13	0.6.4	0.6.4	2.2.3	rustc 1.93.0 (254b59607 2026-01-19)	Apple M2	Darwin 25.5.0 Darwin Kernel Version 25.5.0: Tue Jun  9 22:27:52 PDT 2026; root:xnu-12377.121.10~1/RELEASE_ARM64_T8112	aarch64	64	ta-core=default(f64,std); ta-benchmarks=catalogue-matrix	d09e20c4bfc0b0719a9458d05859ce4dd17f3d22	true
fast-ta	Price Transform	TYPPRICE: Typical Price	TYPPRICE	caller-owned Batch Computation	none	256	float	1	172.39162554384325	171.80214325342365	173.07537886530207	1484990928.0244775	50	1	0	1	0	256	fnv1a64:956ef7b87e4ad4a6	verified		measured		comparable	primary caller-owned Rust/C kernel	1375126	34247	IndicatorConfig::compute_into; caller output allocation excluded	catalogue_fixture_v1:f64le	fnv1a64:73fedfe0ae0a803f	0.6.4	43f9d5042ecc4bd367941846494ad907bf20ea50	3.12.13	0.6.4	0.6.4	2.2.3	rustc 1.93.0 (254b59607 2026-01-19)	Apple M2	Darwin 25.5.0 Darwin Kernel Version 25.5.0: Tue Jun  9 22:27:52 PDT 2026; root:xnu-12377.121.10~1/RELEASE_ARM64_T8112	aarch64	64	ta-core=default(f64,std); ta-benchmarks=catalogue-matrix	d09e20c4bfc0b0719a9458d05859ce4dd17f3d22	true
fast-ta	Price Transform	TYPPRICE: Typical Price	TYPPRICE	Prepared Batch Runner	none	256	float	1	172.97424964120057	172.40832414668134	173.20824926680115	1479989076.5881004	50	0	0	0	0	256	fnv1a64:956ef7b87e4ad4a6	verified		measured		unavailable	separate Rust execution cost; not aggregated with the direct C kernel	1368819	48077	PreparedBatchRunner::compute_into; preparation and caller output allocation excluded	catalogue_fixture_v1:f64le	fnv1a64:73fedfe0ae0a803f	0.6.4	43f9d5042ecc4bd367941846494ad907bf20ea50	3.12.13	0.6.4	0.6.4	2.2.3	rustc 1.93.0 (254b59607 2026-01-19)	Apple M2	Darwin 25.5.0 Darwin Kernel Version 25.5.0: Tue Jun  9 22:27:52 PDT 2026; root:xnu-12377.121.10~1/RELEASE_ARM64_T8112	aarch64	64	ta-core=default(f64,std); ta-benchmarks=catalogue-matrix	d09e20c4bfc0b0719a9458d05859ce4dd17f3d22	true
fast-ta	Price Transform	TYPPRICE: Typical Price	TYPPRICE	Streaming Computation	none	256	float	1	1958.0271539403839	1954.968864842793	1962.5102082482647	130743845.65342675	50	0	0	0	0	256	fnv1a64:956ef7b87e4ad4a6	verified		measured		unavailable	separate Rust execution cost; not aggregated with the direct C kernel	127461	4898	StreamingComputation::reset plus one next call per observation; stream and output allocation excluded	catalogue_fixture_v1:f64le	fnv1a64:73fedfe0ae0a803f	0.6.4	43f9d5042ecc4bd367941846494ad907bf20ea50	3.12.13	0.6.4	0.6.4	2.2.3	rustc 1.93.0 (254b59607 2026-01-19)	Apple M2	Darwin 25.5.0 Darwin Kernel Version 25.5.0: Tue Jun  9 22:27:52 PDT 2026; root:xnu-12377.121.10~1/RELEASE_ARM64_T8112	aarch64	64	ta-core=default(f64,std); ta-benchmarks=catalogue-matrix	d09e20c4bfc0b0719a9458d05859ce4dd17f3d22	true
TA-Lib C	Price Transform	TYPPRICE: Typical Price	TYPPRICE	direct C caller-owned	none	256	float	1	96.8934833949882	96.35226868978201	97.65763788743286	2642076546.638446	50	1	0	1	0	256	fnv1a64:956ef7b87e4ad4a6	verified		measured		comparable	primary caller-owned Rust/C kernel	2324396	47847	direct TA_TYPPRICE call; caller output allocation excluded	catalogue_fixture_v1:f64le	fnv1a64:73fedfe0ae0a803f	0.6.4	43f9d5042ecc4bd367941846494ad907bf20ea50	3.12.13	0.6.4	0.6.4	2.2.3	rustc 1.93.0 (254b59607 2026-01-19)	Apple M2	Darwin 25.5.0 Darwin Kernel Version 25.5.0: Tue Jun  9 22:27:52 PDT 2026; root:xnu-12377.121.10~1/RELEASE_ARM64_T8112	aarch64	64	ta-core=default(f64,std); ta-benchmarks=catalogue-matrix	d09e20c4bfc0b0719a9458d05859ce4dd17f3d22	true
TA-Lib Python	Price Transform	TYPPRICE: Typical Price	TYPPRICE	official Python NumPy API	none	256	float	1	189.5854504145	188.2450608625	190.29294408	1350314591.3375452	50	0	0	0	0	256	fnv1a64:956ef7b87e4ad4a6	verified		measured		unavailable	user-facing Python API cost; not aggregated with caller-owned kernels	508214	34365	direct talib.TYPPRICE NumPy API expression including API-owned output; fixture loading excluded	catalogue_fixture_v1:f64le	fnv1a64:73fedfe0ae0a803f	0.6.4	43f9d5042ecc4bd367941846494ad907bf20ea50	3.12.13	0.6.4	0.6.4	2.2.3	rustc 1.93.0 (254b59607 2026-01-19)	Apple M2	Darwin 25.5.0 Darwin Kernel Version 25.5.0: Tue Jun  9 22:27:52 PDT 2026; root:xnu-12377.121.10~1/RELEASE_ARM64_T8112	aarch64	64	ta-core=default(f64,std); ta-benchmarks=catalogue-matrix	d09e20c4bfc0b0719a9458d05859ce4dd17f3d22	true
fast-ta	Volume Indicators	OBV: On Balance Volume	OBV	Owned Compact Output	none	256	float	1	318.679371168842	317.86620658020934	319.503794670781	803315254.0155059	50	2	0	2	0	256	fnv1a64:34a87e118e2aea2c	verified		measured		unavailable	separate Rust execution cost; not aggregated with the direct C kernel	743403	23981	IndicatorConfig::compute; API-owned Compact Output allocation included	catalogue_fixture_v1:f64le	fnv1a64:73fedfe0ae0a803f	0.6.4	43f9d5042ecc4bd367941846494ad907bf20ea50	3.12.13	0.6.4	0.6.4	2.2.3	rustc 1.93.0 (254b59607 2026-01-19)	Apple M2	Darwin 25.5.0 Darwin Kernel Version 25.5.0: Tue Jun  9 22:27:52 PDT 2026; root:xnu-12377.121.10~1/RELEASE_ARM64_T8112	aarch64	64	ta-core=default(f64,std); ta-benchmarks=catalogue-matrix	d09e20c4bfc0b0719a9458d05859ce4dd17f3d22	true
fast-ta	Volume Indicators	OBV: On Balance Volume	OBV	caller-owned Batch Computation	none	256	float	1	282.10428619642255	280.75115311058613	283.1886413919826	907465829.2208763	50	0	0	0	0	256	fnv1a64:34a87e118e2aea2c	verified		measured		comparable	primary caller-owned Rust/C kernel	833445	26667	IndicatorConfig::compute_into; caller output allocation excluded	catalogue_fixture_v1:f64le	fnv1a64:73fedfe0ae0a803f	0.6.4	43f9d5042ecc4bd367941846494ad907bf20ea50	3.12.13	0.6.4	0.6.4	2.2.3	rustc 1.93.0 (254b59607 2026-01-19)	Apple M2	Darwin 25.5.0 Darwin Kernel Version 25.5.0: Tue Jun  9 22:27:52 PDT 2026; root:xnu-12377.121.10~1/RELEASE_ARM64_T8112	aarch64	64	ta-core=default(f64,std); ta-benchmarks=catalogue-matrix	d09e20c4bfc0b0719a9458d05859ce4dd17f3d22	true
fast-ta	Volume Indicators	OBV: On Balance Volume	OBV	Prepared Batch Runner	none	256	float	1	282.6051913023209	281.4272584995505	283.43213679198163	905857386.4842432	50	0	0	0	0	256	fnv1a64:34a87e118e2aea2c	verified		measured		unavailable	separate Rust execution cost; not aggregated with the direct C kernel	832815	30031	PreparedBatchRunner::compute_into; preparation and caller output allocation excluded	catalogue_fixture_v1:f64le	fnv1a64:73fedfe0ae0a803f	0.6.4	43f9d5042ecc4bd367941846494ad907bf20ea50	3.12.13	0.6.4	0.6.4	2.2.3	rustc 1.93.0 (254b59607 2026-01-19)	Apple M2	Darwin 25.5.0 Darwin Kernel Version 25.5.0: Tue Jun  9 22:27:52 PDT 2026; root:xnu-12377.121.10~1/RELEASE_ARM64_T8112	aarch64	64	ta-core=default(f64,std); ta-benchmarks=catalogue-matrix	d09e20c4bfc0b0719a9458d05859ce4dd17f3d22	true
fast-ta	Volume Indicators	OBV: On Balance Volume	OBV	Streaming Computation	none	256	float	1	1607.6772018199545	1603.922895677608	1612.934676633084	159235945.941261	50	2	0	2	0	256	fnv1a64:34a87e118e2aea2c	verified		measured		unavailable	separate Rust execution cost; not aggregated with the direct C kernel	154648	6154	StreamingComputation::reset plus one next call per observation; stream and output allocation excluded	catalogue_fixture_v1:f64le	fnv1a64:73fedfe0ae0a803f	0.6.4	43f9d5042ecc4bd367941846494ad907bf20ea50	3.12.13	0.6.4	0.6.4	2.2.3	rustc 1.93.0 (254b59607 2026-01-19)	Apple M2	Darwin 25.5.0 Darwin Kernel Version 25.5.0: Tue Jun  9 22:27:52 PDT 2026; root:xnu-12377.121.10~1/RELEASE_ARM64_T8112	aarch64	64	ta-core=default(f64,std); ta-benchmarks=catalogue-matrix	d09e20c4bfc0b0719a9458d05859ce4dd17f3d22	true
TA-Lib C	Volume Indicators	OBV: On Balance Volume	OBV	direct C caller-owned	none	256	float	1	244.90625	244.14585	245.321875	1045297945.6424652	50	1	0	1	0	256	fnv1a64:34a87e118e2aea2c	verified		measured		comparable	primary caller-owned Rust/C kernel	996546	40000	direct TA_OBV call; caller output allocation excluded	catalogue_fixture_v1:f64le	fnv1a64:73fedfe0ae0a803f	0.6.4	43f9d5042ecc4bd367941846494ad907bf20ea50	3.12.13	0.6.4	0.6.4	2.2.3	rustc 1.93.0 (254b59607 2026-01-19)	Apple M2	Darwin 25.5.0 Darwin Kernel Version 25.5.0: Tue Jun  9 22:27:52 PDT 2026; root:xnu-12377.121.10~1/RELEASE_ARM64_T8112	aarch64	64	ta-core=default(f64,std); ta-benchmarks=catalogue-matrix	d09e20c4bfc0b0719a9458d05859ce4dd17f3d22	true
TA-Lib Python	Volume Indicators	OBV: On Balance Volume	OBV	official Python NumPy API	none	256	float	1	341.5723602045	340.568132513	342.6588393745	749475162.002957	50	1	0	1	0	256	fnv1a64:34a87e118e2aea2c	verified		measured		unavailable	user-facing Python API cost; not aggregated with caller-owned kernels	393034	26596	direct talib.OBV NumPy API expression including API-owned output; fixture loading excluded	catalogue_fixture_v1:f64le	fnv1a64:73fedfe0ae0a803f	0.6.4	43f9d5042ecc4bd367941846494ad907bf20ea50	3.12.13	0.6.4	0.6.4	2.2.3	rustc 1.93.0 (254b59607 2026-01-19)	Apple M2	Darwin 25.5.0 Darwin Kernel Version 25.5.0: Tue Jun  9 22:27:52 PDT 2026; root:xnu-12377.121.10~1/RELEASE_ARM64_T8112	aarch64	64	ta-core=default(f64,std); ta-benchmarks=catalogue-matrix	d09e20c4bfc0b0719a9458d05859ce4dd17f3d22	true
fast-ta	Math Transform	SIN: Vector Trigonometric Sine	SIN	Owned Compact Output	none	256	float	1	923.4577106346112	918.7738791423002	928.1776045050899	277218975.00219446	50	0	0	0	0	256	fnv1a64:4a7dd747524cff33	verified		measured		unavailable	separate Rust execution cost; not aggregated with the direct C kernel	265503	9234	IndicatorConfig::compute; API-owned Compact Output allocation included	catalogue_fixture_v1:f64le	fnv1a64:73fedfe0ae0a803f	0.6.4	43f9d5042ecc4bd367941846494ad907bf20ea50	3.12.13	0.6.4	0.6.4	2.2.3	rustc 1.93.0 (254b59607 2026-01-19)	Apple M2	Darwin 25.5.0 Darwin Kernel Version 25.5.0: Tue Jun  9 22:27:52 PDT 2026; root:xnu-12377.121.10~1/RELEASE_ARM64_T8112	aarch64	64	ta-core=default(f64,std); ta-benchmarks=catalogue-matrix	d09e20c4bfc0b0719a9458d05859ce4dd17f3d22	true
fast-ta	Math Transform	SIN: Vector Trigonometric Sine	SIN	caller-owned Batch Computation	none	256	float	1	883.4598620557524	881.3883034773446	886.3396877095507	289769814.108255	50	0	0	0	0	256	fnv1a64:4a7dd747524cff33	verified		measured		comparable	primary caller-owned Rust/C kernel	276782	10439	IndicatorConfig::compute_into; caller output allocation excluded	catalogue_fixture_v1:f64le	fnv1a64:73fedfe0ae0a803f	0.6.4	43f9d5042ecc4bd367941846494ad907bf20ea50	3.12.13	0.6.4	0.6.4	2.2.3	rustc 1.93.0 (254b59607 2026-01-19)	Apple M2	Darwin 25.5.0 Darwin Kernel Version 25.5.0: Tue Jun  9 22:27:52 PDT 2026; root:xnu-12377.121.10~1/RELEASE_ARM64_T8112	aarch64	64	ta-core=default(f64,std); ta-benchmarks=catalogue-matrix	d09e20c4bfc0b0719a9458d05859ce4dd17f3d22	true
fast-ta	Math Transform	SIN: Vector Trigonometric Sine	SIN	Prepared Batch Runner	none	256	float	1	883.9037685677608	880.8912983678708	886.8856592701266	289624288.41638637	50	0	0	0	0	256	fnv1a64:4a7dd747524cff33	verified		measured		unavailable	separate Rust execution cost; not aggregated with the direct C kernel	276461	10906	PreparedBatchRunner::compute_into; preparation and caller output allocation excluded	catalogue_fixture_v1:f64le	fnv1a64:73fedfe0ae0a803f	0.6.4	43f9d5042ecc4bd367941846494ad907bf20ea50	3.12.13	0.6.4	0.6.4	2.2.3	rustc 1.93.0 (254b59607 2026-01-19)	Apple M2	Darwin 25.5.0 Darwin Kernel Version 25.5.0: Tue Jun  9 22:27:52 PDT 2026; root:xnu-12377.121.10~1/RELEASE_ARM64_T8112	aarch64	64	ta-core=default(f64,std); ta-benchmarks=catalogue-matrix	d09e20c4bfc0b0719a9458d05859ce4dd17f3d22	true
fast-ta	Math Transform	SIN: Vector Trigonometric Sine	SIN	Streaming Computation	none	256	float	1	942.89375	939.09585	944.8459	271504610.1429774	50	1	0	1	0	256	fnv1a64:4a7dd747524cff33	verified		measured		unavailable	separate Rust execution cost; not aggregated with the direct C kernel	262286	10000	StreamingComputation::reset plus one next call per observation; stream and output allocation excluded	catalogue_fixture_v1:f64le	fnv1a64:73fedfe0ae0a803f	0.6.4	43f9d5042ecc4bd367941846494ad907bf20ea50	3.12.13	0.6.4	0.6.4	2.2.3	rustc 1.93.0 (254b59607 2026-01-19)	Apple M2	Darwin 25.5.0 Darwin Kernel Version 25.5.0: Tue Jun  9 22:27:52 PDT 2026; root:xnu-12377.121.10~1/RELEASE_ARM64_T8112	aarch64	64	ta-core=default(f64,std); ta-benchmarks=catalogue-matrix	d09e20c4bfc0b0719a9458d05859ce4dd17f3d22	true
TA-Lib C	Math Transform	SIN: Vector Trigonometric Sine	SIN	direct C caller-owned	none	256	float	1	886.8458499999999	882.3583	890.7	288663469.5308097	50	0	0	0	0	256	fnv1a64:4a7dd747524cff33	verified		measured		comparable	primary caller-owned Rust/C kernel	279077	10000	direct TA_SIN call; caller output allocation excluded	catalogue_fixture_v1:f64le	fnv1a64:73fedfe0ae0a803f	0.6.4	43f9d5042ecc4bd367941846494ad907bf20ea50	3.12.13	0.6.4	0.6.4	2.2.3	rustc 1.93.0 (254b59607 2026-01-19)	Apple M2	Darwin 25.5.0 Darwin Kernel Version 25.5.0: Tue Jun  9 22:27:52 PDT 2026; root:xnu-12377.121.10~1/RELEASE_ARM64_T8112	aarch64	64	ta-core=default(f64,std); ta-benchmarks=catalogue-matrix	d09e20c4bfc0b0719a9458d05859ce4dd17f3d22	true
TA-Lib Python	Math Transform	SIN: Vector Trigonometric Sine	SIN	official Python NumPy API	none	256	float	1	979.5595616345	977.0372885465	982.716343021	261341943.89653713	50	2	0	2	0	256	fnv1a64:4a7dd747524cff33	verified		measured		unavailable	user-facing Python API cost; not aggregated with caller-owned kernels	196547	9226	direct talib.SIN NumPy API expression including API-owned output; fixture loading excluded	catalogue_fixture_v1:f64le	fnv1a64:73fedfe0ae0a803f	0.6.4	43f9d5042ecc4bd367941846494ad907bf20ea50	3.12.13	0.6.4	0.6.4	2.2.3	rustc 1.93.0 (254b59607 2026-01-19)	Apple M2	Darwin 25.5.0 Darwin Kernel Version 25.5.0: Tue Jun  9 22:27:52 PDT 2026; root:xnu-12377.121.10~1/RELEASE_ARM64_T8112	aarch64	64	ta-core=default(f64,std); ta-benchmarks=catalogue-matrix	d09e20c4bfc0b0719a9458d05859ce4dd17f3d22	true
fast-ta	Math Operators	ADD: Vector Arithmetic Add	ADD	Owned Compact Output	none	256	float	1	141.6026125	141.1640625	142.37655	1807876249.4583213	50	0	0	0	0	256	fnv1a64:c5367dde45f21bf7	verified		measured		unavailable	separate Rust execution cost; not aggregated with the direct C kernel	1668971	40000	IndicatorConfig::compute; API-owned Compact Output allocation included	catalogue_fixture_v1:f64le	fnv1a64:73fedfe0ae0a803f	0.6.4	43f9d5042ecc4bd367941846494ad907bf20ea50	3.12.13	0.6.4	0.6.4	2.2.3	rustc 1.93.0 (254b59607 2026-01-19)	Apple M2	Darwin 25.5.0 Darwin Kernel Version 25.5.0: Tue Jun  9 22:27:52 PDT 2026; root:xnu-12377.121.10~1/RELEASE_ARM64_T8112	aarch64	64	ta-core=default(f64,std); ta-benchmarks=catalogue-matrix	d09e20c4bfc0b0719a9458d05859ce4dd17f3d22	true
fast-ta	Math Operators	ADD: Vector Arithmetic Add	ADD	caller-owned Batch Computation	none	256	float	1	106.77359236225222	106.06943028891153	107.20432847307444	2397596581.1046734	50	0	0	0	0	256	fnv1a64:c5367dde45f21bf7	verified		measured		comparable	primary caller-owned Rust/C kernel	2197993	48077	IndicatorConfig::compute_into; caller output allocation excluded	catalogue_fixture_v1:f64le	fnv1a64:73fedfe0ae0a803f	0.6.4	43f9d5042ecc4bd367941846494ad907bf20ea50	3.12.13	0.6.4	0.6.4	2.2.3	rustc 1.93.0 (254b59607 2026-01-19)	Apple M2	Darwin 25.5.0 Darwin Kernel Version 25.5.0: Tue Jun  9 22:27:52 PDT 2026; root:xnu-12377.121.10~1/RELEASE_ARM64_T8112	aarch64	64	ta-core=default(f64,std); ta-benchmarks=catalogue-matrix	d09e20c4bfc0b0719a9458d05859ce4dd17f3d22	true
fast-ta	Math Operators	ADD: Vector Arithmetic Add	ADD	Prepared Batch Runner	none	256	float	1	105.80121010721675	105.29208257571008	106.21443350680293	2419632060.3571067	50	0	0	0	0	256	fnv1a64:c5367dde45f21bf7	verified		measured		unavailable	separate Rust execution cost; not aggregated with the direct C kernel	2223519	47847	PreparedBatchRunner::compute_into; preparation and caller output allocation excluded	catalogue_fixture_v1:f64le	fnv1a64:73fedfe0ae0a803f	0.6.4	43f9d5042ecc4bd367941846494ad907bf20ea50	3.12.13	0.6.4	0.6.4	2.2.3	rustc 1.93.0 (254b59607 2026-01-19)	Apple M2	Darwin 25.5.0 Darwin Kernel Version 25.5.0: Tue Jun  9 22:27:52 PDT 2026; root:xnu-12377.121.10~1/RELEASE_ARM64_T8112	aarch64	64	ta-core=default(f64,std); ta-benchmarks=catalogue-matrix	d09e20c4bfc0b0719a9458d05859ce4dd17f3d22	true
fast-ta	Math Operators	ADD: Vector Arithmetic Add	ADD	Streaming Computation	none	256	float	1	293.7596197845169	292.51770040351096	294.1920628977911	871460822.9265312	50	1	0	1	0	256	fnv1a64:c5367dde45f21bf7	verified		measured		unavailable	separate Rust execution cost; not aggregated with the direct C kernel	829283	24039	StreamingComputation::reset plus one next call per observation; stream and output allocation excluded	catalogue_fixture_v1:f64le	fnv1a64:73fedfe0ae0a803f	0.6.4	43f9d5042ecc4bd367941846494ad907bf20ea50	3.12.13	0.6.4	0.6.4	2.2.3	rustc 1.93.0 (254b59607 2026-01-19)	Apple M2	Darwin 25.5.0 Darwin Kernel Version 25.5.0: Tue Jun  9 22:27:52 PDT 2026; root:xnu-12377.121.10~1/RELEASE_ARM64_T8112	aarch64	64	ta-core=default(f64,std); ta-benchmarks=catalogue-matrix	d09e20c4bfc0b0719a9458d05859ce4dd17f3d22	true
TA-Lib C	Math Operators	ADD: Vector Arithmetic Add	ADD	direct C caller-owned	none	256	float	1	60.57577895453263	60.456126226324265	60.91296625222025	4226111565.022551	50	0	0	0	0	256	fnv1a64:c5367dde45f21bf7	verified		measured		comparable	primary caller-owned Rust/C kernel	3602889	60241	direct TA_ADD call; caller output allocation excluded	catalogue_fixture_v1:f64le	fnv1a64:73fedfe0ae0a803f	0.6.4	43f9d5042ecc4bd367941846494ad907bf20ea50	3.12.13	0.6.4	0.6.4	2.2.3	rustc 1.93.0 (254b59607 2026-01-19)	Apple M2	Darwin 25.5.0 Darwin Kernel Version 25.5.0: Tue Jun  9 22:27:52 PDT 2026; root:xnu-12377.121.10~1/RELEASE_ARM64_T8112	aarch64	64	ta-core=default(f64,std); ta-benchmarks=catalogue-matrix	d09e20c4bfc0b0719a9458d05859ce4dd17f3d22	true
TA-Lib Python	Math Operators	ADD: Vector Arithmetic Add	ADD	official Python NumPy API	none	256	float	1	164.72471860299999	164.03342023	165.67339699000001	1554107981.9172792	50	0	0	0	0	256	fnv1a64:c5367dde45f21bf7	verified		measured		unavailable	user-facing Python API cost; not aggregated with caller-owned kernels	536818	12627	direct talib.ADD NumPy API expression including API-owned output; fixture loading excluded	catalogue_fixture_v1:f64le	fnv1a64:73fedfe0ae0a803f	0.6.4	43f9d5042ecc4bd367941846494ad907bf20ea50	3.12.13	0.6.4	0.6.4	2.2.3	rustc 1.93.0 (254b59607 2026-01-19)	Apple M2	Darwin 25.5.0 Darwin Kernel Version 25.5.0: Tue Jun  9 22:27:52 PDT 2026; root:xnu-12377.121.10~1/RELEASE_ARM64_T8112	aarch64	64	ta-core=default(f64,std); ta-benchmarks=catalogue-matrix	d09e20c4bfc0b0719a9458d05859ce4dd17f3d22	true
fast-ta	Overlap Studies	SMA: Simple Moving Average	SMA	Owned Compact Output	timeperiod=14	4096	float	1	4836.78125	4814.40625	4867.41675	846844169.3533276	50	0	0	0	13	4083	fnv1a64:85a9e76a8f8e5d5a	verified		measured		unavailable	separate Rust execution cost; not aggregated with the direct C kernel	51388	2000	IndicatorConfig::compute; API-owned Compact Output allocation included	catalogue_fixture_v1:f64le	fnv1a64:06be03be64d63c6c	0.6.4	43f9d5042ecc4bd367941846494ad907bf20ea50	3.12.13	0.6.4	0.6.4	2.2.3	rustc 1.93.0 (254b59607 2026-01-19)	Apple M2	Darwin 25.5.0 Darwin Kernel Version 25.5.0: Tue Jun  9 22:27:52 PDT 2026; root:xnu-12377.121.10~1/RELEASE_ARM64_T8112	aarch64	64	ta-core=default(f64,std); ta-benchmarks=catalogue-matrix	d09e20c4bfc0b0719a9458d05859ce4dd17f3d22	true
fast-ta	Overlap Studies	SMA: Simple Moving Average	SMA	caller-owned Batch Computation	timeperiod=14	4096	float	1	4354.8196467991165	4349.466225165563	4360.9916114790285	940567080.2028841	50	0	0	0	13	4083	fnv1a64:85a9e76a8f8e5d5a	verified		measured		comparable	primary caller-owned Rust/C kernel	57102	2265	IndicatorConfig::compute_into; caller output allocation excluded	catalogue_fixture_v1:f64le	fnv1a64:06be03be64d63c6c	0.6.4	43f9d5042ecc4bd367941846494ad907bf20ea50	3.12.13	0.6.4	0.6.4	2.2.3	rustc 1.93.0 (254b59607 2026-01-19)	Apple M2	Darwin 25.5.0 Darwin Kernel Version 25.5.0: Tue Jun  9 22:27:52 PDT 2026; root:xnu-12377.121.10~1/RELEASE_ARM64_T8112	aarch64	64	ta-core=default(f64,std); ta-benchmarks=catalogue-matrix	d09e20c4bfc0b0719a9458d05859ce4dd17f3d22	true
fast-ta	Overlap Studies	SMA: Simple Moving Average	SMA	Prepared Batch Runner	timeperiod=14	4096	float	1	4348.04657712305	4332.051776429809	4365.829072790295	942032226.9662023	50	0	0	0	13	4083	fnv1a64:85a9e76a8f8e5d5a	verified		measured		unavailable	separate Rust execution cost; not aggregated with the direct C kernel	57241	2308	PreparedBatchRunner::compute_into; preparation and caller output allocation excluded	catalogue_fixture_v1:f64le	fnv1a64:06be03be64d63c6c	0.6.4	43f9d5042ecc4bd367941846494ad907bf20ea50	3.12.13	0.6.4	0.6.4	2.2.3	rustc 1.93.0 (254b59607 2026-01-19)	Apple M2	Darwin 25.5.0 Darwin Kernel Version 25.5.0: Tue Jun  9 22:27:52 PDT 2026; root:xnu-12377.121.10~1/RELEASE_ARM64_T8112	aarch64	64	ta-core=default(f64,std); ta-benchmarks=catalogue-matrix	d09e20c4bfc0b0719a9458d05859ce4dd17f3d22	true
fast-ta	Overlap Studies	SMA: Simple Moving Average	SMA	Streaming Computation	timeperiod=14	4096	float	1	20505.72912423625	20420.01934826884	20539.883910386965	199749054.28545976	50	0	0	0	13	4083	fnv1a64:85a9e76a8f8e5d5a	verified		measured		unavailable	separate Rust execution cost; not aggregated with the direct C kernel	12204	491	StreamingComputation::reset plus one next call per observation; stream and output allocation excluded	catalogue_fixture_v1:f64le	fnv1a64:06be03be64d63c6c	0.6.4	43f9d5042ecc4bd367941846494ad907bf20ea50	3.12.13	0.6.4	0.6.4	2.2.3	rustc 1.93.0 (254b59607 2026-01-19)	Apple M2	Darwin 25.5.0 Darwin Kernel Version 25.5.0: Tue Jun  9 22:27:52 PDT 2026; root:xnu-12377.121.10~1/RELEASE_ARM64_T8112	aarch64	64	ta-core=default(f64,std); ta-benchmarks=catalogue-matrix	d09e20c4bfc0b0719a9458d05859ce4dd17f3d22	true
TA-Lib C	Overlap Studies	SMA: Simple Moving Average	SMA	direct C caller-owned	timeperiod=14	4096	float	1	7372.219026548673	7350.786504424779	7378.535859144543	555599336.5429832	50	1	0	1	13	4083	fnv1a64:9577750b1dc4758a	verified		measured		comparable	primary caller-owned Rust/C kernel	33924	1356	direct TA_SMA call; caller output allocation excluded	catalogue_fixture_v1:f64le	fnv1a64:06be03be64d63c6c	0.6.4	43f9d5042ecc4bd367941846494ad907bf20ea50	3.12.13	0.6.4	0.6.4	2.2.3	rustc 1.93.0 (254b59607 2026-01-19)	Apple M2	Darwin 25.5.0 Darwin Kernel Version 25.5.0: Tue Jun  9 22:27:52 PDT 2026; root:xnu-12377.121.10~1/RELEASE_ARM64_T8112	aarch64	64	ta-core=default(f64,std); ta-benchmarks=catalogue-matrix	d09e20c4bfc0b0719a9458d05859ce4dd17f3d22	true
TA-Lib Python	Overlap Studies	SMA: Simple Moving Average	SMA	official Python NumPy API	timeperiod=14	4096	float	1	7493.5834922555005	7474.459367432501	7514.168538214	546600969.2469766	50	0	0	0	13	4083	fnv1a64:9577750b1dc4758a	verified		measured		unavailable	user-facing Python API cost; not aggregated with caller-owned kernels	32071	1341	direct talib.SMA NumPy API expression including API-owned output; fixture loading excluded	catalogue_fixture_v1:f64le	fnv1a64:06be03be64d63c6c	0.6.4	43f9d5042ecc4bd367941846494ad907bf20ea50	3.12.13	0.6.4	0.6.4	2.2.3	rustc 1.93.0 (254b59607 2026-01-19)	Apple M2	Darwin 25.5.0 Darwin Kernel Version 25.5.0: Tue Jun  9 22:27:52 PDT 2026; root:xnu-12377.121.10~1/RELEASE_ARM64_T8112	aarch64	64	ta-core=default(f64,std); ta-benchmarks=catalogue-matrix	d09e20c4bfc0b0719a9458d05859ce4dd17f3d22	true
fast-ta	Overlap Studies	BBANDS: Bollinger Bands	BBANDS	Owned Compact Output	timeperiod=20;nbdevup=2;nbdevdn=2;matype=SMA	4096	float	3	50368.574626865666	50239.53482587065	50489.53233830846	81320546.20055239	50	4	0	4	19	4077	fnv1a64:d9bc0e193c594d44	verified		measured		unavailable	separate Rust execution cost; not aggregated with the direct C kernel	4932	201	IndicatorConfig::compute; API-owned Compact Output allocation included	catalogue_fixture_v1:f64le	fnv1a64:06be03be64d63c6c	0.6.4	43f9d5042ecc4bd367941846494ad907bf20ea50	3.12.13	0.6.4	0.6.4	2.2.3	rustc 1.93.0 (254b59607 2026-01-19)	Apple M2	Darwin 25.5.0 Darwin Kernel Version 25.5.0: Tue Jun  9 22:27:52 PDT 2026; root:xnu-12377.121.10~1/RELEASE_ARM64_T8112	aarch64	64	ta-core=default(f64,std); ta-benchmarks=catalogue-matrix	d09e20c4bfc0b0719a9458d05859ce4dd17f3d22	true
fast-ta	Overlap Studies	BBANDS: Bollinger Bands	BBANDS	caller-owned Batch Computation	timeperiod=20;nbdevup=2;nbdevdn=2;matype=SMA	4096	float	3	48494.71531100478	48394.038277511965	48601.67224880382	84462811.54001342	50	1	0	1	19	4077	fnv1a64:d9bc0e193c594d44	verified		measured		comparable	primary caller-owned Rust/C kernel	5139	209	IndicatorConfig::compute_into; caller output allocation excluded	catalogue_fixture_v1:f64le	fnv1a64:06be03be64d63c6c	0.6.4	43f9d5042ecc4bd367941846494ad907bf20ea50	3.12.13	0.6.4	0.6.4	2.2.3	rustc 1.93.0 (254b59607 2026-01-19)	Apple M2	Darwin 25.5.0 Darwin Kernel Version 25.5.0: Tue Jun  9 22:27:52 PDT 2026; root:xnu-12377.121.10~1/RELEASE_ARM64_T8112	aarch64	64	ta-core=default(f64,std); ta-benchmarks=catalogue-matrix	d09e20c4bfc0b0719a9458d05859ce4dd17f3d22	true
fast-ta	Overlap Studies	BBANDS: Bollinger Bands	BBANDS	Prepared Batch Runner	timeperiod=20;nbdevup=2;nbdevdn=2;matype=SMA	4096	float	3	49006.71153846153	48900.03846153846	49167.11237980769	83580388.71441863	50	0	0	0	19	4077	fnv1a64:d9bc0e193c594d44	verified		measured		unavailable	separate Rust execution cost; not aggregated with the direct C kernel	5096	208	PreparedBatchRunner::compute_into; preparation and caller output allocation excluded	catalogue_fixture_v1:f64le	fnv1a64:06be03be64d63c6c	0.6.4	43f9d5042ecc4bd367941846494ad907bf20ea50	3.12.13	0.6.4	0.6.4	2.2.3	rustc 1.93.0 (254b59607 2026-01-19)	Apple M2	Darwin 25.5.0 Darwin Kernel Version 25.5.0: Tue Jun  9 22:27:52 PDT 2026; root:xnu-12377.121.10~1/RELEASE_ARM64_T8112	aarch64	64	ta-core=default(f64,std); ta-benchmarks=catalogue-matrix	d09e20c4bfc0b0719a9458d05859ce4dd17f3d22	true
fast-ta	Overlap Studies	BBANDS: Bollinger Bands	BBANDS	Streaming Computation	timeperiod=20;nbdevup=2;nbdevdn=2;matype=SMA	4096	float	3	33781.111666666664	33705.41666666667	33841.528333333335	121251190.3224815	50	0	0	0	19	4077	fnv1a64:d9bc0e193c594d44	verified		measured		unavailable	separate Rust execution cost; not aggregated with the direct C kernel	7391	300	StreamingComputation::reset plus one next call per observation; stream and output allocation excluded	catalogue_fixture_v1:f64le	fnv1a64:06be03be64d63c6c	0.6.4	43f9d5042ecc4bd367941846494ad907bf20ea50	3.12.13	0.6.4	0.6.4	2.2.3	rustc 1.93.0 (254b59607 2026-01-19)	Apple M2	Darwin 25.5.0 Darwin Kernel Version 25.5.0: Tue Jun  9 22:27:52 PDT 2026; root:xnu-12377.121.10~1/RELEASE_ARM64_T8112	aarch64	64	ta-core=default(f64,std); ta-benchmarks=catalogue-matrix	d09e20c4bfc0b0719a9458d05859ce4dd17f3d22	true
TA-Lib C	Overlap Studies	BBANDS: Bollinger Bands	BBANDS	direct C caller-owned	timeperiod=20;nbdevup=2;nbdevdn=2;matype=SMA	4096	float	3	16425.678453947367	16372.841282894737	16450.588815789473	249365650.95219323	50	1	0	1	19	4077	fnv1a64:bc9fd89b1f41e7d7	verified		measured		comparable	primary caller-owned Rust/C kernel	15177	608	direct TA_BBANDS call; caller output allocation excluded	catalogue_fixture_v1:f64le	fnv1a64:06be03be64d63c6c	0.6.4	43f9d5042ecc4bd367941846494ad907bf20ea50	3.12.13	0.6.4	0.6.4	2.2.3	rustc 1.93.0 (254b59607 2026-01-19)	Apple M2	Darwin 25.5.0 Darwin Kernel Version 25.5.0: Tue Jun  9 22:27:52 PDT 2026; root:xnu-12377.121.10~1/RELEASE_ARM64_T8112	aarch64	64	ta-core=default(f64,std); ta-benchmarks=catalogue-matrix	d09e20c4bfc0b0719a9458d05859ce4dd17f3d22	true
TA-Lib Python	Overlap Studies	BBANDS: Bollinger Bands	BBANDS	official Python NumPy API	timeperiod=20;nbdevup=2;nbdevdn=2;matype=SMA	4096	float	3	18223.167005618998	18160.71421522	18305.724146417502	224768834.01974115	50	1	0	1	19	4077	fnv1a64:bc9fd89b1f41e7d7	verified		measured		unavailable	user-facing Python API cost; not aggregated with caller-owned kernels	13200	455	direct talib.BBANDS NumPy API expression including API-owned output; fixture loading excluded	catalogue_fixture_v1:f64le	fnv1a64:06be03be64d63c6c	0.6.4	43f9d5042ecc4bd367941846494ad907bf20ea50	3.12.13	0.6.4	0.6.4	2.2.3	rustc 1.93.0 (254b59607 2026-01-19)	Apple M2	Darwin 25.5.0 Darwin Kernel Version 25.5.0: Tue Jun  9 22:27:52 PDT 2026; root:xnu-12377.121.10~1/RELEASE_ARM64_T8112	aarch64	64	ta-core=default(f64,std); ta-benchmarks=catalogue-matrix	d09e20c4bfc0b0719a9458d05859ce4dd17f3d22	true
fast-ta	Momentum Indicators	RSI: Relative Strength Index	RSI	Owned Compact Output	timeperiod=14	4096	float	1	21987.47276688453	21902.59586056645	22047.202614379086	186287894.17622435	50	2	0	2	14	4082	fnv1a64:6ed644285034132b	verified		measured		unavailable	separate Rust execution cost; not aggregated with the direct C kernel	11374	459	IndicatorConfig::compute; API-owned Compact Output allocation included	catalogue_fixture_v1:f64le	fnv1a64:06be03be64d63c6c	0.6.4	43f9d5042ecc4bd367941846494ad907bf20ea50	3.12.13	0.6.4	0.6.4	2.2.3	rustc 1.93.0 (254b59607 2026-01-19)	Apple M2	Darwin 25.5.0 Darwin Kernel Version 25.5.0: Tue Jun  9 22:27:52 PDT 2026; root:xnu-12377.121.10~1/RELEASE_ARM64_T8112	aarch64	64	ta-core=default(f64,std); ta-benchmarks=catalogue-matrix	d09e20c4bfc0b0719a9458d05859ce4dd17f3d22	true
fast-ta	Momentum Indicators	RSI: Relative Strength Index	RSI	caller-owned Batch Computation	timeperiod=14	4096	float	1	21488.222698072805	21449.41113490364	21559.10920770878	190616043.8465371	50	0	0	0	14	4082	fnv1a64:6ed644285034132b	verified		measured		comparable	primary caller-owned Rust/C kernel	11609	467	IndicatorConfig::compute_into; caller output allocation excluded	catalogue_fixture_v1:f64le	fnv1a64:06be03be64d63c6c	0.6.4	43f9d5042ecc4bd367941846494ad907bf20ea50	3.12.13	0.6.4	0.6.4	2.2.3	rustc 1.93.0 (254b59607 2026-01-19)	Apple M2	Darwin 25.5.0 Darwin Kernel Version 25.5.0: Tue Jun  9 22:27:52 PDT 2026; root:xnu-12377.121.10~1/RELEASE_ARM64_T8112	aarch64	64	ta-core=default(f64,std); ta-benchmarks=catalogue-matrix	d09e20c4bfc0b0719a9458d05859ce4dd17f3d22	true
fast-ta	Momentum Indicators	RSI: Relative Strength Index	RSI	Prepared Batch Runner	timeperiod=14	4096	float	1	21503.55437100213	21470.771855010662	21528.251599147123	190480137.81031093	50	0	0	0	14	4082	fnv1a64:6ed644285034132b	verified		measured		unavailable	separate Rust execution cost; not aggregated with the direct C kernel	11605	469	PreparedBatchRunner::compute_into; preparation and caller output allocation excluded	catalogue_fixture_v1:f64le	fnv1a64:06be03be64d63c6c	0.6.4	43f9d5042ecc4bd367941846494ad907bf20ea50	3.12.13	0.6.4	0.6.4	2.2.3	rustc 1.93.0 (254b59607 2026-01-19)	Apple M2	Darwin 25.5.0 Darwin Kernel Version 25.5.0: Tue Jun  9 22:27:52 PDT 2026; root:xnu-12377.121.10~1/RELEASE_ARM64_T8112	aarch64	64	ta-core=default(f64,std); ta-benchmarks=catalogue-matrix	d09e20c4bfc0b0719a9458d05859ce4dd17f3d22	true
fast-ta	Momentum Indicators	RSI: Relative Strength Index	RSI	Streaming Computation	timeperiod=14	4096	float	1	36389.96750902527	36299.33935018051	36479.543321299636	112558495.66186419	50	0	0	0	14	4082	fnv1a64:6ed644285034132b	verified		measured		unavailable	separate Rust execution cost; not aggregated with the direct C kernel	6843	277	StreamingComputation::reset plus one next call per observation; stream and output allocation excluded	catalogue_fixture_v1:f64le	fnv1a64:06be03be64d63c6c	0.6.4	43f9d5042ecc4bd367941846494ad907bf20ea50	3.12.13	0.6.4	0.6.4	2.2.3	rustc 1.93.0 (254b59607 2026-01-19)	Apple M2	Darwin 25.5.0 Darwin Kernel Version 25.5.0: Tue Jun  9 22:27:52 PDT 2026; root:xnu-12377.121.10~1/RELEASE_ARM64_T8112	aarch64	64	ta-core=default(f64,std); ta-benchmarks=catalogue-matrix	d09e20c4bfc0b0719a9458d05859ce4dd17f3d22	true
TA-Lib C	Momentum Indicators	RSI: Relative Strength Index	RSI	direct C caller-owned	timeperiod=14	4096	float	1	23121.908675799088	23063.641552511417	23162.481735159818	177148005.27203634	50	1	0	1	14	4082	fnv1a64:6ed644285034132b	verified		measured		comparable	primary caller-owned Rust/C kernel	10808	438	direct TA_RSI call; caller output allocation excluded	catalogue_fixture_v1:f64le	fnv1a64:06be03be64d63c6c	0.6.4	43f9d5042ecc4bd367941846494ad907bf20ea50	3.12.13	0.6.4	0.6.4	2.2.3	rustc 1.93.0 (254b59607 2026-01-19)	Apple M2	Darwin 25.5.0 Darwin Kernel Version 25.5.0: Tue Jun  9 22:27:52 PDT 2026; root:xnu-12377.121.10~1/RELEASE_ARM64_T8112	aarch64	64	ta-core=default(f64,std); ta-benchmarks=catalogue-matrix	d09e20c4bfc0b0719a9458d05859ce4dd17f3d22	true
TA-Lib Python	Momentum Indicators	RSI: Relative Strength Index	RSI	official Python NumPy API	timeperiod=14	4096	float	1	23187.068960062003	23145.594262122002	23226.7724055715	176650184.0769549	50	2	0	2	14	4082	fnv1a64:6ed644285034132b	verified		measured		unavailable	user-facing Python API cost; not aggregated with caller-owned kernels	10614	435	direct talib.RSI NumPy API expression including API-owned output; fixture loading excluded	catalogue_fixture_v1:f64le	fnv1a64:06be03be64d63c6c	0.6.4	43f9d5042ecc4bd367941846494ad907bf20ea50	3.12.13	0.6.4	0.6.4	2.2.3	rustc 1.93.0 (254b59607 2026-01-19)	Apple M2	Darwin 25.5.0 Darwin Kernel Version 25.5.0: Tue Jun  9 22:27:52 PDT 2026; root:xnu-12377.121.10~1/RELEASE_ARM64_T8112	aarch64	64	ta-core=default(f64,std); ta-benchmarks=catalogue-matrix	d09e20c4bfc0b0719a9458d05859ce4dd17f3d22	true
fast-ta	Momentum Indicators	MACD: Moving Average Convergence/Divergence	MACD	Owned Compact Output	fastperiod=12;slowperiod=26;signalperiod=9	4096	float	3	14241.025423728814	14194.415254237289	14283.839689265536	287619737.9140357	50	0	0	0	33	4063	fnv1a64:c59701467711d106	verified		measured		unavailable	separate Rust execution cost; not aggregated with the direct C kernel	17610	708	IndicatorConfig::compute; API-owned Compact Output allocation included	catalogue_fixture_v1:f64le	fnv1a64:06be03be64d63c6c	0.6.4	43f9d5042ecc4bd367941846494ad907bf20ea50	3.12.13	0.6.4	0.6.4	2.2.3	rustc 1.93.0 (254b59607 2026-01-19)	Apple M2	Darwin 25.5.0 Darwin Kernel Version 25.5.0: Tue Jun  9 22:27:52 PDT 2026; root:xnu-12377.121.10~1/RELEASE_ARM64_T8112	aarch64	64	ta-core=default(f64,std); ta-benchmarks=catalogue-matrix	d09e20c4bfc0b0719a9458d05859ce4dd17f3d22	true
fast-ta	Momentum Indicators	MACD: Moving Average Convergence/Divergence	MACD	caller-owned Batch Computation	fastperiod=12;slowperiod=26;signalperiod=9	4096	float	3	12899.032258064515	12866.344516129033	12918.064516129032	317543201.5405007	50	1	0	1	33	4063	fnv1a64:c59701467711d106	verified		measured		comparable	primary caller-owned Rust/C kernel	19312	775	IndicatorConfig::compute_into; caller output allocation excluded	catalogue_fixture_v1:f64le	fnv1a64:06be03be64d63c6c	0.6.4	43f9d5042ecc4bd367941846494ad907bf20ea50	3.12.13	0.6.4	0.6.4	2.2.3	rustc 1.93.0 (254b59607 2026-01-19)	Apple M2	Darwin 25.5.0 Darwin Kernel Version 25.5.0: Tue Jun  9 22:27:52 PDT 2026; root:xnu-12377.121.10~1/RELEASE_ARM64_T8112	aarch64	64	ta-core=default(f64,std); ta-benchmarks=catalogue-matrix	d09e20c4bfc0b0719a9458d05859ce4dd17f3d22	true
fast-ta	Momentum Indicators	MACD: Moving Average Convergence/Divergence	MACD	Prepared Batch Runner	fastperiod=12;slowperiod=26;signalperiod=9	4096	float	3	12887.34076433121	12850.822292993631	12897.31974522293	317831279.1523801	50	0	0	0	33	4063	fnv1a64:c59701467711d106	verified		measured		unavailable	separate Rust execution cost; not aggregated with the direct C kernel	19335	785	PreparedBatchRunner::compute_into; preparation and caller output allocation excluded	catalogue_fixture_v1:f64le	fnv1a64:06be03be64d63c6c	0.6.4	43f9d5042ecc4bd367941846494ad907bf20ea50	3.12.13	0.6.4	0.6.4	2.2.3	rustc 1.93.0 (254b59607 2026-01-19)	Apple M2	Darwin 25.5.0 Darwin Kernel Version 25.5.0: Tue Jun  9 22:27:52 PDT 2026; root:xnu-12377.121.10~1/RELEASE_ARM64_T8112	aarch64	64	ta-core=default(f64,std); ta-benchmarks=catalogue-matrix	d09e20c4bfc0b0719a9458d05859ce4dd17f3d22	true
fast-ta	Momentum Indicators	MACD: Moving Average Convergence/Divergence	MACD	Streaming Computation	fastperiod=12;slowperiod=26;signalperiod=9	4096	float	3	60801.89820359282	60538.922155688626	60902.19161676647	67366317.84561563	50	1	0	1	33	4063	fnv1a64:c59701467711d106	verified		measured		unavailable	separate Rust execution cost; not aggregated with the direct C kernel	4118	167	StreamingComputation::reset plus one next call per observation; stream and output allocation excluded	catalogue_fixture_v1:f64le	fnv1a64:06be03be64d63c6c	0.6.4	43f9d5042ecc4bd367941846494ad907bf20ea50	3.12.13	0.6.4	0.6.4	2.2.3	rustc 1.93.0 (254b59607 2026-01-19)	Apple M2	Darwin 25.5.0 Darwin Kernel Version 25.5.0: Tue Jun  9 22:27:52 PDT 2026; root:xnu-12377.121.10~1/RELEASE_ARM64_T8112	aarch64	64	ta-core=default(f64,std); ta-benchmarks=catalogue-matrix	d09e20c4bfc0b0719a9458d05859ce4dd17f3d22	true
TA-Lib C	Momentum Indicators	MACD: Moving Average Convergence/Divergence	MACD	direct C caller-owned	fastperiod=12;slowperiod=26;signalperiod=9	4096	float	3	27924.205801104974	27868.209944751383	28002.186464088398	146682775.12257552	50	2	0	2	33	4063	fnv1a64:1a2ab1fe5c86c3b9	verified		measured		comparable	primary caller-owned Rust/C kernel	8921	362	direct TA_MACD call; caller output allocation excluded	catalogue_fixture_v1:f64le	fnv1a64:06be03be64d63c6c	0.6.4	43f9d5042ecc4bd367941846494ad907bf20ea50	3.12.13	0.6.4	0.6.4	2.2.3	rustc 1.93.0 (254b59607 2026-01-19)	Apple M2	Darwin 25.5.0 Darwin Kernel Version 25.5.0: Tue Jun  9 22:27:52 PDT 2026; root:xnu-12377.121.10~1/RELEASE_ARM64_T8112	aarch64	64	ta-core=default(f64,std); ta-benchmarks=catalogue-matrix	d09e20c4bfc0b0719a9458d05859ce4dd17f3d22	true
TA-Lib Python	Momentum Indicators	MACD: Moving Average Convergence/Divergence	MACD	official Python NumPy API	fastperiod=12;slowperiod=26;signalperiod=9	4096	float	3	28160.3162792485	28095.857596471	28303.29916952	145452911.7990896	50	0	0	0	33	4063	fnv1a64:1a2ab1fe5c86c3b9	verified		measured		unavailable	user-facing Python API cost; not aggregated with caller-owned kernels	8751	351	direct talib.MACD NumPy API expression including API-owned output; fixture loading excluded	catalogue_fixture_v1:f64le	fnv1a64:06be03be64d63c6c	0.6.4	43f9d5042ecc4bd367941846494ad907bf20ea50	3.12.13	0.6.4	0.6.4	2.2.3	rustc 1.93.0 (254b59607 2026-01-19)	Apple M2	Darwin 25.5.0 Darwin Kernel Version 25.5.0: Tue Jun  9 22:27:52 PDT 2026; root:xnu-12377.121.10~1/RELEASE_ARM64_T8112	aarch64	64	ta-core=default(f64,std); ta-benchmarks=catalogue-matrix	d09e20c4bfc0b0719a9458d05859ce4dd17f3d22	true
fast-ta	Volatility Indicators	ATR: Average True Range	ATR	Owned Compact Output	timeperiod=14	4096	float	1	22796.89819004525	22740.007918552037	22893.570135746606	179673566.37091118	50	0	0	0	14	4082	fnv1a64:2f3c03f7c4fd984a	verified		measured		unavailable	separate Rust execution cost; not aggregated with the direct C kernel	10937	442	IndicatorConfig::compute; API-owned Compact Output allocation included	catalogue_fixture_v1:f64le	fnv1a64:06be03be64d63c6c	0.6.4	43f9d5042ecc4bd367941846494ad907bf20ea50	3.12.13	0.6.4	0.6.4	2.2.3	rustc 1.93.0 (254b59607 2026-01-19)	Apple M2	Darwin 25.5.0 Darwin Kernel Version 25.5.0: Tue Jun  9 22:27:52 PDT 2026; root:xnu-12377.121.10~1/RELEASE_ARM64_T8112	aarch64	64	ta-core=default(f64,std); ta-benchmarks=catalogue-matrix	d09e20c4bfc0b0719a9458d05859ce4dd17f3d22	true
fast-ta	Volatility Indicators	ATR: Average True Range	ATR	caller-owned Batch Computation	timeperiod=14	4096	float	1	22231.04845814978	22150.14757709251	22294.51018722467	184246820.73410842	50	0	0	0	14	4082	fnv1a64:2f3c03f7c4fd984a	verified		measured		comparable	primary caller-owned Rust/C kernel	11206	454	IndicatorConfig::compute_into; caller output allocation excluded	catalogue_fixture_v1:f64le	fnv1a64:06be03be64d63c6c	0.6.4	43f9d5042ecc4bd367941846494ad907bf20ea50	3.12.13	0.6.4	0.6.4	2.2.3	rustc 1.93.0 (254b59607 2026-01-19)	Apple M2	Darwin 25.5.0 Darwin Kernel Version 25.5.0: Tue Jun  9 22:27:52 PDT 2026; root:xnu-12377.121.10~1/RELEASE_ARM64_T8112	aarch64	64	ta-core=default(f64,std); ta-benchmarks=catalogue-matrix	d09e20c4bfc0b0719a9458d05859ce4dd17f3d22	true
fast-ta	Volatility Indicators	ATR: Average True Range	ATR	Prepared Batch Runner	timeperiod=14	4096	float	1	22245.04515418502	22211.316079295153	22306.94713656388	184130891.69339845	50	4	0	4	14	4082	fnv1a64:2f3c03f7c4fd984a	verified		measured		unavailable	separate Rust execution cost; not aggregated with the direct C kernel	11244	454	PreparedBatchRunner::compute_into; preparation and caller output allocation excluded	catalogue_fixture_v1:f64le	fnv1a64:06be03be64d63c6c	0.6.4	43f9d5042ecc4bd367941846494ad907bf20ea50	3.12.13	0.6.4	0.6.4	2.2.3	rustc 1.93.0 (254b59607 2026-01-19)	Apple M2	Darwin 25.5.0 Darwin Kernel Version 25.5.0: Tue Jun  9 22:27:52 PDT 2026; root:xnu-12377.121.10~1/RELEASE_ARM64_T8112	aarch64	64	ta-core=default(f64,std); ta-benchmarks=catalogue-matrix	d09e20c4bfc0b0719a9458d05859ce4dd17f3d22	true
fast-ta	Volatility Indicators	ATR: Average True Range	ATR	Streaming Computation	timeperiod=14	4096	float	1	35327.828571428574	35277.52857142857	35385.41607142857	115942591.5951326	50	1	0	1	14	4082	fnv1a64:2f3c03f7c4fd984a	verified		measured		unavailable	separate Rust execution cost; not aggregated with the direct C kernel	7054	280	StreamingComputation::reset plus one next call per observation; stream and output allocation excluded	catalogue_fixture_v1:f64le	fnv1a64:06be03be64d63c6c	0.6.4	43f9d5042ecc4bd367941846494ad907bf20ea50	3.12.13	0.6.4	0.6.4	2.2.3	rustc 1.93.0 (254b59607 2026-01-19)	Apple M2	Darwin 25.5.0 Darwin Kernel Version 25.5.0: Tue Jun  9 22:27:52 PDT 2026; root:xnu-12377.121.10~1/RELEASE_ARM64_T8112	aarch64	64	ta-core=default(f64,std); ta-benchmarks=catalogue-matrix	d09e20c4bfc0b0719a9458d05859ce4dd17f3d22	true
TA-Lib C	Volatility Indicators	ATR: Average True Range	ATR	direct C caller-owned	timeperiod=14	4096	float	1	21867.0183982684	21798.70021645022	21914.140692640693	187314060.17037755	50	1	0	1	14	4082	fnv1a64:2f3c03f7c4fd984a	verified		measured		comparable	primary caller-owned Rust/C kernel	11411	462	direct TA_ATR call; caller output allocation excluded	catalogue_fixture_v1:f64le	fnv1a64:06be03be64d63c6c	0.6.4	43f9d5042ecc4bd367941846494ad907bf20ea50	3.12.13	0.6.4	0.6.4	2.2.3	rustc 1.93.0 (254b59607 2026-01-19)	Apple M2	Darwin 25.5.0 Darwin Kernel Version 25.5.0: Tue Jun  9 22:27:52 PDT 2026; root:xnu-12377.121.10~1/RELEASE_ARM64_T8112	aarch64	64	ta-core=default(f64,std); ta-benchmarks=catalogue-matrix	d09e20c4bfc0b0719a9458d05859ce4dd17f3d22	true
TA-Lib Python	Volatility Indicators	ATR: Average True Range	ATR	official Python NumPy API	timeperiod=14	4096	float	1	22160.6670296215	22111.3675549705	22231.8065148875	184831981.5700944	50	0	0	0	14	4082	fnv1a64:2f3c03f7c4fd984a	verified		measured		unavailable	user-facing Python API cost; not aggregated with caller-owned kernels	11084	434	direct talib.ATR NumPy API expression including API-owned output; fixture loading excluded	catalogue_fixture_v1:f64le	fnv1a64:06be03be64d63c6c	0.6.4	43f9d5042ecc4bd367941846494ad907bf20ea50	3.12.13	0.6.4	0.6.4	2.2.3	rustc 1.93.0 (254b59607 2026-01-19)	Apple M2	Darwin 25.5.0 Darwin Kernel Version 25.5.0: Tue Jun  9 22:27:52 PDT 2026; root:xnu-12377.121.10~1/RELEASE_ARM64_T8112	aarch64	64	ta-core=default(f64,std); ta-benchmarks=catalogue-matrix	d09e20c4bfc0b0719a9458d05859ce4dd17f3d22	true
fast-ta	Momentum Indicators	ADX: Average Directional Movement Index	ADX	Owned Compact Output	timeperiod=14	4096	float	1	26667.16489361702	26594.35904255319	26732.32579787234	153597130.26638266	50	0	0	0	27	4069	fnv1a64:c1d363ac0cdbd25d	verified		measured		unavailable	separate Rust execution cost; not aggregated with the direct C kernel	9369	376	IndicatorConfig::compute; API-owned Compact Output allocation included	catalogue_fixture_v1:f64le	fnv1a64:06be03be64d63c6c	0.6.4	43f9d5042ecc4bd367941846494ad907bf20ea50	3.12.13	0.6.4	0.6.4	2.2.3	rustc 1.93.0 (254b59607 2026-01-19)	Apple M2	Darwin 25.5.0 Darwin Kernel Version 25.5.0: Tue Jun  9 22:27:52 PDT 2026; root:xnu-12377.121.10~1/RELEASE_ARM64_T8112	aarch64	64	ta-core=default(f64,std); ta-benchmarks=catalogue-matrix	d09e20c4bfc0b0719a9458d05859ce4dd17f3d22	true
fast-ta	Momentum Indicators	ADX: Average Directional Movement Index	ADX	caller-owned Batch Computation	timeperiod=14	4096	float	1	26126.180412371134	26041.881443298967	26159.257731958765	156777605.27369258	50	0	0	0	27	4069	fnv1a64:c1d363ac0cdbd25d	verified		measured		comparable	primary caller-owned Rust/C kernel	9573	388	IndicatorConfig::compute_into; caller output allocation excluded	catalogue_fixture_v1:f64le	fnv1a64:06be03be64d63c6c	0.6.4	43f9d5042ecc4bd367941846494ad907bf20ea50	3.12.13	0.6.4	0.6.4	2.2.3	rustc 1.93.0 (254b59607 2026-01-19)	Apple M2	Darwin 25.5.0 Darwin Kernel Version 25.5.0: Tue Jun  9 22:27:52 PDT 2026; root:xnu-12377.121.10~1/RELEASE_ARM64_T8112	aarch64	64	ta-core=default(f64,std); ta-benchmarks=catalogue-matrix	d09e20c4bfc0b0719a9458d05859ce4dd17f3d22	true
fast-ta	Momentum Indicators	ADX: Average Directional Movement Index	ADX	Prepared Batch Runner	timeperiod=14	4096	float	1	26113.449481865286	26051.759067357514	26182.642487046633	156854038.1018794	50	0	0	0	27	4069	fnv1a64:c1d363ac0cdbd25d	verified		measured		unavailable	separate Rust execution cost; not aggregated with the direct C kernel	9556	386	PreparedBatchRunner::compute_into; preparation and caller output allocation excluded	catalogue_fixture_v1:f64le	fnv1a64:06be03be64d63c6c	0.6.4	43f9d5042ecc4bd367941846494ad907bf20ea50	3.12.13	0.6.4	0.6.4	2.2.3	rustc 1.93.0 (254b59607 2026-01-19)	Apple M2	Darwin 25.5.0 Darwin Kernel Version 25.5.0: Tue Jun  9 22:27:52 PDT 2026; root:xnu-12377.121.10~1/RELEASE_ARM64_T8112	aarch64	64	ta-core=default(f64,std); ta-benchmarks=catalogue-matrix	d09e20c4bfc0b0719a9458d05859ce4dd17f3d22	true
fast-ta	Momentum Indicators	ADX: Average Directional Movement Index	ADX	Streaming Computation	timeperiod=14	4096	float	1	55147.19293478261	54923.684782608696	55286.230978260865	74273952.70769182	50	2	0	2	27	4069	fnv1a64:c1d363ac0cdbd25d	verified		measured		unavailable	separate Rust execution cost; not aggregated with the direct C kernel	4523	184	StreamingComputation::reset plus one next call per observation; stream and output allocation excluded	catalogue_fixture_v1:f64le	fnv1a64:06be03be64d63c6c	0.6.4	43f9d5042ecc4bd367941846494ad907bf20ea50	3.12.13	0.6.4	0.6.4	2.2.3	rustc 1.93.0 (254b59607 2026-01-19)	Apple M2	Darwin 25.5.0 Darwin Kernel Version 25.5.0: Tue Jun  9 22:27:52 PDT 2026; root:xnu-12377.121.10~1/RELEASE_ARM64_T8112	aarch64	64	ta-core=default(f64,std); ta-benchmarks=catalogue-matrix	d09e20c4bfc0b0719a9458d05859ce4dd17f3d22	true
TA-Lib C	Momentum Indicators	ADX: Average Directional Movement Index	ADX	direct C caller-owned	timeperiod=14	4096	float	1	24561.069852941175	24453.48161764706	24653.492647058825	166767979.75514516	50	1	0	1	27	4069	fnv1a64:d4fcfb104dda56fb	verified		measured		comparable	primary caller-owned Rust/C kernel	10187	408	direct TA_ADX call; caller output allocation excluded	catalogue_fixture_v1:f64le	fnv1a64:06be03be64d63c6c	0.6.4	43f9d5042ecc4bd367941846494ad907bf20ea50	3.12.13	0.6.4	0.6.4	2.2.3	rustc 1.93.0 (254b59607 2026-01-19)	Apple M2	Darwin 25.5.0 Darwin Kernel Version 25.5.0: Tue Jun  9 22:27:52 PDT 2026; root:xnu-12377.121.10~1/RELEASE_ARM64_T8112	aarch64	64	ta-core=default(f64,std); ta-benchmarks=catalogue-matrix	d09e20c4bfc0b0719a9458d05859ce4dd17f3d22	true
TA-Lib Python	Momentum Indicators	ADX: Average Directional Movement Index	ADX	official Python NumPy API	timeperiod=14	4096	float	1	24832.615739519002	24795.772153953	24937.293113764	164944363.61295453	50	0	0	0	27	4069	fnv1a64:d4fcfb104dda56fb	verified		measured		unavailable	user-facing Python API cost; not aggregated with caller-owned kernels	9910	406	direct talib.ADX NumPy API expression including API-owned output; fixture loading excluded	catalogue_fixture_v1:f64le	fnv1a64:06be03be64d63c6c	0.6.4	43f9d5042ecc4bd367941846494ad907bf20ea50	3.12.13	0.6.4	0.6.4	2.2.3	rustc 1.93.0 (254b59607 2026-01-19)	Apple M2	Darwin 25.5.0 Darwin Kernel Version 25.5.0: Tue Jun  9 22:27:52 PDT 2026; root:xnu-12377.121.10~1/RELEASE_ARM64_T8112	aarch64	64	ta-core=default(f64,std); ta-benchmarks=catalogue-matrix	d09e20c4bfc0b0719a9458d05859ce4dd17f3d22	true
fast-ta	Cycle Indicators	HT_DCPHASE: Hilbert Transform Dominant Cycle Phase	HT_DCPHASE	Owned Compact Output	none	4096	float	1	451859.60869565216	451008.1304347826	453300.7173913043	9064762.41995518	50	0	0	0	63	4033	fnv1a64:b0d0ff7b985daddf	verified		measured		unavailable	separate Rust execution cost; not aggregated with the direct C kernel	550	23	IndicatorConfig::compute; API-owned Compact Output allocation included	catalogue_fixture_v1:f64le	fnv1a64:06be03be64d63c6c	0.6.4	43f9d5042ecc4bd367941846494ad907bf20ea50	3.12.13	0.6.4	0.6.4	2.2.3	rustc 1.93.0 (254b59607 2026-01-19)	Apple M2	Darwin 25.5.0 Darwin Kernel Version 25.5.0: Tue Jun  9 22:27:52 PDT 2026; root:xnu-12377.121.10~1/RELEASE_ARM64_T8112	aarch64	64	ta-core=default(f64,std); ta-benchmarks=catalogue-matrix	d09e20c4bfc0b0719a9458d05859ce4dd17f3d22	true
fast-ta	Cycle Indicators	HT_DCPHASE: Hilbert Transform Dominant Cycle Phase	HT_DCPHASE	caller-owned Batch Computation	none	4096	float	1	452208.32608695654	451581.52173913043	453445.652173913	9057772.18974152	50	2	0	2	63	4033	fnv1a64:b0d0ff7b985daddf	verified		measured		comparable	primary caller-owned Rust/C kernel	553	23	IndicatorConfig::compute_into; caller output allocation excluded	catalogue_fixture_v1:f64le	fnv1a64:06be03be64d63c6c	0.6.4	43f9d5042ecc4bd367941846494ad907bf20ea50	3.12.13	0.6.4	0.6.4	2.2.3	rustc 1.93.0 (254b59607 2026-01-19)	Apple M2	Darwin 25.5.0 Darwin Kernel Version 25.5.0: Tue Jun  9 22:27:52 PDT 2026; root:xnu-12377.121.10~1/RELEASE_ARM64_T8112	aarch64	64	ta-core=default(f64,std); ta-benchmarks=catalogue-matrix	d09e20c4bfc0b0719a9458d05859ce4dd17f3d22	true
fast-ta	Cycle Indicators	HT_DCPHASE: Hilbert Transform Dominant Cycle Phase	HT_DCPHASE	Prepared Batch Runner	none	4096	float	1	451817.2272727273	451060.63636363635	453200.75	9065612.714071127	50	1	0	1	63	4033	fnv1a64:b0d0ff7b985daddf	verified		measured		unavailable	separate Rust execution cost; not aggregated with the direct C kernel	554	22	PreparedBatchRunner::compute_into; preparation and caller output allocation excluded	catalogue_fixture_v1:f64le	fnv1a64:06be03be64d63c6c	0.6.4	43f9d5042ecc4bd367941846494ad907bf20ea50	3.12.13	0.6.4	0.6.4	2.2.3	rustc 1.93.0 (254b59607 2026-01-19)	Apple M2	Darwin 25.5.0 Darwin Kernel Version 25.5.0: Tue Jun  9 22:27:52 PDT 2026; root:xnu-12377.121.10~1/RELEASE_ARM64_T8112	aarch64	64	ta-core=default(f64,std); ta-benchmarks=catalogue-matrix	d09e20c4bfc0b0719a9458d05859ce4dd17f3d22	true
fast-ta	Cycle Indicators	HT_DCPHASE: Hilbert Transform Dominant Cycle Phase	HT_DCPHASE	Streaming Computation	none	4096	float	1	432758.6875	431900.1666666667	433934.8958333334	9464859.096560597	50	0	0	0	63	4033	fnv1a64:b0d0ff7b985daddf	verified		measured		unavailable	separate Rust execution cost; not aggregated with the direct C kernel	577	24	StreamingComputation::reset plus one next call per observation; stream and output allocation excluded	catalogue_fixture_v1:f64le	fnv1a64:06be03be64d63c6c	0.6.4	43f9d5042ecc4bd367941846494ad907bf20ea50	3.12.13	0.6.4	0.6.4	2.2.3	rustc 1.93.0 (254b59607 2026-01-19)	Apple M2	Darwin 25.5.0 Darwin Kernel Version 25.5.0: Tue Jun  9 22:27:52 PDT 2026; root:xnu-12377.121.10~1/RELEASE_ARM64_T8112	aarch64	64	ta-core=default(f64,std); ta-benchmarks=catalogue-matrix	d09e20c4bfc0b0719a9458d05859ce4dd17f3d22	true
TA-Lib C	Cycle Indicators	HT_DCPHASE: Hilbert Transform Dominant Cycle Phase	HT_DCPHASE	direct C caller-owned	none	4096	float	1	365572.1607142857	364861.60714285716	366389.85714285716	11204354.27029479	50	1	0	1	63	4033	fnv1a64:40c013053b1f2864	verified		measured		comparable	primary caller-owned Rust/C kernel	688	28	direct TA_HT_DCPHASE call; caller output allocation excluded	catalogue_fixture_v1:f64le	fnv1a64:06be03be64d63c6c	0.6.4	43f9d5042ecc4bd367941846494ad907bf20ea50	3.12.13	0.6.4	0.6.4	2.2.3	rustc 1.93.0 (254b59607 2026-01-19)	Apple M2	Darwin 25.5.0 Darwin Kernel Version 25.5.0: Tue Jun  9 22:27:52 PDT 2026; root:xnu-12377.121.10~1/RELEASE_ARM64_T8112	aarch64	64	ta-core=default(f64,std); ta-benchmarks=catalogue-matrix	d09e20c4bfc0b0719a9458d05859ce4dd17f3d22	true
TA-Lib Python	Cycle Indicators	HT_DCPHASE: Hilbert Transform Dominant Cycle Phase	HT_DCPHASE	official Python NumPy API	none	4096	float	1	369397.321524697	368176.3399591935	370642.856328881	11088331.61836056	50	0	0	0	63	4033	fnv1a64:40c013053b1f2864	verified		measured		unavailable	user-facing Python API cost; not aggregated with caller-owned kernels	676	28	direct talib.HT_DCPHASE NumPy API expression including API-owned output; fixture loading excluded	catalogue_fixture_v1:f64le	fnv1a64:06be03be64d63c6c	0.6.4	43f9d5042ecc4bd367941846494ad907bf20ea50	3.12.13	0.6.4	0.6.4	2.2.3	rustc 1.93.0 (254b59607 2026-01-19)	Apple M2	Darwin 25.5.0 Darwin Kernel Version 25.5.0: Tue Jun  9 22:27:52 PDT 2026; root:xnu-12377.121.10~1/RELEASE_ARM64_T8112	aarch64	64	ta-core=default(f64,std); ta-benchmarks=catalogue-matrix	d09e20c4bfc0b0719a9458d05859ce4dd17f3d22	true
fast-ta	Pattern Recognition	CDLDOJI: Doji	CDLDOJI	Owned Compact Output	candle_settings=TA-Lib defaults	4096	integer	1	8556.906542056075	8517.276125743416	8577.969838572642	478677659.95441186	50	0	0	0	10	4086	fnv1a64:9e4f7ac204492dfc	verified		measured		unavailable	separate Rust execution cost; not aggregated with the direct C kernel	29071	1177	IndicatorConfig::compute; API-owned Compact Output allocation included	catalogue_fixture_v1:f64le	fnv1a64:06be03be64d63c6c	0.6.4	43f9d5042ecc4bd367941846494ad907bf20ea50	3.12.13	0.6.4	0.6.4	2.2.3	rustc 1.93.0 (254b59607 2026-01-19)	Apple M2	Darwin 25.5.0 Darwin Kernel Version 25.5.0: Tue Jun  9 22:27:52 PDT 2026; root:xnu-12377.121.10~1/RELEASE_ARM64_T8112	aarch64	64	ta-core=default(f64,std); ta-benchmarks=catalogue-matrix	d09e20c4bfc0b0719a9458d05859ce4dd17f3d22	true
fast-ta	Pattern Recognition	CDLDOJI: Doji	CDLDOJI	caller-owned Batch Computation	candle_settings=TA-Lib defaults	4096	integer	1	7773.291570881226	7752.905747126437	7790.149808429119	526932505.0591989	50	0	0	0	10	4086	fnv1a64:9e4f7ac204492dfc	verified		measured		comparable	primary caller-owned Rust/C kernel	32024	1305	IndicatorConfig::compute_into; caller output allocation excluded	catalogue_fixture_v1:f64le	fnv1a64:06be03be64d63c6c	0.6.4	43f9d5042ecc4bd367941846494ad907bf20ea50	3.12.13	0.6.4	0.6.4	2.2.3	rustc 1.93.0 (254b59607 2026-01-19)	Apple M2	Darwin 25.5.0 Darwin Kernel Version 25.5.0: Tue Jun  9 22:27:52 PDT 2026; root:xnu-12377.121.10~1/RELEASE_ARM64_T8112	aarch64	64	ta-core=default(f64,std); ta-benchmarks=catalogue-matrix	d09e20c4bfc0b0719a9458d05859ce4dd17f3d22	true
fast-ta	Pattern Recognition	CDLDOJI: Doji	CDLDOJI	Prepared Batch Runner	candle_settings=TA-Lib defaults	4096	integer	1	7757.097942073171	7741.584603658536	7782.107469512195	528032523.3208669	50	2	0	2	10	4086	fnv1a64:9e4f7ac204492dfc	verified		measured		unavailable	separate Rust execution cost; not aggregated with the direct C kernel	32143	1312	PreparedBatchRunner::compute_into; preparation and caller output allocation excluded	catalogue_fixture_v1:f64le	fnv1a64:06be03be64d63c6c	0.6.4	43f9d5042ecc4bd367941846494ad907bf20ea50	3.12.13	0.6.4	0.6.4	2.2.3	rustc 1.93.0 (254b59607 2026-01-19)	Apple M2	Darwin 25.5.0 Darwin Kernel Version 25.5.0: Tue Jun  9 22:27:52 PDT 2026; root:xnu-12377.121.10~1/RELEASE_ARM64_T8112	aarch64	64	ta-core=default(f64,std); ta-benchmarks=catalogue-matrix	d09e20c4bfc0b0719a9458d05859ce4dd17f3d22	true
fast-ta	Pattern Recognition	CDLDOJI: Doji	CDLDOJI	Streaming Computation	candle_settings=TA-Lib defaults	4096	integer	1	41364.96530612245	41252.12653061225	41507.90816326531	99020994.4499518	50	1	0	1	10	4086	fnv1a64:9e4f7ac204492dfc	verified		measured		unavailable	separate Rust execution cost; not aggregated with the direct C kernel	6030	245	StreamingComputation::reset plus one next call per observation; stream and output allocation excluded	catalogue_fixture_v1:f64le	fnv1a64:06be03be64d63c6c	0.6.4	43f9d5042ecc4bd367941846494ad907bf20ea50	3.12.13	0.6.4	0.6.4	2.2.3	rustc 1.93.0 (254b59607 2026-01-19)	Apple M2	Darwin 25.5.0 Darwin Kernel Version 25.5.0: Tue Jun  9 22:27:52 PDT 2026; root:xnu-12377.121.10~1/RELEASE_ARM64_T8112	aarch64	64	ta-core=default(f64,std); ta-benchmarks=catalogue-matrix	d09e20c4bfc0b0719a9458d05859ce4dd17f3d22	true
TA-Lib C	Pattern Recognition	CDLDOJI: Doji	CDLDOJI	direct C caller-owned	candle_settings=TA-Lib defaults	4096	integer	1	5598.3596875	5578.0728125000005	5609.97375	731642879.1000221	50	0	0	0	10	4086	fnv1a64:9e4f7ac204492dfc	verified		measured		comparable	primary caller-owned Rust/C kernel	44440	1600	direct TA_CDLDOJI call; caller output allocation excluded	catalogue_fixture_v1:f64le	fnv1a64:06be03be64d63c6c	0.6.4	43f9d5042ecc4bd367941846494ad907bf20ea50	3.12.13	0.6.4	0.6.4	2.2.3	rustc 1.93.0 (254b59607 2026-01-19)	Apple M2	Darwin 25.5.0 Darwin Kernel Version 25.5.0: Tue Jun  9 22:27:52 PDT 2026; root:xnu-12377.121.10~1/RELEASE_ARM64_T8112	aarch64	64	ta-core=default(f64,std); ta-benchmarks=catalogue-matrix	d09e20c4bfc0b0719a9458d05859ce4dd17f3d22	true
TA-Lib Python	Pattern Recognition	CDLDOJI: Doji	CDLDOJI	official Python NumPy API	candle_settings=TA-Lib defaults	4096	integer	1	5721.8108084395	5709.0402518135	5733.683146215	715857293.6313313	50	2	0	2	10	4086	fnv1a64:9e4f7ac204492dfc	verified		measured		unavailable	user-facing Python API cost; not aggregated with caller-owned kernels	40680	1739	direct talib.CDLDOJI NumPy API expression including API-owned output; fixture loading excluded	catalogue_fixture_v1:f64le	fnv1a64:06be03be64d63c6c	0.6.4	43f9d5042ecc4bd367941846494ad907bf20ea50	3.12.13	0.6.4	0.6.4	2.2.3	rustc 1.93.0 (254b59607 2026-01-19)	Apple M2	Darwin 25.5.0 Darwin Kernel Version 25.5.0: Tue Jun  9 22:27:52 PDT 2026; root:xnu-12377.121.10~1/RELEASE_ARM64_T8112	aarch64	64	ta-core=default(f64,std); ta-benchmarks=catalogue-matrix	d09e20c4bfc0b0719a9458d05859ce4dd17f3d22	true
fast-ta	Pattern Recognition	CDLENGULFING: Engulfing Pattern	CDLENGULFING	Owned Compact Output	candle_settings=TA-Lib defaults	4096	integer	1	9225.32561307902	9212.231607629428	9246.178019981835	443995168.494972	50	1	0	1	2	4094	fnv1a64:85650c50e74b19bc	verified		measured		unavailable	separate Rust execution cost; not aggregated with the direct C kernel	27032	1101	IndicatorConfig::compute; API-owned Compact Output allocation included	catalogue_fixture_v1:f64le	fnv1a64:06be03be64d63c6c	0.6.4	43f9d5042ecc4bd367941846494ad907bf20ea50	3.12.13	0.6.4	0.6.4	2.2.3	rustc 1.93.0 (254b59607 2026-01-19)	Apple M2	Darwin 25.5.0 Darwin Kernel Version 25.5.0: Tue Jun  9 22:27:52 PDT 2026; root:xnu-12377.121.10~1/RELEASE_ARM64_T8112	aarch64	64	ta-core=default(f64,std); ta-benchmarks=catalogue-matrix	d09e20c4bfc0b0719a9458d05859ce4dd17f3d22	true
fast-ta	Pattern Recognition	CDLENGULFING: Engulfing Pattern	CDLENGULFING	caller-owned Batch Computation	candle_settings=TA-Lib defaults	4096	integer	1	8741.701011959522	8645.277828886843	8901.48758049678	468558692.9129997	50	0	0	0	2	4094	fnv1a64:85650c50e74b19bc	verified		measured		comparable	primary caller-owned Rust/C kernel	25338	1087	IndicatorConfig::compute_into; caller output allocation excluded	catalogue_fixture_v1:f64le	fnv1a64:06be03be64d63c6c	0.6.4	43f9d5042ecc4bd367941846494ad907bf20ea50	3.12.13	0.6.4	0.6.4	2.2.3	rustc 1.93.0 (254b59607 2026-01-19)	Apple M2	Darwin 25.5.0 Darwin Kernel Version 25.5.0: Tue Jun  9 22:27:52 PDT 2026; root:xnu-12377.121.10~1/RELEASE_ARM64_T8112	aarch64	64	ta-core=default(f64,std); ta-benchmarks=catalogue-matrix	d09e20c4bfc0b0719a9458d05859ce4dd17f3d22	true
fast-ta	Pattern Recognition	CDLENGULFING: Engulfing Pattern	CDLENGULFING	Prepared Batch Runner	candle_settings=TA-Lib defaults	4096	integer	1	8524.49829205807	8500	8532.059350982066	480497486.14719975	50	7	4	3	2	4094	fnv1a64:85650c50e74b19bc	verified		measured		unavailable	separate Rust execution cost; not aggregated with the direct C kernel	29169	1171	PreparedBatchRunner::compute_into; preparation and caller output allocation excluded	catalogue_fixture_v1:f64le	fnv1a64:06be03be64d63c6c	0.6.4	43f9d5042ecc4bd367941846494ad907bf20ea50	3.12.13	0.6.4	0.6.4	2.2.3	rustc 1.93.0 (254b59607 2026-01-19)	Apple M2	Darwin 25.5.0 Darwin Kernel Version 25.5.0: Tue Jun  9 22:27:52 PDT 2026; root:xnu-12377.121.10~1/RELEASE_ARM64_T8112	aarch64	64	ta-core=default(f64,std); ta-benchmarks=catalogue-matrix	d09e20c4bfc0b0719a9458d05859ce4dd17f3d22	true
fast-ta	Pattern Recognition	CDLENGULFING: Engulfing Pattern	CDLENGULFING	Streaming Computation	candle_settings=TA-Lib defaults	4096	integer	1	44084.98678414097	43827.092511013216	44354.81057268722	92911448.97141004	50	1	0	1	2	4094	fnv1a64:85650c50e74b19bc	verified		measured		unavailable	separate Rust execution cost; not aggregated with the direct C kernel	5610	227	StreamingComputation::reset plus one next call per observation; stream and output allocation excluded	catalogue_fixture_v1:f64le	fnv1a64:06be03be64d63c6c	0.6.4	43f9d5042ecc4bd367941846494ad907bf20ea50	3.12.13	0.6.4	0.6.4	2.2.3	rustc 1.93.0 (254b59607 2026-01-19)	Apple M2	Darwin 25.5.0 Darwin Kernel Version 25.5.0: Tue Jun  9 22:27:52 PDT 2026; root:xnu-12377.121.10~1/RELEASE_ARM64_T8112	aarch64	64	ta-core=default(f64,std); ta-benchmarks=catalogue-matrix	d09e20c4bfc0b0719a9458d05859ce4dd17f3d22	true
TA-Lib C	Pattern Recognition	CDLENGULFING: Engulfing Pattern	CDLENGULFING	direct C caller-owned	candle_settings=TA-Lib defaults	4096	integer	1	3993.845416666667	3987.665	4013.455	1025578001.3184869	50	1	0	1	2	4094	fnv1a64:85650c50e74b19bc	verified		measured		comparable	primary caller-owned Rust/C kernel	62338	2400	direct TA_CDLENGULFING call; caller output allocation excluded	catalogue_fixture_v1:f64le	fnv1a64:06be03be64d63c6c	0.6.4	43f9d5042ecc4bd367941846494ad907bf20ea50	3.12.13	0.6.4	0.6.4	2.2.3	rustc 1.93.0 (254b59607 2026-01-19)	Apple M2	Darwin 25.5.0 Darwin Kernel Version 25.5.0: Tue Jun  9 22:27:52 PDT 2026; root:xnu-12377.121.10~1/RELEASE_ARM64_T8112	aarch64	64	ta-core=default(f64,std); ta-benchmarks=catalogue-matrix	d09e20c4bfc0b0719a9458d05859ce4dd17f3d22	true
TA-Lib Python	Pattern Recognition	CDLENGULFING: Engulfing Pattern	CDLENGULFING	official Python NumPy API	candle_settings=TA-Lib defaults	4096	integer	1	4117.3490566495	4109.715281231	4132.012643561	994814853.8402345	50	0	0	0	2	4094	fnv1a64:85650c50e74b19bc	verified		measured		unavailable	user-facing Python API cost; not aggregated with caller-owned kernels	56753	2448	direct talib.CDLENGULFING NumPy API expression including API-owned output; fixture loading excluded	catalogue_fixture_v1:f64le	fnv1a64:06be03be64d63c6c	0.6.4	43f9d5042ecc4bd367941846494ad907bf20ea50	3.12.13	0.6.4	0.6.4	2.2.3	rustc 1.93.0 (254b59607 2026-01-19)	Apple M2	Darwin 25.5.0 Darwin Kernel Version 25.5.0: Tue Jun  9 22:27:52 PDT 2026; root:xnu-12377.121.10~1/RELEASE_ARM64_T8112	aarch64	64	ta-core=default(f64,std); ta-benchmarks=catalogue-matrix	d09e20c4bfc0b0719a9458d05859ce4dd17f3d22	true
fast-ta	Pattern Recognition	CDL3WHITESOLDIERS: Three Advancing White Soldiers	CDL3WHITESOLDIERS	Owned Compact Output	candle_settings=TA-Lib defaults	4096	integer	1	158161.21538461538	157760.5048076923	158330.76923076922	25897625.97637717	50	3	1	2	12	4084	fnv1a64:cdd2e3efc6dcb458	verified		measured		unavailable	separate Rust execution cost; not aggregated with the direct C kernel	1569	65	IndicatorConfig::compute; API-owned Compact Output allocation included	catalogue_fixture_v1:f64le	fnv1a64:06be03be64d63c6c	0.6.4	43f9d5042ecc4bd367941846494ad907bf20ea50	3.12.13	0.6.4	0.6.4	2.2.3	rustc 1.93.0 (254b59607 2026-01-19)	Apple M2	Darwin 25.5.0 Darwin Kernel Version 25.5.0: Tue Jun  9 22:27:52 PDT 2026; root:xnu-12377.121.10~1/RELEASE_ARM64_T8112	aarch64	64	ta-core=default(f64,std); ta-benchmarks=catalogue-matrix	d09e20c4bfc0b0719a9458d05859ce4dd17f3d22	true
fast-ta	Pattern Recognition	CDL3WHITESOLDIERS: Three Advancing White Soldiers	CDL3WHITESOLDIERS	caller-owned Batch Computation	candle_settings=TA-Lib defaults	4096	integer	1	156646.4846153846	156323.07692307694	157261.53846153847	26148049.284712277	50	3	0	3	12	4084	fnv1a64:cdd2e3efc6dcb458	verified		measured		comparable	primary caller-owned Rust/C kernel	1599	65	IndicatorConfig::compute_into; caller output allocation excluded	catalogue_fixture_v1:f64le	fnv1a64:06be03be64d63c6c	0.6.4	43f9d5042ecc4bd367941846494ad907bf20ea50	3.12.13	0.6.4	0.6.4	2.2.3	rustc 1.93.0 (254b59607 2026-01-19)	Apple M2	Darwin 25.5.0 Darwin Kernel Version 25.5.0: Tue Jun  9 22:27:52 PDT 2026; root:xnu-12377.121.10~1/RELEASE_ARM64_T8112	aarch64	64	ta-core=default(f64,std); ta-benchmarks=catalogue-matrix	d09e20c4bfc0b0719a9458d05859ce4dd17f3d22	true
fast-ta	Pattern Recognition	CDL3WHITESOLDIERS: Three Advancing White Soldiers	CDL3WHITESOLDIERS	Prepared Batch Runner	candle_settings=TA-Lib defaults	4096	integer	1	88968.47826086957	88698.55652173913	89066.84782608695	46038777.77913526	50	3	2	1	12	4084	fnv1a64:cdd2e3efc6dcb458	verified		measured		unavailable	separate Rust execution cost; not aggregated with the direct C kernel	2809	115	PreparedBatchRunner::compute_into; preparation and caller output allocation excluded	catalogue_fixture_v1:f64le	fnv1a64:06be03be64d63c6c	0.6.4	43f9d5042ecc4bd367941846494ad907bf20ea50	3.12.13	0.6.4	0.6.4	2.2.3	rustc 1.93.0 (254b59607 2026-01-19)	Apple M2	Darwin 25.5.0 Darwin Kernel Version 25.5.0: Tue Jun  9 22:27:52 PDT 2026; root:xnu-12377.121.10~1/RELEASE_ARM64_T8112	aarch64	64	ta-core=default(f64,std); ta-benchmarks=catalogue-matrix	d09e20c4bfc0b0719a9458d05859ce4dd17f3d22	true
fast-ta	Pattern Recognition	CDL3WHITESOLDIERS: Three Advancing White Soldiers	CDL3WHITESOLDIERS	Streaming Computation	candle_settings=TA-Lib defaults	4096	integer	1	97347.15865384616	97159.85576923077	97650.44230769231	42076215.23464125	50	0	0	0	12	4084	fnv1a64:cdd2e3efc6dcb458	verified		measured		unavailable	separate Rust execution cost; not aggregated with the direct C kernel	2561	104	StreamingComputation::reset plus one next call per observation; stream and output allocation excluded	catalogue_fixture_v1:f64le	fnv1a64:06be03be64d63c6c	0.6.4	43f9d5042ecc4bd367941846494ad907bf20ea50	3.12.13	0.6.4	0.6.4	2.2.3	rustc 1.93.0 (254b59607 2026-01-19)	Apple M2	Darwin 25.5.0 Darwin Kernel Version 25.5.0: Tue Jun  9 22:27:52 PDT 2026; root:xnu-12377.121.10~1/RELEASE_ARM64_T8112	aarch64	64	ta-core=default(f64,std); ta-benchmarks=catalogue-matrix	d09e20c4bfc0b0719a9458d05859ce4dd17f3d22	true
TA-Lib C	Pattern Recognition	CDL3WHITESOLDIERS: Three Advancing White Soldiers	CDL3WHITESOLDIERS	direct C caller-owned	candle_settings=TA-Lib defaults	4096	integer	1	20174.982862903227	20130.040322580644	20222.613911290322	203023716.44297773	50	0	0	0	12	4084	fnv1a64:cdd2e3efc6dcb458	verified		measured		comparable	primary caller-owned Rust/C kernel	12359	496	direct TA_CDL3WHITESOLDIERS call; caller output allocation excluded	catalogue_fixture_v1:f64le	fnv1a64:06be03be64d63c6c	0.6.4	43f9d5042ecc4bd367941846494ad907bf20ea50	3.12.13	0.6.4	0.6.4	2.2.3	rustc 1.93.0 (254b59607 2026-01-19)	Apple M2	Darwin 25.5.0 Darwin Kernel Version 25.5.0: Tue Jun  9 22:27:52 PDT 2026; root:xnu-12377.121.10~1/RELEASE_ARM64_T8112	aarch64	64	ta-core=default(f64,std); ta-benchmarks=catalogue-matrix	d09e20c4bfc0b0719a9458d05859ce4dd17f3d22	true
TA-Lib Python	Pattern Recognition	CDL3WHITESOLDIERS: Three Advancing White Soldiers	CDL3WHITESOLDIERS	official Python NumPy API	candle_settings=TA-Lib defaults	4096	integer	1	20274.6680006385	20237.291988451	20336.168003269	202025502.9513187	50	3	0	3	12	4084	fnv1a64:cdd2e3efc6dcb458	verified		measured		unavailable	user-facing Python API cost; not aggregated with caller-owned kernels	12070	500	direct talib.CDL3WHITESOLDIERS NumPy API expression including API-owned output; fixture loading excluded	catalogue_fixture_v1:f64le	fnv1a64:06be03be64d63c6c	0.6.4	43f9d5042ecc4bd367941846494ad907bf20ea50	3.12.13	0.6.4	0.6.4	2.2.3	rustc 1.93.0 (254b59607 2026-01-19)	Apple M2	Darwin 25.5.0 Darwin Kernel Version 25.5.0: Tue Jun  9 22:27:52 PDT 2026; root:xnu-12377.121.10~1/RELEASE_ARM64_T8112	aarch64	64	ta-core=default(f64,std); ta-benchmarks=catalogue-matrix	d09e20c4bfc0b0719a9458d05859ce4dd17f3d22	true
fast-ta	Statistic Functions	LINEARREG: Linear Regression endpoint	LINEARREG	Owned Compact Output	timeperiod=14	4096	float	1	23281.125298329353	23238.663484486875	23318.019093078758	175936512.84089467	50	0	0	0	13	4083	fnv1a64:c686529333828bdb	verified		measured		unavailable	separate Rust execution cost; not aggregated with the direct C kernel	10661	419	IndicatorConfig::compute; API-owned Compact Output allocation included	catalogue_fixture_v1:f64le	fnv1a64:06be03be64d63c6c	0.6.4	43f9d5042ecc4bd367941846494ad907bf20ea50	3.12.13	0.6.4	0.6.4	2.2.3	rustc 1.93.0 (254b59607 2026-01-19)	Apple M2	Darwin 25.5.0 Darwin Kernel Version 25.5.0: Tue Jun  9 22:27:52 PDT 2026; root:xnu-12377.121.10~1/RELEASE_ARM64_T8112	aarch64	64	ta-core=default(f64,std); ta-benchmarks=catalogue-matrix	d09e20c4bfc0b0719a9458d05859ce4dd17f3d22	true
fast-ta	Statistic Functions	LINEARREG: Linear Regression endpoint	LINEARREG	caller-owned Batch Computation	timeperiod=14	4096	float	1	22786.307692307695	22727.36418269231	22869.091346153848	179757074.08632714	50	3	0	3	13	4083	fnv1a64:c686529333828bdb	verified		measured		comparable	primary caller-owned Rust/C kernel	10942	416	IndicatorConfig::compute_into; caller output allocation excluded	catalogue_fixture_v1:f64le	fnv1a64:06be03be64d63c6c	0.6.4	43f9d5042ecc4bd367941846494ad907bf20ea50	3.12.13	0.6.4	0.6.4	2.2.3	rustc 1.93.0 (254b59607 2026-01-19)	Apple M2	Darwin 25.5.0 Darwin Kernel Version 25.5.0: Tue Jun  9 22:27:52 PDT 2026; root:xnu-12377.121.10~1/RELEASE_ARM64_T8112	aarch64	64	ta-core=default(f64,std); ta-benchmarks=catalogue-matrix	d09e20c4bfc0b0719a9458d05859ce4dd17f3d22	true
fast-ta	Statistic Functions	LINEARREG: Linear Regression endpoint	LINEARREG	Prepared Batch Runner	timeperiod=14	4096	float	1	22978.358447488587	22913.812785388127	23034.48515981735	178254682.9600733	50	1	0	1	13	4083	fnv1a64:c686529333828bdb	verified		measured		unavailable	separate Rust execution cost; not aggregated with the direct C kernel	10873	438	PreparedBatchRunner::compute_into; preparation and caller output allocation excluded	catalogue_fixture_v1:f64le	fnv1a64:06be03be64d63c6c	0.6.4	43f9d5042ecc4bd367941846494ad907bf20ea50	3.12.13	0.6.4	0.6.4	2.2.3	rustc 1.93.0 (254b59607 2026-01-19)	Apple M2	Darwin 25.5.0 Darwin Kernel Version 25.5.0: Tue Jun  9 22:27:52 PDT 2026; root:xnu-12377.121.10~1/RELEASE_ARM64_T8112	aarch64	64	ta-core=default(f64,std); ta-benchmarks=catalogue-matrix	d09e20c4bfc0b0719a9458d05859ce4dd17f3d22	true
fast-ta	Statistic Functions	LINEARREG: Linear Regression endpoint	LINEARREG	Streaming Computation	timeperiod=14	4096	float	1	22677.782878411912	22614.868486352356	22728.908188585607	180617303.81496784	50	2	0	2	13	4083	fnv1a64:c686529333828bdb	verified		measured		unavailable	separate Rust execution cost; not aggregated with the direct C kernel	11022	403	StreamingComputation::reset plus one next call per observation; stream and output allocation excluded	catalogue_fixture_v1:f64le	fnv1a64:06be03be64d63c6c	0.6.4	43f9d5042ecc4bd367941846494ad907bf20ea50	3.12.13	0.6.4	0.6.4	2.2.3	rustc 1.93.0 (254b59607 2026-01-19)	Apple M2	Darwin 25.5.0 Darwin Kernel Version 25.5.0: Tue Jun  9 22:27:52 PDT 2026; root:xnu-12377.121.10~1/RELEASE_ARM64_T8112	aarch64	64	ta-core=default(f64,std); ta-benchmarks=catalogue-matrix	d09e20c4bfc0b0719a9458d05859ce4dd17f3d22	true
TA-Lib C	Statistic Functions	LINEARREG: Linear Regression endpoint	LINEARREG	direct C caller-owned	timeperiod=14	4096	float	1	24350.594202898552	24291.968599033815	24421.04468599034	168209447.61637217	50	0	0	0	13	4083	fnv1a64:2ff73b2ada66f93d	verified		measured		comparable	primary caller-owned Rust/C kernel	10252	414	direct TA_LINEARREG call; caller output allocation excluded	catalogue_fixture_v1:f64le	fnv1a64:06be03be64d63c6c	0.6.4	43f9d5042ecc4bd367941846494ad907bf20ea50	3.12.13	0.6.4	0.6.4	2.2.3	rustc 1.93.0 (254b59607 2026-01-19)	Apple M2	Darwin 25.5.0 Darwin Kernel Version 25.5.0: Tue Jun  9 22:27:52 PDT 2026; root:xnu-12377.121.10~1/RELEASE_ARM64_T8112	aarch64	64	ta-core=default(f64,std); ta-benchmarks=catalogue-matrix	d09e20c4bfc0b0719a9458d05859ce4dd17f3d22	true
TA-Lib Python	Statistic Functions	LINEARREG: Linear Regression endpoint	LINEARREG	official Python NumPy API	timeperiod=14	4096	float	1	24402.7608468705	24333.635929438	24437.1468106335	167849860.33763823	50	1	0	1	13	4083	fnv1a64:2ff73b2ada66f93d	verified		measured		unavailable	user-facing Python API cost; not aggregated with caller-owned kernels	10056	412	direct talib.LINEARREG NumPy API expression including API-owned output; fixture loading excluded	catalogue_fixture_v1:f64le	fnv1a64:06be03be64d63c6c	0.6.4	43f9d5042ecc4bd367941846494ad907bf20ea50	3.12.13	0.6.4	0.6.4	2.2.3	rustc 1.93.0 (254b59607 2026-01-19)	Apple M2	Darwin 25.5.0 Darwin Kernel Version 25.5.0: Tue Jun  9 22:27:52 PDT 2026; root:xnu-12377.121.10~1/RELEASE_ARM64_T8112	aarch64	64	ta-core=default(f64,std); ta-benchmarks=catalogue-matrix	d09e20c4bfc0b0719a9458d05859ce4dd17f3d22	true
fast-ta	Price Transform	TYPPRICE: Typical Price	TYPPRICE	Owned Compact Output	none	4096	float	1	3121.7115816490214	3095.5579082451077	3145.639717677254	1312100715.5428236	50	1	1	0	0	4096	fnv1a64:cc0fe58200a02aee	verified		measured		unavailable	separate Rust execution cost; not aggregated with the direct C kernel	81063	3117	IndicatorConfig::compute; API-owned Compact Output allocation included	catalogue_fixture_v1:f64le	fnv1a64:06be03be64d63c6c	0.6.4	43f9d5042ecc4bd367941846494ad907bf20ea50	3.12.13	0.6.4	0.6.4	2.2.3	rustc 1.93.0 (254b59607 2026-01-19)	Apple M2	Darwin 25.5.0 Darwin Kernel Version 25.5.0: Tue Jun  9 22:27:52 PDT 2026; root:xnu-12377.121.10~1/RELEASE_ARM64_T8112	aarch64	64	ta-core=default(f64,std); ta-benchmarks=catalogue-matrix	d09e20c4bfc0b0719a9458d05859ce4dd17f3d22	true
fast-ta	Price Transform	TYPPRICE: Typical Price	TYPPRICE	caller-owned Batch Computation	none	4096	float	1	2541.078125	2536.4375	2554.2605	1611914234.2386658	50	0	0	0	0	4096	fnv1a64:cc0fe58200a02aee	verified		measured		comparable	primary caller-owned Rust/C kernel	97766	4000	IndicatorConfig::compute_into; caller output allocation excluded	catalogue_fixture_v1:f64le	fnv1a64:06be03be64d63c6c	0.6.4	43f9d5042ecc4bd367941846494ad907bf20ea50	3.12.13	0.6.4	0.6.4	2.2.3	rustc 1.93.0 (254b59607 2026-01-19)	Apple M2	Darwin 25.5.0 Darwin Kernel Version 25.5.0: Tue Jun  9 22:27:52 PDT 2026; root:xnu-12377.121.10~1/RELEASE_ARM64_T8112	aarch64	64	ta-core=default(f64,std); ta-benchmarks=catalogue-matrix	d09e20c4bfc0b0719a9458d05859ce4dd17f3d22	true
fast-ta	Price Transform	TYPPRICE: Typical Price	TYPPRICE	Prepared Batch Runner	none	4096	float	1	2542.333884087443	2537.4036603965433	2548.9006100660904	1611118046.1531854	50	1	0	1	0	4096	fnv1a64:cc0fe58200a02aee	verified		measured		unavailable	separate Rust execution cost; not aggregated with the direct C kernel	97555	3934	PreparedBatchRunner::compute_into; preparation and caller output allocation excluded	catalogue_fixture_v1:f64le	fnv1a64:06be03be64d63c6c	0.6.4	43f9d5042ecc4bd367941846494ad907bf20ea50	3.12.13	0.6.4	0.6.4	2.2.3	rustc 1.93.0 (254b59607 2026-01-19)	Apple M2	Darwin 25.5.0 Darwin Kernel Version 25.5.0: Tue Jun  9 22:27:52 PDT 2026; root:xnu-12377.121.10~1/RELEASE_ARM64_T8112	aarch64	64	ta-core=default(f64,std); ta-benchmarks=catalogue-matrix	d09e20c4bfc0b0719a9458d05859ce4dd17f3d22	true
fast-ta	Price Transform	TYPPRICE: Typical Price	TYPPRICE	Streaming Computation	none	4096	float	1	31261.28637770898	31209.493808049534	31353.07120743034	131024678.59162295	50	3	0	3	0	4096	fnv1a64:cc0fe58200a02aee	verified		measured		unavailable	separate Rust execution cost; not aggregated with the direct C kernel	7988	323	StreamingComputation::reset plus one next call per observation; stream and output allocation excluded	catalogue_fixture_v1:f64le	fnv1a64:06be03be64d63c6c	0.6.4	43f9d5042ecc4bd367941846494ad907bf20ea50	3.12.13	0.6.4	0.6.4	2.2.3	rustc 1.93.0 (254b59607 2026-01-19)	Apple M2	Darwin 25.5.0 Darwin Kernel Version 25.5.0: Tue Jun  9 22:27:52 PDT 2026; root:xnu-12377.121.10~1/RELEASE_ARM64_T8112	aarch64	64	ta-core=default(f64,std); ta-benchmarks=catalogue-matrix	d09e20c4bfc0b0719a9458d05859ce4dd17f3d22	true
TA-Lib C	Price Transform	TYPPRICE: Typical Price	TYPPRICE	direct C caller-owned	none	4096	float	1	865.8057285180573	862.7222914072229	872.9663760896638	4730853429.4533415	50	0	0	0	0	4096	fnv1a64:cc0fe58200a02aee	verified		measured		comparable	primary caller-owned Rust/C kernel	286339	10439	direct TA_TYPPRICE call; caller output allocation excluded	catalogue_fixture_v1:f64le	fnv1a64:06be03be64d63c6c	0.6.4	43f9d5042ecc4bd367941846494ad907bf20ea50	3.12.13	0.6.4	0.6.4	2.2.3	rustc 1.93.0 (254b59607 2026-01-19)	Apple M2	Darwin 25.5.0 Darwin Kernel Version 25.5.0: Tue Jun  9 22:27:52 PDT 2026; root:xnu-12377.121.10~1/RELEASE_ARM64_T8112	aarch64	64	ta-core=default(f64,std); ta-benchmarks=catalogue-matrix	d09e20c4bfc0b0719a9458d05859ce4dd17f3d22	true
TA-Lib Python	Price Transform	TYPPRICE: Typical Price	TYPPRICE	official Python NumPy API	none	4096	float	1	958.0422895035	952.5486279	960.5511128109999	4275385382.124132	50	0	0	0	0	4096	fnv1a64:cc0fe58200a02aee	verified		measured		unavailable	user-facing Python API cost; not aggregated with caller-owned kernels	186414	9234	direct talib.TYPPRICE NumPy API expression including API-owned output; fixture loading excluded	catalogue_fixture_v1:f64le	fnv1a64:06be03be64d63c6c	0.6.4	43f9d5042ecc4bd367941846494ad907bf20ea50	3.12.13	0.6.4	0.6.4	2.2.3	rustc 1.93.0 (254b59607 2026-01-19)	Apple M2	Darwin 25.5.0 Darwin Kernel Version 25.5.0: Tue Jun  9 22:27:52 PDT 2026; root:xnu-12377.121.10~1/RELEASE_ARM64_T8112	aarch64	64	ta-core=default(f64,std); ta-benchmarks=catalogue-matrix	d09e20c4bfc0b0719a9458d05859ce4dd17f3d22	true
fast-ta	Volume Indicators	OBV: On Balance Volume	OBV	Owned Compact Output	none	4096	float	1	5140.277690288714	5116.557480314961	5162.795275590551	796844109.7527436	50	0	0	0	0	4096	fnv1a64:6576c3bc827e5b5e	verified		measured		unavailable	separate Rust execution cost; not aggregated with the direct C kernel	48331	1905	IndicatorConfig::compute; API-owned Compact Output allocation included	catalogue_fixture_v1:f64le	fnv1a64:06be03be64d63c6c	0.6.4	43f9d5042ecc4bd367941846494ad907bf20ea50	3.12.13	0.6.4	0.6.4	2.2.3	rustc 1.93.0 (254b59607 2026-01-19)	Apple M2	Darwin 25.5.0 Darwin Kernel Version 25.5.0: Tue Jun  9 22:27:52 PDT 2026; root:xnu-12377.121.10~1/RELEASE_ARM64_T8112	aarch64	64	ta-core=default(f64,std); ta-benchmarks=catalogue-matrix	d09e20c4bfc0b0719a9458d05859ce4dd17f3d22	true
fast-ta	Volume Indicators	OBV: On Balance Volume	OBV	caller-owned Batch Computation	none	4096	float	1	4727.270004791567	4713.673933876377	4741.12553905127	866462037.4652367	50	1	0	1	0	4096	fnv1a64:6576c3bc827e5b5e	verified		measured		comparable	primary caller-owned Rust/C kernel	52712	2087	IndicatorConfig::compute_into; caller output allocation excluded	catalogue_fixture_v1:f64le	fnv1a64:06be03be64d63c6c	0.6.4	43f9d5042ecc4bd367941846494ad907bf20ea50	3.12.13	0.6.4	0.6.4	2.2.3	rustc 1.93.0 (254b59607 2026-01-19)	Apple M2	Darwin 25.5.0 Darwin Kernel Version 25.5.0: Tue Jun  9 22:27:52 PDT 2026; root:xnu-12377.121.10~1/RELEASE_ARM64_T8112	aarch64	64	ta-core=default(f64,std); ta-benchmarks=catalogue-matrix	d09e20c4bfc0b0719a9458d05859ce4dd17f3d22	true
fast-ta	Volume Indicators	OBV: On Balance Volume	OBV	Prepared Batch Runner	none	4096	float	1	4745.869252873563	4728.378591954022	4764.168103448276	863066338.6944182	50	0	0	0	0	4096	fnv1a64:6576c3bc827e5b5e	verified		measured		unavailable	separate Rust execution cost; not aggregated with the direct C kernel	52443	2088	PreparedBatchRunner::compute_into; preparation and caller output allocation excluded	catalogue_fixture_v1:f64le	fnv1a64:06be03be64d63c6c	0.6.4	43f9d5042ecc4bd367941846494ad907bf20ea50	3.12.13	0.6.4	0.6.4	2.2.3	rustc 1.93.0 (254b59607 2026-01-19)	Apple M2	Darwin 25.5.0 Darwin Kernel Version 25.5.0: Tue Jun  9 22:27:52 PDT 2026; root:xnu-12377.121.10~1/RELEASE_ARM64_T8112	aarch64	64	ta-core=default(f64,std); ta-benchmarks=catalogue-matrix	d09e20c4bfc0b0719a9458d05859ce4dd17f3d22	true
fast-ta	Volume Indicators	OBV: On Balance Volume	OBV	Streaming Computation	none	4096	float	1	25900.011421319796	25755.81725888325	26030.562182741116	158146648.40758896	50	0	0	0	0	4096	fnv1a64:6576c3bc827e5b5e	verified		measured		unavailable	separate Rust execution cost; not aggregated with the direct C kernel	9663	394	StreamingComputation::reset plus one next call per observation; stream and output allocation excluded	catalogue_fixture_v1:f64le	fnv1a64:06be03be64d63c6c	0.6.4	43f9d5042ecc4bd367941846494ad907bf20ea50	3.12.13	0.6.4	0.6.4	2.2.3	rustc 1.93.0 (254b59607 2026-01-19)	Apple M2	Darwin 25.5.0 Darwin Kernel Version 25.5.0: Tue Jun  9 22:27:52 PDT 2026; root:xnu-12377.121.10~1/RELEASE_ARM64_T8112	aarch64	64	ta-core=default(f64,std); ta-benchmarks=catalogue-matrix	d09e20c4bfc0b0719a9458d05859ce4dd17f3d22	true
TA-Lib C	Volume Indicators	OBV: On Balance Volume	OBV	direct C caller-owned	none	4096	float	1	3744.7037870266213	3720.894263217098	3759.9208848893886	1093811482.28344	50	0	0	0	0	4096	fnv1a64:6576c3bc827e5b5e	verified		measured		comparable	primary caller-owned Rust/C kernel	66504	2667	direct TA_OBV call; caller output allocation excluded	catalogue_fixture_v1:f64le	fnv1a64:06be03be64d63c6c	0.6.4	43f9d5042ecc4bd367941846494ad907bf20ea50	3.12.13	0.6.4	0.6.4	2.2.3	rustc 1.93.0 (254b59607 2026-01-19)	Apple M2	Darwin 25.5.0 Darwin Kernel Version 25.5.0: Tue Jun  9 22:27:52 PDT 2026; root:xnu-12377.121.10~1/RELEASE_ARM64_T8112	aarch64	64	ta-core=default(f64,std); ta-benchmarks=catalogue-matrix	d09e20c4bfc0b0719a9458d05859ce4dd17f3d22	true
TA-Lib Python	Volume Indicators	OBV: On Balance Volume	OBV	official Python NumPy API	none	4096	float	1	3864.8449551639997	3852.7371505895	3873.547044121	1059809655.3723696	50	0	0	0	0	4096	fnv1a64:6576c3bc827e5b5e	verified		measured		unavailable	user-facing Python API cost; not aggregated with caller-owned kernels	59564	2667	direct talib.OBV NumPy API expression including API-owned output; fixture loading excluded	catalogue_fixture_v1:f64le	fnv1a64:06be03be64d63c6c	0.6.4	43f9d5042ecc4bd367941846494ad907bf20ea50	3.12.13	0.6.4	0.6.4	2.2.3	rustc 1.93.0 (254b59607 2026-01-19)	Apple M2	Darwin 25.5.0 Darwin Kernel Version 25.5.0: Tue Jun  9 22:27:52 PDT 2026; root:xnu-12377.121.10~1/RELEASE_ARM64_T8112	aarch64	64	ta-core=default(f64,std); ta-benchmarks=catalogue-matrix	d09e20c4bfc0b0719a9458d05859ce4dd17f3d22	true
fast-ta	Math Transform	SIN: Vector Trigonometric Sine	SIN	Owned Compact Output	none	4096	float	1	15082.583208395801	15013.149175412294	15139.929535232384	271571516.85527843	50	0	0	0	0	4096	fnv1a64:91be4763beb470e2	verified		measured		unavailable	separate Rust execution cost; not aggregated with the direct C kernel	16701	667	IndicatorConfig::compute; API-owned Compact Output allocation included	catalogue_fixture_v1:f64le	fnv1a64:06be03be64d63c6c	0.6.4	43f9d5042ecc4bd367941846494ad907bf20ea50	3.12.13	0.6.4	0.6.4	2.2.3	rustc 1.93.0 (254b59607 2026-01-19)	Apple M2	Darwin 25.5.0 Darwin Kernel Version 25.5.0: Tue Jun  9 22:27:52 PDT 2026; root:xnu-12377.121.10~1/RELEASE_ARM64_T8112	aarch64	64	ta-core=default(f64,std); ta-benchmarks=catalogue-matrix	d09e20c4bfc0b0719a9458d05859ce4dd17f3d22	true
fast-ta	Math Transform	SIN: Vector Trigonometric Sine	SIN	caller-owned Batch Computation	none	4096	float	1	14736.825735294118	14642.371323529413	14796.905147058824	277943165.8874978	50	0	0	0	0	4096	fnv1a64:91be4763beb470e2	verified		measured		comparable	primary caller-owned Rust/C kernel	16946	680	IndicatorConfig::compute_into; caller output allocation excluded	catalogue_fixture_v1:f64le	fnv1a64:06be03be64d63c6c	0.6.4	43f9d5042ecc4bd367941846494ad907bf20ea50	3.12.13	0.6.4	0.6.4	2.2.3	rustc 1.93.0 (254b59607 2026-01-19)	Apple M2	Darwin 25.5.0 Darwin Kernel Version 25.5.0: Tue Jun  9 22:27:52 PDT 2026; root:xnu-12377.121.10~1/RELEASE_ARM64_T8112	aarch64	64	ta-core=default(f64,std); ta-benchmarks=catalogue-matrix	d09e20c4bfc0b0719a9458d05859ce4dd17f3d22	true
fast-ta	Math Transform	SIN: Vector Trigonometric Sine	SIN	Prepared Batch Runner	none	4096	float	1	14550.557112068966	14454.92025862069	14623.741379310344	281501248.952356	50	1	0	1	0	4096	fnv1a64:91be4763beb470e2	verified		measured		unavailable	separate Rust execution cost; not aggregated with the direct C kernel	16966	464	PreparedBatchRunner::compute_into; preparation and caller output allocation excluded	catalogue_fixture_v1:f64le	fnv1a64:06be03be64d63c6c	0.6.4	43f9d5042ecc4bd367941846494ad907bf20ea50	3.12.13	0.6.4	0.6.4	2.2.3	rustc 1.93.0 (254b59607 2026-01-19)	Apple M2	Darwin 25.5.0 Darwin Kernel Version 25.5.0: Tue Jun  9 22:27:52 PDT 2026; root:xnu-12377.121.10~1/RELEASE_ARM64_T8112	aarch64	64	ta-core=default(f64,std); ta-benchmarks=catalogue-matrix	d09e20c4bfc0b0719a9458d05859ce4dd17f3d22	true
fast-ta	Math Transform	SIN: Vector Trigonometric Sine	SIN	Streaming Computation	none	4096	float	1	15020.520989505247	14992.377811094453	15043.602698650675	272693603.8278467	50	0	0	0	0	4096	fnv1a64:91be4763beb470e2	verified		measured		unavailable	separate Rust execution cost; not aggregated with the direct C kernel	16617	667	StreamingComputation::reset plus one next call per observation; stream and output allocation excluded	catalogue_fixture_v1:f64le	fnv1a64:06be03be64d63c6c	0.6.4	43f9d5042ecc4bd367941846494ad907bf20ea50	3.12.13	0.6.4	0.6.4	2.2.3	rustc 1.93.0 (254b59607 2026-01-19)	Apple M2	Darwin 25.5.0 Darwin Kernel Version 25.5.0: Tue Jun  9 22:27:52 PDT 2026; root:xnu-12377.121.10~1/RELEASE_ARM64_T8112	aarch64	64	ta-core=default(f64,std); ta-benchmarks=catalogue-matrix	d09e20c4bfc0b0719a9458d05859ce4dd17f3d22	true
TA-Lib C	Math Transform	SIN: Vector Trigonometric Sine	SIN	direct C caller-owned	none	4096	float	1	13967.456764295675	13919.397489539748	13994.769177126916	293253100.3403858	50	2	0	2	0	4096	fnv1a64:91be4763beb470e2	verified		measured		comparable	primary caller-owned Rust/C kernel	17875	717	direct TA_SIN call; caller output allocation excluded	catalogue_fixture_v1:f64le	fnv1a64:06be03be64d63c6c	0.6.4	43f9d5042ecc4bd367941846494ad907bf20ea50	3.12.13	0.6.4	0.6.4	2.2.3	rustc 1.93.0 (254b59607 2026-01-19)	Apple M2	Darwin 25.5.0 Darwin Kernel Version 25.5.0: Tue Jun  9 22:27:52 PDT 2026; root:xnu-12377.121.10~1/RELEASE_ARM64_T8112	aarch64	64	ta-core=default(f64,std); ta-benchmarks=catalogue-matrix	d09e20c4bfc0b0719a9458d05859ce4dd17f3d22	true
TA-Lib Python	Math Transform	SIN: Vector Trigonometric Sine	SIN	official Python NumPy API	none	4096	float	1	14196.6403339275	14159.394534847823	14226.406670382501	288518966.71716565	50	1	0	1	0	4096	fnv1a64:91be4763beb470e2	verified		measured		unavailable	user-facing Python API cost; not aggregated with caller-owned kernels	17222	702	direct talib.SIN NumPy API expression including API-owned output; fixture loading excluded	catalogue_fixture_v1:f64le	fnv1a64:06be03be64d63c6c	0.6.4	43f9d5042ecc4bd367941846494ad907bf20ea50	3.12.13	0.6.4	0.6.4	2.2.3	rustc 1.93.0 (254b59607 2026-01-19)	Apple M2	Darwin 25.5.0 Darwin Kernel Version 25.5.0: Tue Jun  9 22:27:52 PDT 2026; root:xnu-12377.121.10~1/RELEASE_ARM64_T8112	aarch64	64	ta-core=default(f64,std); ta-benchmarks=catalogue-matrix	d09e20c4bfc0b0719a9458d05859ce4dd17f3d22	true
fast-ta	Math Operators	ADD: Vector Arithmetic Add	ADD	Owned Compact Output	none	4096	float	1	2467.231397247492	2441.533473291346	2505.7343130394215	1660160455.3872023	50	1	0	1	0	4096	fnv1a64:d50f71f555286fae	verified		measured		unavailable	separate Rust execution cost; not aggregated with the direct C kernel	106564	4287	IndicatorConfig::compute; API-owned Compact Output allocation included	catalogue_fixture_v1:f64le	fnv1a64:06be03be64d63c6c	0.6.4	43f9d5042ecc4bd367941846494ad907bf20ea50	3.12.13	0.6.4	0.6.4	2.2.3	rustc 1.93.0 (254b59607 2026-01-19)	Apple M2	Darwin 25.5.0 Darwin Kernel Version 25.5.0: Tue Jun  9 22:27:52 PDT 2026; root:xnu-12377.121.10~1/RELEASE_ARM64_T8112	aarch64	64	ta-core=default(f64,std); ta-benchmarks=catalogue-matrix	d09e20c4bfc0b0719a9458d05859ce4dd17f3d22	true
fast-ta	Math Operators	ADD: Vector Arithmetic Add	ADD	caller-owned Batch Computation	none	4096	float	1	1700.1208564773337	1677.9998208206414	1726.6842859702563	2409240486.871592	50	0	0	0	0	4096	fnv1a64:d50f71f555286fae	verified		measured		comparable	primary caller-owned Rust/C kernel	151329	5581	IndicatorConfig::compute_into; caller output allocation excluded	catalogue_fixture_v1:f64le	fnv1a64:06be03be64d63c6c	0.6.4	43f9d5042ecc4bd367941846494ad907bf20ea50	3.12.13	0.6.4	0.6.4	2.2.3	rustc 1.93.0 (254b59607 2026-01-19)	Apple M2	Darwin 25.5.0 Darwin Kernel Version 25.5.0: Tue Jun  9 22:27:52 PDT 2026; root:xnu-12377.121.10~1/RELEASE_ARM64_T8112	aarch64	64	ta-core=default(f64,std); ta-benchmarks=catalogue-matrix	d09e20c4bfc0b0719a9458d05859ce4dd17f3d22	true
fast-ta	Math Operators	ADD: Vector Arithmetic Add	ADD	Prepared Batch Runner	none	4096	float	1	1665.2415999999998	1650.75	1687.6834	2459703144.5767393	50	2	0	2	0	4096	fnv1a64:d50f71f555286fae	verified		measured		unavailable	separate Rust execution cost; not aggregated with the direct C kernel	150382	5000	PreparedBatchRunner::compute_into; preparation and caller output allocation excluded	catalogue_fixture_v1:f64le	fnv1a64:06be03be64d63c6c	0.6.4	43f9d5042ecc4bd367941846494ad907bf20ea50	3.12.13	0.6.4	0.6.4	2.2.3	rustc 1.93.0 (254b59607 2026-01-19)	Apple M2	Darwin 25.5.0 Darwin Kernel Version 25.5.0: Tue Jun  9 22:27:52 PDT 2026; root:xnu-12377.121.10~1/RELEASE_ARM64_T8112	aarch64	64	ta-core=default(f64,std); ta-benchmarks=catalogue-matrix	d09e20c4bfc0b0719a9458d05859ce4dd17f3d22	true
fast-ta	Math Operators	ADD: Vector Arithmetic Add	ADD	Streaming Computation	none	4096	float	1	4579.229005901045	4556.873354516569	4584.345438039038	894473719.2050606	50	1	0	1	0	4096	fnv1a64:d50f71f555286fae	verified		measured		unavailable	separate Rust execution cost; not aggregated with the direct C kernel	54333	2203	StreamingComputation::reset plus one next call per observation; stream and output allocation excluded	catalogue_fixture_v1:f64le	fnv1a64:06be03be64d63c6c	0.6.4	43f9d5042ecc4bd367941846494ad907bf20ea50	3.12.13	0.6.4	0.6.4	2.2.3	rustc 1.93.0 (254b59607 2026-01-19)	Apple M2	Darwin 25.5.0 Darwin Kernel Version 25.5.0: Tue Jun  9 22:27:52 PDT 2026; root:xnu-12377.121.10~1/RELEASE_ARM64_T8112	aarch64	64	ta-core=default(f64,std); ta-benchmarks=catalogue-matrix	d09e20c4bfc0b0719a9458d05859ce4dd17f3d22	true
TA-Lib C	Math Operators	ADD: Vector Arithmetic Add	ADD	direct C caller-owned	none	4096	float	1	689.0952452377381	665.0136493175341	704.4960251987401	5944025921.390414	50	3	3	0	0	4096	fnv1a64:d50f71f555286fae	verified		measured		comparable	primary caller-owned Rust/C kernel	378873	13334	direct TA_ADD call; caller output allocation excluded	catalogue_fixture_v1:f64le	fnv1a64:06be03be64d63c6c	0.6.4	43f9d5042ecc4bd367941846494ad907bf20ea50	3.12.13	0.6.4	0.6.4	2.2.3	rustc 1.93.0 (254b59607 2026-01-19)	Apple M2	Darwin 25.5.0 Darwin Kernel Version 25.5.0: Tue Jun  9 22:27:52 PDT 2026; root:xnu-12377.121.10~1/RELEASE_ARM64_T8112	aarch64	64	ta-core=default(f64,std); ta-benchmarks=catalogue-matrix	d09e20c4bfc0b0719a9458d05859ce4dd17f3d22	true
TA-Lib Python	Math Operators	ADD: Vector Arithmetic Add	ADD	official Python NumPy API	none	4096	float	1	855.5171281235	846.9582157405	864.032234347	4787747510.075232	50	2	2	0	0	4096	fnv1a64:d50f71f555286fae	verified		measured		unavailable	user-facing Python API cost; not aggregated with caller-owned kernels	235340	11416	direct talib.ADD NumPy API expression including API-owned output; fixture loading excluded	catalogue_fixture_v1:f64le	fnv1a64:06be03be64d63c6c	0.6.4	43f9d5042ecc4bd367941846494ad907bf20ea50	3.12.13	0.6.4	0.6.4	2.2.3	rustc 1.93.0 (254b59607 2026-01-19)	Apple M2	Darwin 25.5.0 Darwin Kernel Version 25.5.0: Tue Jun  9 22:27:52 PDT 2026; root:xnu-12377.121.10~1/RELEASE_ARM64_T8112	aarch64	64	ta-core=default(f64,std); ta-benchmarks=catalogue-matrix	d09e20c4bfc0b0719a9458d05859ce4dd17f3d22	true
fast-ta	Overlap Studies	SMA: Simple Moving Average	SMA	Owned Compact Output	timeperiod=14	65536	float	1	73951.38888888889	73770.21481481483	74233.64444444445	886203775.0023476	50	1	0	1	13	65523	fnv1a64:af3bde69a6a8b06c	verified		measured		unavailable	separate Rust execution cost; not aggregated with the direct C kernel	3382	135	IndicatorConfig::compute; API-owned Compact Output allocation included	catalogue_fixture_v1:f64le	fnv1a64:a4171d0a7611733a	0.6.4	43f9d5042ecc4bd367941846494ad907bf20ea50	3.12.13	0.6.4	0.6.4	2.2.3	rustc 1.93.0 (254b59607 2026-01-19)	Apple M2	Darwin 25.5.0 Darwin Kernel Version 25.5.0: Tue Jun  9 22:27:52 PDT 2026; root:xnu-12377.121.10~1/RELEASE_ARM64_T8112	aarch64	64	ta-core=default(f64,std); ta-benchmarks=catalogue-matrix	d09e20c4bfc0b0719a9458d05859ce4dd17f3d22	true
fast-ta	Overlap Studies	SMA: Simple Moving Average	SMA	caller-owned Batch Computation	timeperiod=14	65536	float	1	69927.45683453238	69807.55395683453	70332.13309352519	937199820.5951666	50	0	0	0	13	65523	fnv1a64:af3bde69a6a8b06c	verified		measured		comparable	primary caller-owned Rust/C kernel	3558	139	IndicatorConfig::compute_into; caller output allocation excluded	catalogue_fixture_v1:f64le	fnv1a64:a4171d0a7611733a	0.6.4	43f9d5042ecc4bd367941846494ad907bf20ea50	3.12.13	0.6.4	0.6.4	2.2.3	rustc 1.93.0 (254b59607 2026-01-19)	Apple M2	Darwin 25.5.0 Darwin Kernel Version 25.5.0: Tue Jun  9 22:27:52 PDT 2026; root:xnu-12377.121.10~1/RELEASE_ARM64_T8112	aarch64	64	ta-core=default(f64,std); ta-benchmarks=catalogue-matrix	d09e20c4bfc0b0719a9458d05859ce4dd17f3d22	true
fast-ta	Overlap Studies	SMA: Simple Moving Average	SMA	Prepared Batch Runner	timeperiod=14	65536	float	1	70025.67441860464	69781.33333333333	70184.75193798449	935885309.8398463	50	0	0	0	13	65523	fnv1a64:af3bde69a6a8b06c	verified		measured		unavailable	separate Rust execution cost; not aggregated with the direct C kernel	3541	129	PreparedBatchRunner::compute_into; preparation and caller output allocation excluded	catalogue_fixture_v1:f64le	fnv1a64:a4171d0a7611733a	0.6.4	43f9d5042ecc4bd367941846494ad907bf20ea50	3.12.13	0.6.4	0.6.4	2.2.3	rustc 1.93.0 (254b59607 2026-01-19)	Apple M2	Darwin 25.5.0 Darwin Kernel Version 25.5.0: Tue Jun  9 22:27:52 PDT 2026; root:xnu-12377.121.10~1/RELEASE_ARM64_T8112	aarch64	64	ta-core=default(f64,std); ta-benchmarks=catalogue-matrix	d09e20c4bfc0b0719a9458d05859ce4dd17f3d22	true
fast-ta	Overlap Studies	SMA: Simple Moving Average	SMA	Streaming Computation	timeperiod=14	65536	float	1	328534.7166666667	327786.81666666665	329679.1666666667	199479679.54477465	50	1	0	1	13	65523	fnv1a64:af3bde69a6a8b06c	verified		measured		unavailable	separate Rust execution cost; not aggregated with the direct C kernel	762	30	StreamingComputation::reset plus one next call per observation; stream and output allocation excluded	catalogue_fixture_v1:f64le	fnv1a64:a4171d0a7611733a	0.6.4	43f9d5042ecc4bd367941846494ad907bf20ea50	3.12.13	0.6.4	0.6.4	2.2.3	rustc 1.93.0 (254b59607 2026-01-19)	Apple M2	Darwin 25.5.0 Darwin Kernel Version 25.5.0: Tue Jun  9 22:27:52 PDT 2026; root:xnu-12377.121.10~1/RELEASE_ARM64_T8112	aarch64	64	ta-core=default(f64,std); ta-benchmarks=catalogue-matrix	d09e20c4bfc0b0719a9458d05859ce4dd17f3d22	true
TA-Lib C	Overlap Studies	SMA: Simple Moving Average	SMA	direct C caller-owned	timeperiod=14	65536	float	1	118081.88372093023	117746.36627906977	118338.17441860464	555004696.1893412	50	1	0	1	13	65523	fnv1a64:f15ad23244873212	verified		measured		comparable	primary caller-owned Rust/C kernel	2113	86	direct TA_SMA call; caller output allocation excluded	catalogue_fixture_v1:f64le	fnv1a64:a4171d0a7611733a	0.6.4	43f9d5042ecc4bd367941846494ad907bf20ea50	3.12.13	0.6.4	0.6.4	2.2.3	rustc 1.93.0 (254b59607 2026-01-19)	Apple M2	Darwin 25.5.0 Darwin Kernel Version 25.5.0: Tue Jun  9 22:27:52 PDT 2026; root:xnu-12377.121.10~1/RELEASE_ARM64_T8112	aarch64	64	ta-core=default(f64,std); ta-benchmarks=catalogue-matrix	d09e20c4bfc0b0719a9458d05859ce4dd17f3d22	true
TA-Lib Python	Overlap Studies	SMA: Simple Moving Average	SMA	official Python NumPy API	timeperiod=14	65536	float	1	118495.041360369	118054.56981944307	118849.70271716	553069556.7309933	50	0	0	0	13	65523	fnv1a64:f15ad23244873212	verified		measured		unavailable	user-facing Python API cost; not aggregated with caller-owned kernels	2100	84	direct talib.SMA NumPy API expression including API-owned output; fixture loading excluded	catalogue_fixture_v1:f64le	fnv1a64:a4171d0a7611733a	0.6.4	43f9d5042ecc4bd367941846494ad907bf20ea50	3.12.13	0.6.4	0.6.4	2.2.3	rustc 1.93.0 (254b59607 2026-01-19)	Apple M2	Darwin 25.5.0 Darwin Kernel Version 25.5.0: Tue Jun  9 22:27:52 PDT 2026; root:xnu-12377.121.10~1/RELEASE_ARM64_T8112	aarch64	64	ta-core=default(f64,std); ta-benchmarks=catalogue-matrix	d09e20c4bfc0b0719a9458d05859ce4dd17f3d22	true
fast-ta	Overlap Studies	BBANDS: Bollinger Bands	BBANDS	Owned Compact Output	timeperiod=20;nbdevup=2;nbdevdn=2;matype=SMA	65536	float	3	232023.74418604653	231449.12790697673	232656.488372093	282453850.7035316	50	0	0	0	19	65517	fnv1a64:d9001fec0702c969	verified		measured		unavailable	separate Rust execution cost; not aggregated with the direct C kernel	1073	43	IndicatorConfig::compute; API-owned Compact Output allocation included	catalogue_fixture_v1:f64le	fnv1a64:a4171d0a7611733a	0.6.4	43f9d5042ecc4bd367941846494ad907bf20ea50	3.12.13	0.6.4	0.6.4	2.2.3	rustc 1.93.0 (254b59607 2026-01-19)	Apple M2	Darwin 25.5.0 Darwin Kernel Version 25.5.0: Tue Jun  9 22:27:52 PDT 2026; root:xnu-12377.121.10~1/RELEASE_ARM64_T8112	aarch64	64	ta-core=default(f64,std); ta-benchmarks=catalogue-matrix	d09e20c4bfc0b0719a9458d05859ce4dd17f3d22	true
fast-ta	Overlap Studies	BBANDS: Bollinger Bands	BBANDS	caller-owned Batch Computation	timeperiod=20;nbdevup=2;nbdevdn=2;matype=SMA	65536	float	3	222856.4347826087	222517.66304347827	223532.60869565216	294072729.2165867	50	2	0	2	19	65517	fnv1a64:d9001fec0702c969	verified		measured		comparable	primary caller-owned Rust/C kernel	1120	46	IndicatorConfig::compute_into; caller output allocation excluded	catalogue_fixture_v1:f64le	fnv1a64:a4171d0a7611733a	0.6.4	43f9d5042ecc4bd367941846494ad907bf20ea50	3.12.13	0.6.4	0.6.4	2.2.3	rustc 1.93.0 (254b59607 2026-01-19)	Apple M2	Darwin 25.5.0 Darwin Kernel Version 25.5.0: Tue Jun  9 22:27:52 PDT 2026; root:xnu-12377.121.10~1/RELEASE_ARM64_T8112	aarch64	64	ta-core=default(f64,std); ta-benchmarks=catalogue-matrix	d09e20c4bfc0b0719a9458d05859ce4dd17f3d22	true
fast-ta	Overlap Studies	BBANDS: Bollinger Bands	BBANDS	Prepared Batch Runner	timeperiod=20;nbdevup=2;nbdevdn=2;matype=SMA	65536	float	3	222679.8152173913	221967.39130434784	222923	294305974.41452175	50	0	0	0	19	65517	fnv1a64:d9001fec0702c969	verified		measured		unavailable	separate Rust execution cost; not aggregated with the direct C kernel	1123	46	PreparedBatchRunner::compute_into; preparation and caller output allocation excluded	catalogue_fixture_v1:f64le	fnv1a64:a4171d0a7611733a	0.6.4	43f9d5042ecc4bd367941846494ad907bf20ea50	3.12.13	0.6.4	0.6.4	2.2.3	rustc 1.93.0 (254b59607 2026-01-19)	Apple M2	Darwin 25.5.0 Darwin Kernel Version 25.5.0: Tue Jun  9 22:27:52 PDT 2026; root:xnu-12377.121.10~1/RELEASE_ARM64_T8112	aarch64	64	ta-core=default(f64,std); ta-benchmarks=catalogue-matrix	d09e20c4bfc0b0719a9458d05859ce4dd17f3d22	true
fast-ta	Overlap Studies	BBANDS: Bollinger Bands	BBANDS	Streaming Computation	timeperiod=20;nbdevup=2;nbdevdn=2;matype=SMA	65536	float	3	543072.9166666667	542608.8055555555	543817.1388888889	120676244.36558932	50	0	0	0	19	65517	fnv1a64:d9001fec0702c969	verified		measured		unavailable	separate Rust execution cost; not aggregated with the direct C kernel	460	18	StreamingComputation::reset plus one next call per observation; stream and output allocation excluded	catalogue_fixture_v1:f64le	fnv1a64:a4171d0a7611733a	0.6.4	43f9d5042ecc4bd367941846494ad907bf20ea50	3.12.13	0.6.4	0.6.4	2.2.3	rustc 1.93.0 (254b59607 2026-01-19)	Apple M2	Darwin 25.5.0 Darwin Kernel Version 25.5.0: Tue Jun  9 22:27:52 PDT 2026; root:xnu-12377.121.10~1/RELEASE_ARM64_T8112	aarch64	64	ta-core=default(f64,std); ta-benchmarks=catalogue-matrix	d09e20c4bfc0b0719a9458d05859ce4dd17f3d22	true
TA-Lib C	Overlap Studies	BBANDS: Bollinger Bands	BBANDS	direct C caller-owned	timeperiod=20;nbdevup=2;nbdevdn=2;matype=SMA	65536	float	3	346508.69444444444	344436.3333333333	347803.25	189132339.39215732	50	1	1	0	19	65517	fnv1a64:25bf9c5b84b4c3ac	verified		measured		comparable	primary caller-owned Rust/C kernel	717	36	direct TA_BBANDS call; caller output allocation excluded	catalogue_fixture_v1:f64le	fnv1a64:a4171d0a7611733a	0.6.4	43f9d5042ecc4bd367941846494ad907bf20ea50	3.12.13	0.6.4	0.6.4	2.2.3	rustc 1.93.0 (254b59607 2026-01-19)	Apple M2	Darwin 25.5.0 Darwin Kernel Version 25.5.0: Tue Jun  9 22:27:52 PDT 2026; root:xnu-12377.121.10~1/RELEASE_ARM64_T8112	aarch64	64	ta-core=default(f64,std); ta-benchmarks=catalogue-matrix	d09e20c4bfc0b0719a9458d05859ce4dd17f3d22	true
TA-Lib Python	Overlap Studies	BBANDS: Bollinger Bands	BBANDS	official Python NumPy API	timeperiod=20;nbdevup=2;nbdevdn=2;matype=SMA	65536	float	3	351415.948083239	350847.000312381	352060.344022024	186491251.62776235	50	5	3	2	19	65517	fnv1a64:25bf9c5b84b4c3ac	verified		measured		unavailable	user-facing Python API cost; not aggregated with caller-owned kernels	710	29	direct talib.BBANDS NumPy API expression including API-owned output; fixture loading excluded	catalogue_fixture_v1:f64le	fnv1a64:a4171d0a7611733a	0.6.4	43f9d5042ecc4bd367941846494ad907bf20ea50	3.12.13	0.6.4	0.6.4	2.2.3	rustc 1.93.0 (254b59607 2026-01-19)	Apple M2	Darwin 25.5.0 Darwin Kernel Version 25.5.0: Tue Jun  9 22:27:52 PDT 2026; root:xnu-12377.121.10~1/RELEASE_ARM64_T8112	aarch64	64	ta-core=default(f64,std); ta-benchmarks=catalogue-matrix	d09e20c4bfc0b0719a9458d05859ce4dd17f3d22	true
fast-ta	Momentum Indicators	RSI: Relative Strength Index	RSI	Owned Compact Output	timeperiod=14	65536	float	1	349661.4642857143	348267.125	351120.53571428574	187427002.0972326	50	1	0	1	14	65522	fnv1a64:b3cd1ba41e0575e9	verified		measured		unavailable	separate Rust execution cost; not aggregated with the direct C kernel	717	28	IndicatorConfig::compute; API-owned Compact Output allocation included	catalogue_fixture_v1:f64le	fnv1a64:a4171d0a7611733a	0.6.4	43f9d5042ecc4bd367941846494ad907bf20ea50	3.12.13	0.6.4	0.6.4	2.2.3	rustc 1.93.0 (254b59607 2026-01-19)	Apple M2	Darwin 25.5.0 Darwin Kernel Version 25.5.0: Tue Jun  9 22:27:52 PDT 2026; root:xnu-12377.121.10~1/RELEASE_ARM64_T8112	aarch64	64	ta-core=default(f64,std); ta-benchmarks=catalogue-matrix	d09e20c4bfc0b0719a9458d05859ce4dd17f3d22	true
fast-ta	Momentum Indicators	RSI: Relative Strength Index	RSI	caller-owned Batch Computation	timeperiod=14	65536	float	1	344167.3965517242	343225.551724138	345406.6206896552	190418966.63256636	50	0	0	0	14	65522	fnv1a64:b3cd1ba41e0575e9	verified		measured		comparable	primary caller-owned Rust/C kernel	728	29	IndicatorConfig::compute_into; caller output allocation excluded	catalogue_fixture_v1:f64le	fnv1a64:a4171d0a7611733a	0.6.4	43f9d5042ecc4bd367941846494ad907bf20ea50	3.12.13	0.6.4	0.6.4	2.2.3	rustc 1.93.0 (254b59607 2026-01-19)	Apple M2	Darwin 25.5.0 Darwin Kernel Version 25.5.0: Tue Jun  9 22:27:52 PDT 2026; root:xnu-12377.121.10~1/RELEASE_ARM64_T8112	aarch64	64	ta-core=default(f64,std); ta-benchmarks=catalogue-matrix	d09e20c4bfc0b0719a9458d05859ce4dd17f3d22	true
fast-ta	Momentum Indicators	RSI: Relative Strength Index	RSI	Prepared Batch Runner	timeperiod=14	65536	float	1	344461.1166666667	343459.7	345686.1166666667	190256597.41856688	50	1	0	1	14	65522	fnv1a64:b3cd1ba41e0575e9	verified		measured		unavailable	separate Rust execution cost; not aggregated with the direct C kernel	725	30	PreparedBatchRunner::compute_into; preparation and caller output allocation excluded	catalogue_fixture_v1:f64le	fnv1a64:a4171d0a7611733a	0.6.4	43f9d5042ecc4bd367941846494ad907bf20ea50	3.12.13	0.6.4	0.6.4	2.2.3	rustc 1.93.0 (254b59607 2026-01-19)	Apple M2	Darwin 25.5.0 Darwin Kernel Version 25.5.0: Tue Jun  9 22:27:52 PDT 2026; root:xnu-12377.121.10~1/RELEASE_ARM64_T8112	aarch64	64	ta-core=default(f64,std); ta-benchmarks=catalogue-matrix	d09e20c4bfc0b0719a9458d05859ce4dd17f3d22	true
fast-ta	Momentum Indicators	RSI: Relative Strength Index	RSI	Streaming Computation	timeperiod=14	65536	float	1	585910.8611111111	584118.0555555555	586425.9444444445	111853191.92704275	50	1	0	1	14	65522	fnv1a64:b3cd1ba41e0575e9	verified		measured		unavailable	separate Rust execution cost; not aggregated with the direct C kernel	427	18	StreamingComputation::reset plus one next call per observation; stream and output allocation excluded	catalogue_fixture_v1:f64le	fnv1a64:a4171d0a7611733a	0.6.4	43f9d5042ecc4bd367941846494ad907bf20ea50	3.12.13	0.6.4	0.6.4	2.2.3	rustc 1.93.0 (254b59607 2026-01-19)	Apple M2	Darwin 25.5.0 Darwin Kernel Version 25.5.0: Tue Jun  9 22:27:52 PDT 2026; root:xnu-12377.121.10~1/RELEASE_ARM64_T8112	aarch64	64	ta-core=default(f64,std); ta-benchmarks=catalogue-matrix	d09e20c4bfc0b0719a9458d05859ce4dd17f3d22	true
TA-Lib C	Momentum Indicators	RSI: Relative Strength Index	RSI	direct C caller-owned	timeperiod=14	65536	float	1	371337.2037037037	370084.87037037034	372651.24074074073	176486490.83998674	50	0	0	0	14	65522	fnv1a64:b3cd1ba41e0575e9	verified		measured		comparable	primary caller-owned Rust/C kernel	675	27	direct TA_RSI call; caller output allocation excluded	catalogue_fixture_v1:f64le	fnv1a64:a4171d0a7611733a	0.6.4	43f9d5042ecc4bd367941846494ad907bf20ea50	3.12.13	0.6.4	0.6.4	2.2.3	rustc 1.93.0 (254b59607 2026-01-19)	Apple M2	Darwin 25.5.0 Darwin Kernel Version 25.5.0: Tue Jun  9 22:27:52 PDT 2026; root:xnu-12377.121.10~1/RELEASE_ARM64_T8112	aarch64	64	ta-core=default(f64,std); ta-benchmarks=catalogue-matrix	d09e20c4bfc0b0719a9458d05859ce4dd17f3d22	true
TA-Lib Python	Momentum Indicators	RSI: Relative Strength Index	RSI	official Python NumPy API	timeperiod=14	65536	float	1	371975.445887074	371077.37547817803	372683.034843898	176183672.13382068	50	0	0	0	14	65522	fnv1a64:b3cd1ba41e0575e9	verified		measured		unavailable	user-facing Python API cost; not aggregated with caller-owned kernels	671	28	direct talib.RSI NumPy API expression including API-owned output; fixture loading excluded	catalogue_fixture_v1:f64le	fnv1a64:a4171d0a7611733a	0.6.4	43f9d5042ecc4bd367941846494ad907bf20ea50	3.12.13	0.6.4	0.6.4	2.2.3	rustc 1.93.0 (254b59607 2026-01-19)	Apple M2	Darwin 25.5.0 Darwin Kernel Version 25.5.0: Tue Jun  9 22:27:52 PDT 2026; root:xnu-12377.121.10~1/RELEASE_ARM64_T8112	aarch64	64	ta-core=default(f64,std); ta-benchmarks=catalogue-matrix	d09e20c4bfc0b0719a9458d05859ce4dd17f3d22	true
fast-ta	Momentum Indicators	MACD: Moving Average Convergence/Divergence	MACD	Owned Compact Output	fastperiod=12;slowperiod=26;signalperiod=9	65536	float	3	217160.01063829788	216849.27659574468	217700.36170212767	301786686.2659023	50	2	0	2	33	65503	fnv1a64:69846d5bb019b909	verified		measured		unavailable	separate Rust execution cost; not aggregated with the direct C kernel	1149	47	IndicatorConfig::compute; API-owned Compact Output allocation included	catalogue_fixture_v1:f64le	fnv1a64:a4171d0a7611733a	0.6.4	43f9d5042ecc4bd367941846494ad907bf20ea50	3.12.13	0.6.4	0.6.4	2.2.3	rustc 1.93.0 (254b59607 2026-01-19)	Apple M2	Darwin 25.5.0 Darwin Kernel Version 25.5.0: Tue Jun  9 22:27:52 PDT 2026; root:xnu-12377.121.10~1/RELEASE_ARM64_T8112	aarch64	64	ta-core=default(f64,std); ta-benchmarks=catalogue-matrix	d09e20c4bfc0b0719a9458d05859ce4dd17f3d22	true
fast-ta	Momentum Indicators	MACD: Moving Average Convergence/Divergence	MACD	caller-owned Batch Computation	fastperiod=12;slowperiod=26;signalperiod=9	65536	float	3	207768.2291666667	207068.58333333334	208438.375	315428399.5337352	50	2	0	2	33	65503	fnv1a64:69846d5bb019b909	verified		measured		comparable	primary caller-owned Rust/C kernel	1201	48	IndicatorConfig::compute_into; caller output allocation excluded	catalogue_fixture_v1:f64le	fnv1a64:a4171d0a7611733a	0.6.4	43f9d5042ecc4bd367941846494ad907bf20ea50	3.12.13	0.6.4	0.6.4	2.2.3	rustc 1.93.0 (254b59607 2026-01-19)	Apple M2	Darwin 25.5.0 Darwin Kernel Version 25.5.0: Tue Jun  9 22:27:52 PDT 2026; root:xnu-12377.121.10~1/RELEASE_ARM64_T8112	aarch64	64	ta-core=default(f64,std); ta-benchmarks=catalogue-matrix	d09e20c4bfc0b0719a9458d05859ce4dd17f3d22	true
fast-ta	Momentum Indicators	MACD: Moving Average Convergence/Divergence	MACD	Prepared Batch Runner	fastperiod=12;slowperiod=26;signalperiod=9	65536	float	3	207603.74489795917	206979.17346938775	208218.11224489796	315678313.1836667	50	0	0	0	33	65503	fnv1a64:69846d5bb019b909	verified		measured		unavailable	separate Rust execution cost; not aggregated with the direct C kernel	1203	49	PreparedBatchRunner::compute_into; preparation and caller output allocation excluded	catalogue_fixture_v1:f64le	fnv1a64:a4171d0a7611733a	0.6.4	43f9d5042ecc4bd367941846494ad907bf20ea50	3.12.13	0.6.4	0.6.4	2.2.3	rustc 1.93.0 (254b59607 2026-01-19)	Apple M2	Darwin 25.5.0 Darwin Kernel Version 25.5.0: Tue Jun  9 22:27:52 PDT 2026; root:xnu-12377.121.10~1/RELEASE_ARM64_T8112	aarch64	64	ta-core=default(f64,std); ta-benchmarks=catalogue-matrix	d09e20c4bfc0b0719a9458d05859ce4dd17f3d22	true
fast-ta	Momentum Indicators	MACD: Moving Average Convergence/Divergence	MACD	Streaming Computation	fastperiod=12;slowperiod=26;signalperiod=9	65536	float	3	993147.7272727273	990962.1363636364	995378.8181818182	65988168.93028364	50	0	0	0	33	65503	fnv1a64:69846d5bb019b909	verified		measured		unavailable	separate Rust execution cost; not aggregated with the direct C kernel	252	11	StreamingComputation::reset plus one next call per observation; stream and output allocation excluded	catalogue_fixture_v1:f64le	fnv1a64:a4171d0a7611733a	0.6.4	43f9d5042ecc4bd367941846494ad907bf20ea50	3.12.13	0.6.4	0.6.4	2.2.3	rustc 1.93.0 (254b59607 2026-01-19)	Apple M2	Darwin 25.5.0 Darwin Kernel Version 25.5.0: Tue Jun  9 22:27:52 PDT 2026; root:xnu-12377.121.10~1/RELEASE_ARM64_T8112	aarch64	64	ta-core=default(f64,std); ta-benchmarks=catalogue-matrix	d09e20c4bfc0b0719a9458d05859ce4dd17f3d22	true
TA-Lib C	Momentum Indicators	MACD: Moving Average Convergence/Divergence	MACD	direct C caller-owned	fastperiod=12;slowperiod=26;signalperiod=9	65536	float	3	449949.2826086957	448752.69565217395	450803.43478260865	145651971.30671778	50	1	0	1	33	65503	fnv1a64:3d060218c024f918	verified		measured		comparable	primary caller-owned Rust/C kernel	557	23	direct TA_MACD call; caller output allocation excluded	catalogue_fixture_v1:f64le	fnv1a64:a4171d0a7611733a	0.6.4	43f9d5042ecc4bd367941846494ad907bf20ea50	3.12.13	0.6.4	0.6.4	2.2.3	rustc 1.93.0 (254b59607 2026-01-19)	Apple M2	Darwin 25.5.0 Darwin Kernel Version 25.5.0: Tue Jun  9 22:27:52 PDT 2026; root:xnu-12377.121.10~1/RELEASE_ARM64_T8112	aarch64	64	ta-core=default(f64,std); ta-benchmarks=catalogue-matrix	d09e20c4bfc0b0719a9458d05859ce4dd17f3d22	true
TA-Lib Python	Momentum Indicators	MACD: Moving Average Convergence/Divergence	MACD	official Python NumPy API	fastperiod=12;slowperiod=26;signalperiod=9	65536	float	3	452331.52163943846	451795.303809416	453442.04409048	144884883.90654305	50	1	0	1	33	65503	fnv1a64:3d060218c024f918	verified		measured		unavailable	user-facing Python API cost; not aggregated with caller-owned kernels	552	23	direct talib.MACD NumPy API expression including API-owned output; fixture loading excluded	catalogue_fixture_v1:f64le	fnv1a64:a4171d0a7611733a	0.6.4	43f9d5042ecc4bd367941846494ad907bf20ea50	3.12.13	0.6.4	0.6.4	2.2.3	rustc 1.93.0 (254b59607 2026-01-19)	Apple M2	Darwin 25.5.0 Darwin Kernel Version 25.5.0: Tue Jun  9 22:27:52 PDT 2026; root:xnu-12377.121.10~1/RELEASE_ARM64_T8112	aarch64	64	ta-core=default(f64,std); ta-benchmarks=catalogue-matrix	d09e20c4bfc0b0719a9458d05859ce4dd17f3d22	true
fast-ta	Volatility Indicators	ATR: Average True Range	ATR	Owned Compact Output	timeperiod=14	65536	float	1	362537.1964285714	361783.48214285716	363482.14285714284	180770416.51341885	50	0	0	0	14	65522	fnv1a64:a4ba80c09e461d2a	verified		measured		unavailable	separate Rust execution cost; not aggregated with the direct C kernel	690	28	IndicatorConfig::compute; API-owned Compact Output allocation included	catalogue_fixture_v1:f64le	fnv1a64:a4171d0a7611733a	0.6.4	43f9d5042ecc4bd367941846494ad907bf20ea50	3.12.13	0.6.4	0.6.4	2.2.3	rustc 1.93.0 (254b59607 2026-01-19)	Apple M2	Darwin 25.5.0 Darwin Kernel Version 25.5.0: Tue Jun  9 22:27:52 PDT 2026; root:xnu-12377.121.10~1/RELEASE_ARM64_T8112	aarch64	64	ta-core=default(f64,std); ta-benchmarks=catalogue-matrix	d09e20c4bfc0b0719a9458d05859ce4dd17f3d22	true
fast-ta	Volatility Indicators	ATR: Average True Range	ATR	caller-owned Batch Computation	timeperiod=14	65536	float	1	358211.20689655177	357535.20689655177	358715.625	182953516.63558146	50	4	3	1	14	65522	fnv1a64:a4ba80c09e461d2a	verified		measured		comparable	primary caller-owned Rust/C kernel	696	29	IndicatorConfig::compute_into; caller output allocation excluded	catalogue_fixture_v1:f64le	fnv1a64:a4171d0a7611733a	0.6.4	43f9d5042ecc4bd367941846494ad907bf20ea50	3.12.13	0.6.4	0.6.4	2.2.3	rustc 1.93.0 (254b59607 2026-01-19)	Apple M2	Darwin 25.5.0 Darwin Kernel Version 25.5.0: Tue Jun  9 22:27:52 PDT 2026; root:xnu-12377.121.10~1/RELEASE_ARM64_T8112	aarch64	64	ta-core=default(f64,std); ta-benchmarks=catalogue-matrix	d09e20c4bfc0b0719a9458d05859ce4dd17f3d22	true
fast-ta	Volatility Indicators	ATR: Average True Range	ATR	Prepared Batch Runner	timeperiod=14	65536	float	1	357773.7068965517	356933.8965517241	358283.051724138	183177239.5139964	50	1	0	1	14	65522	fnv1a64:a4ba80c09e461d2a	verified		measured		unavailable	separate Rust execution cost; not aggregated with the direct C kernel	699	29	PreparedBatchRunner::compute_into; preparation and caller output allocation excluded	catalogue_fixture_v1:f64le	fnv1a64:a4171d0a7611733a	0.6.4	43f9d5042ecc4bd367941846494ad907bf20ea50	3.12.13	0.6.4	0.6.4	2.2.3	rustc 1.93.0 (254b59607 2026-01-19)	Apple M2	Darwin 25.5.0 Darwin Kernel Version 25.5.0: Tue Jun  9 22:27:52 PDT 2026; root:xnu-12377.121.10~1/RELEASE_ARM64_T8112	aarch64	64	ta-core=default(f64,std); ta-benchmarks=catalogue-matrix	d09e20c4bfc0b0719a9458d05859ce4dd17f3d22	true
fast-ta	Volatility Indicators	ATR: Average True Range	ATR	Streaming Computation	timeperiod=14	65536	float	1	568714.4705882353	566892.1764705882	569905.6176470588	115235330.53803697	50	0	0	0	14	65522	fnv1a64:a4ba80c09e461d2a	verified		measured		unavailable	separate Rust execution cost; not aggregated with the direct C kernel	440	17	StreamingComputation::reset plus one next call per observation; stream and output allocation excluded	catalogue_fixture_v1:f64le	fnv1a64:a4171d0a7611733a	0.6.4	43f9d5042ecc4bd367941846494ad907bf20ea50	3.12.13	0.6.4	0.6.4	2.2.3	rustc 1.93.0 (254b59607 2026-01-19)	Apple M2	Darwin 25.5.0 Darwin Kernel Version 25.5.0: Tue Jun  9 22:27:52 PDT 2026; root:xnu-12377.121.10~1/RELEASE_ARM64_T8112	aarch64	64	ta-core=default(f64,std); ta-benchmarks=catalogue-matrix	d09e20c4bfc0b0719a9458d05859ce4dd17f3d22	true
TA-Lib C	Volatility Indicators	ATR: Average True Range	ATR	direct C caller-owned	timeperiod=14	65536	float	1	353908.7586206896	352865.6724137931	354392.2413793104	185177671.9384326	50	3	0	3	14	65522	fnv1a64:a4ba80c09e461d2a	verified		measured		comparable	primary caller-owned Rust/C kernel	707	29	direct TA_ATR call; caller output allocation excluded	catalogue_fixture_v1:f64le	fnv1a64:a4171d0a7611733a	0.6.4	43f9d5042ecc4bd367941846494ad907bf20ea50	3.12.13	0.6.4	0.6.4	2.2.3	rustc 1.93.0 (254b59607 2026-01-19)	Apple M2	Darwin 25.5.0 Darwin Kernel Version 25.5.0: Tue Jun  9 22:27:52 PDT 2026; root:xnu-12377.121.10~1/RELEASE_ARM64_T8112	aarch64	64	ta-core=default(f64,std); ta-benchmarks=catalogue-matrix	d09e20c4bfc0b0719a9458d05859ce4dd17f3d22	true
TA-Lib Python	Volatility Indicators	ATR: Average True Range	ATR	official Python NumPy API	timeperiod=14	65536	float	1	354022.275383488	353137.22388497705	356071.8273390725	185118294.9688953	50	0	0	0	14	65522	fnv1a64:a4ba80c09e461d2a	verified		measured		unavailable	user-facing Python API cost; not aggregated with caller-owned kernels	699	29	direct talib.ATR NumPy API expression including API-owned output; fixture loading excluded	catalogue_fixture_v1:f64le	fnv1a64:a4171d0a7611733a	0.6.4	43f9d5042ecc4bd367941846494ad907bf20ea50	3.12.13	0.6.4	0.6.4	2.2.3	rustc 1.93.0 (254b59607 2026-01-19)	Apple M2	Darwin 25.5.0 Darwin Kernel Version 25.5.0: Tue Jun  9 22:27:52 PDT 2026; root:xnu-12377.121.10~1/RELEASE_ARM64_T8112	aarch64	64	ta-core=default(f64,std); ta-benchmarks=catalogue-matrix	d09e20c4bfc0b0719a9458d05859ce4dd17f3d22	true
fast-ta	Momentum Indicators	ADX: Average Directional Movement Index	ADX	Owned Compact Output	timeperiod=14	65536	float	1	425412.3125	424060.7708333333	427576.375	154052898.9743333	50	0	0	0	27	65509	fnv1a64:a2c7455499facb3b	verified		measured		unavailable	separate Rust execution cost; not aggregated with the direct C kernel	589	24	IndicatorConfig::compute; API-owned Compact Output allocation included	catalogue_fixture_v1:f64le	fnv1a64:a4171d0a7611733a	0.6.4	43f9d5042ecc4bd367941846494ad907bf20ea50	3.12.13	0.6.4	0.6.4	2.2.3	rustc 1.93.0 (254b59607 2026-01-19)	Apple M2	Darwin 25.5.0 Darwin Kernel Version 25.5.0: Tue Jun  9 22:27:52 PDT 2026; root:xnu-12377.121.10~1/RELEASE_ARM64_T8112	aarch64	64	ta-core=default(f64,std); ta-benchmarks=catalogue-matrix	d09e20c4bfc0b0719a9458d05859ce4dd17f3d22	true
fast-ta	Momentum Indicators	ADX: Average Directional Movement Index	ADX	caller-owned Batch Computation	timeperiod=14	65536	float	1	419109.6086956522	418096.9130434783	420118.67391304346	156369595.54318103	50	0	0	0	27	65509	fnv1a64:a2c7455499facb3b	verified		measured		comparable	primary caller-owned Rust/C kernel	595	23	IndicatorConfig::compute_into; caller output allocation excluded	catalogue_fixture_v1:f64le	fnv1a64:a4171d0a7611733a	0.6.4	43f9d5042ecc4bd367941846494ad907bf20ea50	3.12.13	0.6.4	0.6.4	2.2.3	rustc 1.93.0 (254b59607 2026-01-19)	Apple M2	Darwin 25.5.0 Darwin Kernel Version 25.5.0: Tue Jun  9 22:27:52 PDT 2026; root:xnu-12377.121.10~1/RELEASE_ARM64_T8112	aarch64	64	ta-core=default(f64,std); ta-benchmarks=catalogue-matrix	d09e20c4bfc0b0719a9458d05859ce4dd17f3d22	true
fast-ta	Momentum Indicators	ADX: Average Directional Movement Index	ADX	Prepared Batch Runner	timeperiod=14	65536	float	1	420035.83999999997	418698.32	421191.68	156024781.12343937	50	2	0	2	27	65509	fnv1a64:a2c7455499facb3b	verified		measured		unavailable	separate Rust execution cost; not aggregated with the direct C kernel	593	25	PreparedBatchRunner::compute_into; preparation and caller output allocation excluded	catalogue_fixture_v1:f64le	fnv1a64:a4171d0a7611733a	0.6.4	43f9d5042ecc4bd367941846494ad907bf20ea50	3.12.13	0.6.4	0.6.4	2.2.3	rustc 1.93.0 (254b59607 2026-01-19)	Apple M2	Darwin 25.5.0 Darwin Kernel Version 25.5.0: Tue Jun  9 22:27:52 PDT 2026; root:xnu-12377.121.10~1/RELEASE_ARM64_T8112	aarch64	64	ta-core=default(f64,std); ta-benchmarks=catalogue-matrix	d09e20c4bfc0b0719a9458d05859ce4dd17f3d22	true
fast-ta	Momentum Indicators	ADX: Average Directional Movement Index	ADX	Streaming Computation	timeperiod=14	65536	float	1	882738.6818181819	879973.4545454546	885068.1818181819	74241676.89696698	50	1	0	1	27	65509	fnv1a64:a2c7455499facb3b	verified		measured		unavailable	separate Rust execution cost; not aggregated with the direct C kernel	283	11	StreamingComputation::reset plus one next call per observation; stream and output allocation excluded	catalogue_fixture_v1:f64le	fnv1a64:a4171d0a7611733a	0.6.4	43f9d5042ecc4bd367941846494ad907bf20ea50	3.12.13	0.6.4	0.6.4	2.2.3	rustc 1.93.0 (254b59607 2026-01-19)	Apple M2	Darwin 25.5.0 Darwin Kernel Version 25.5.0: Tue Jun  9 22:27:52 PDT 2026; root:xnu-12377.121.10~1/RELEASE_ARM64_T8112	aarch64	64	ta-core=default(f64,std); ta-benchmarks=catalogue-matrix	d09e20c4bfc0b0719a9458d05859ce4dd17f3d22	true
TA-Lib C	Momentum Indicators	ADX: Average Directional Movement Index	ADX	direct C caller-owned	timeperiod=14	65536	float	1	398336.5384615385	396935.8846153846	401373.42307692306	164524199.1937625	50	6	0	6	27	65509	fnv1a64:afebef904b1e6370	verified		measured		comparable	primary caller-owned Rust/C kernel	629	26	direct TA_ADX call; caller output allocation excluded	catalogue_fixture_v1:f64le	fnv1a64:a4171d0a7611733a	0.6.4	43f9d5042ecc4bd367941846494ad907bf20ea50	3.12.13	0.6.4	0.6.4	2.2.3	rustc 1.93.0 (254b59607 2026-01-19)	Apple M2	Darwin 25.5.0 Darwin Kernel Version 25.5.0: Tue Jun  9 22:27:52 PDT 2026; root:xnu-12377.121.10~1/RELEASE_ARM64_T8112	aarch64	64	ta-core=default(f64,std); ta-benchmarks=catalogue-matrix	d09e20c4bfc0b0719a9458d05859ce4dd17f3d22	true
TA-Lib Python	Momentum Indicators	ADX: Average Directional Movement Index	ADX	official Python NumPy API	timeperiod=14	65536	float	1	398424.4600966725	397448.7917730585	399036.457868836	164487893.0979753	50	4	0	4	27	65509	fnv1a64:afebef904b1e6370	verified		measured		unavailable	user-facing Python API cost; not aggregated with caller-owned kernels	608	24	direct talib.ADX NumPy API expression including API-owned output; fixture loading excluded	catalogue_fixture_v1:f64le	fnv1a64:a4171d0a7611733a	0.6.4	43f9d5042ecc4bd367941846494ad907bf20ea50	3.12.13	0.6.4	0.6.4	2.2.3	rustc 1.93.0 (254b59607 2026-01-19)	Apple M2	Darwin 25.5.0 Darwin Kernel Version 25.5.0: Tue Jun  9 22:27:52 PDT 2026; root:xnu-12377.121.10~1/RELEASE_ARM64_T8112	aarch64	64	ta-core=default(f64,std); ta-benchmarks=catalogue-matrix	d09e20c4bfc0b0719a9458d05859ce4dd17f3d22	true
fast-ta	Cycle Indicators	HT_DCPHASE: Hilbert Transform Dominant Cycle Phase	HT_DCPHASE	Owned Compact Output	none	65536	float	1	7332073	7309771	7359687.5	8938263.435184019	50	6	0	6	63	65473	fnv1a64:26f4c48e9a13e773	verified		measured		unavailable	separate Rust execution cost; not aggregated with the direct C kernel	32	2	IndicatorConfig::compute; API-owned Compact Output allocation included	catalogue_fixture_v1:f64le	fnv1a64:a4171d0a7611733a	0.6.4	43f9d5042ecc4bd367941846494ad907bf20ea50	3.12.13	0.6.4	0.6.4	2.2.3	rustc 1.93.0 (254b59607 2026-01-19)	Apple M2	Darwin 25.5.0 Darwin Kernel Version 25.5.0: Tue Jun  9 22:27:52 PDT 2026; root:xnu-12377.121.10~1/RELEASE_ARM64_T8112	aarch64	64	ta-core=default(f64,std); ta-benchmarks=catalogue-matrix	d09e20c4bfc0b0719a9458d05859ce4dd17f3d22	true
fast-ta	Cycle Indicators	HT_DCPHASE: Hilbert Transform Dominant Cycle Phase	HT_DCPHASE	caller-owned Batch Computation	none	65536	float	1	7325354	7318729.5	7347229	8946461.836520119	50	0	0	0	63	65473	fnv1a64:26f4c48e9a13e773	verified		measured		comparable	primary caller-owned Rust/C kernel	35	2	IndicatorConfig::compute_into; caller output allocation excluded	catalogue_fixture_v1:f64le	fnv1a64:a4171d0a7611733a	0.6.4	43f9d5042ecc4bd367941846494ad907bf20ea50	3.12.13	0.6.4	0.6.4	2.2.3	rustc 1.93.0 (254b59607 2026-01-19)	Apple M2	Darwin 25.5.0 Darwin Kernel Version 25.5.0: Tue Jun  9 22:27:52 PDT 2026; root:xnu-12377.121.10~1/RELEASE_ARM64_T8112	aarch64	64	ta-core=default(f64,std); ta-benchmarks=catalogue-matrix	d09e20c4bfc0b0719a9458d05859ce4dd17f3d22	true
fast-ta	Cycle Indicators	HT_DCPHASE: Hilbert Transform Dominant Cycle Phase	HT_DCPHASE	Prepared Batch Runner	none	65536	float	1	7310958.5	7296812.5	7327166.5	8964077.692412013	50	2	1	1	63	65473	fnv1a64:26f4c48e9a13e773	verified		measured		unavailable	separate Rust execution cost; not aggregated with the direct C kernel	35	2	PreparedBatchRunner::compute_into; preparation and caller output allocation excluded	catalogue_fixture_v1:f64le	fnv1a64:a4171d0a7611733a	0.6.4	43f9d5042ecc4bd367941846494ad907bf20ea50	3.12.13	0.6.4	0.6.4	2.2.3	rustc 1.93.0 (254b59607 2026-01-19)	Apple M2	Darwin 25.5.0 Darwin Kernel Version 25.5.0: Tue Jun  9 22:27:52 PDT 2026; root:xnu-12377.121.10~1/RELEASE_ARM64_T8112	aarch64	64	ta-core=default(f64,std); ta-benchmarks=catalogue-matrix	d09e20c4bfc0b0719a9458d05859ce4dd17f3d22	true
fast-ta	Cycle Indicators	HT_DCPHASE: Hilbert Transform Dominant Cycle Phase	HT_DCPHASE	Streaming Computation	none	65536	float	1	7004448	6980958.5	7024979.25	9356340.42825359	50	1	0	1	63	65473	fnv1a64:26f4c48e9a13e773	verified		measured		unavailable	separate Rust execution cost; not aggregated with the direct C kernel	36	2	StreamingComputation::reset plus one next call per observation; stream and output allocation excluded	catalogue_fixture_v1:f64le	fnv1a64:a4171d0a7611733a	0.6.4	43f9d5042ecc4bd367941846494ad907bf20ea50	3.12.13	0.6.4	0.6.4	2.2.3	rustc 1.93.0 (254b59607 2026-01-19)	Apple M2	Darwin 25.5.0 Darwin Kernel Version 25.5.0: Tue Jun  9 22:27:52 PDT 2026; root:xnu-12377.121.10~1/RELEASE_ARM64_T8112	aarch64	64	ta-core=default(f64,std); ta-benchmarks=catalogue-matrix	d09e20c4bfc0b0719a9458d05859ce4dd17f3d22	true
TA-Lib C	Cycle Indicators	HT_DCPHASE: Hilbert Transform Dominant Cycle Phase	HT_DCPHASE	direct C caller-owned	none	65536	float	1	5852968.75	5837489.5	5872072.75	11197052.777703622	50	1	0	1	63	65473	fnv1a64:01c2e65ea4391c50	verified		measured		comparable	primary caller-owned Rust/C kernel	43	2	direct TA_HT_DCPHASE call; caller output allocation excluded	catalogue_fixture_v1:f64le	fnv1a64:a4171d0a7611733a	0.6.4	43f9d5042ecc4bd367941846494ad907bf20ea50	3.12.13	0.6.4	0.6.4	2.2.3	rustc 1.93.0 (254b59607 2026-01-19)	Apple M2	Darwin 25.5.0 Darwin Kernel Version 25.5.0: Tue Jun  9 22:27:52 PDT 2026; root:xnu-12377.121.10~1/RELEASE_ARM64_T8112	aarch64	64	ta-core=default(f64,std); ta-benchmarks=catalogue-matrix	d09e20c4bfc0b0719a9458d05859ce4dd17f3d22	true
TA-Lib Python	Cycle Indicators	HT_DCPHASE: Hilbert Transform Dominant Cycle Phase	HT_DCPHASE	official Python NumPy API	none	65536	float	1	5827447.748742998	5812864.750623703	5833312.519825995	11246089.68208018	50	1	0	1	63	65473	fnv1a64:01c2e65ea4391c50	verified		measured		unavailable	user-facing Python API cost; not aggregated with caller-owned kernels	43	2	direct talib.HT_DCPHASE NumPy API expression including API-owned output; fixture loading excluded	catalogue_fixture_v1:f64le	fnv1a64:a4171d0a7611733a	0.6.4	43f9d5042ecc4bd367941846494ad907bf20ea50	3.12.13	0.6.4	0.6.4	2.2.3	rustc 1.93.0 (254b59607 2026-01-19)	Apple M2	Darwin 25.5.0 Darwin Kernel Version 25.5.0: Tue Jun  9 22:27:52 PDT 2026; root:xnu-12377.121.10~1/RELEASE_ARM64_T8112	aarch64	64	ta-core=default(f64,std); ta-benchmarks=catalogue-matrix	d09e20c4bfc0b0719a9458d05859ce4dd17f3d22	true
fast-ta	Pattern Recognition	CDLDOJI: Doji	CDLDOJI	Owned Compact Output	candle_settings=TA-Lib defaults	65536	integer	1	133416.38666666666	132975.84	133859.45333333334	491214022.78520715	50	0	0	0	10	65526	fnv1a64:b84f1c58fca059ac	verified		measured		unavailable	separate Rust execution cost; not aggregated with the direct C kernel	1868	75	IndicatorConfig::compute; API-owned Compact Output allocation included	catalogue_fixture_v1:f64le	fnv1a64:a4171d0a7611733a	0.6.4	43f9d5042ecc4bd367941846494ad907bf20ea50	3.12.13	0.6.4	0.6.4	2.2.3	rustc 1.93.0 (254b59607 2026-01-19)	Apple M2	Darwin 25.5.0 Darwin Kernel Version 25.5.0: Tue Jun  9 22:27:52 PDT 2026; root:xnu-12377.121.10~1/RELEASE_ARM64_T8112	aarch64	64	ta-core=default(f64,std); ta-benchmarks=catalogue-matrix	d09e20c4bfc0b0719a9458d05859ce4dd17f3d22	true
fast-ta	Pattern Recognition	CDLDOJI: Doji	CDLDOJI	caller-owned Batch Computation	candle_settings=TA-Lib defaults	65536	integer	1	123291.66666666666	122871.3950617284	123558.38271604938	531552551.5376817	50	0	0	0	10	65526	fnv1a64:b84f1c58fca059ac	verified		measured		comparable	primary caller-owned Rust/C kernel	2019	81	IndicatorConfig::compute_into; caller output allocation excluded	catalogue_fixture_v1:f64le	fnv1a64:a4171d0a7611733a	0.6.4	43f9d5042ecc4bd367941846494ad907bf20ea50	3.12.13	0.6.4	0.6.4	2.2.3	rustc 1.93.0 (254b59607 2026-01-19)	Apple M2	Darwin 25.5.0 Darwin Kernel Version 25.5.0: Tue Jun  9 22:27:52 PDT 2026; root:xnu-12377.121.10~1/RELEASE_ARM64_T8112	aarch64	64	ta-core=default(f64,std); ta-benchmarks=catalogue-matrix	d09e20c4bfc0b0719a9458d05859ce4dd17f3d22	true
fast-ta	Pattern Recognition	CDLDOJI: Doji	CDLDOJI	Prepared Batch Runner	candle_settings=TA-Lib defaults	65536	integer	1	123417.96875	122842.1875	123642.7125	531008577.30653584	50	0	0	0	10	65526	fnv1a64:b84f1c58fca059ac	verified		measured		unavailable	separate Rust execution cost; not aggregated with the direct C kernel	2029	80	PreparedBatchRunner::compute_into; preparation and caller output allocation excluded	catalogue_fixture_v1:f64le	fnv1a64:a4171d0a7611733a	0.6.4	43f9d5042ecc4bd367941846494ad907bf20ea50	3.12.13	0.6.4	0.6.4	2.2.3	rustc 1.93.0 (254b59607 2026-01-19)	Apple M2	Darwin 25.5.0 Darwin Kernel Version 25.5.0: Tue Jun  9 22:27:52 PDT 2026; root:xnu-12377.121.10~1/RELEASE_ARM64_T8112	aarch64	64	ta-core=default(f64,std); ta-benchmarks=catalogue-matrix	d09e20c4bfc0b0719a9458d05859ce4dd17f3d22	true
fast-ta	Pattern Recognition	CDLDOJI: Doji	CDLDOJI	Streaming Computation	candle_settings=TA-Lib defaults	65536	integer	1	660236.1	658880.5333333333	663194.4333333333	99261461.16518016	50	1	0	1	10	65526	fnv1a64:b84f1c58fca059ac	verified		measured		unavailable	separate Rust execution cost; not aggregated with the direct C kernel	377	15	StreamingComputation::reset plus one next call per observation; stream and output allocation excluded	catalogue_fixture_v1:f64le	fnv1a64:a4171d0a7611733a	0.6.4	43f9d5042ecc4bd367941846494ad907bf20ea50	3.12.13	0.6.4	0.6.4	2.2.3	rustc 1.93.0 (254b59607 2026-01-19)	Apple M2	Darwin 25.5.0 Darwin Kernel Version 25.5.0: Tue Jun  9 22:27:52 PDT 2026; root:xnu-12377.121.10~1/RELEASE_ARM64_T8112	aarch64	64	ta-core=default(f64,std); ta-benchmarks=catalogue-matrix	d09e20c4bfc0b0719a9458d05859ce4dd17f3d22	true
TA-Lib C	Pattern Recognition	CDLDOJI: Doji	CDLDOJI	direct C caller-owned	candle_settings=TA-Lib defaults	65536	integer	1	87868.3577586207	87632.36206896552	88102.90948275862	745843005.0557115	50	0	0	0	10	65526	fnv1a64:b84f1c58fca059ac	verified		measured		comparable	primary caller-owned Rust/C kernel	2834	116	direct TA_CDLDOJI call; caller output allocation excluded	catalogue_fixture_v1:f64le	fnv1a64:a4171d0a7611733a	0.6.4	43f9d5042ecc4bd367941846494ad907bf20ea50	3.12.13	0.6.4	0.6.4	2.2.3	rustc 1.93.0 (254b59607 2026-01-19)	Apple M2	Darwin 25.5.0 Darwin Kernel Version 25.5.0: Tue Jun  9 22:27:52 PDT 2026; root:xnu-12377.121.10~1/RELEASE_ARM64_T8112	aarch64	64	ta-core=default(f64,std); ta-benchmarks=catalogue-matrix	d09e20c4bfc0b0719a9458d05859ce4dd17f3d22	true
TA-Lib Python	Pattern Recognition	CDLDOJI: Doji	CDLDOJI	official Python NumPy API	candle_settings=TA-Lib defaults	65536	integer	1	88480.245753529	88318.965371682	88810.706450925	740685103.6846958	50	0	0	0	10	65526	fnv1a64:b84f1c58fca059ac	verified		measured		unavailable	user-facing Python API cost; not aggregated with caller-owned kernels	2800	116	direct talib.CDLDOJI NumPy API expression including API-owned output; fixture loading excluded	catalogue_fixture_v1:f64le	fnv1a64:a4171d0a7611733a	0.6.4	43f9d5042ecc4bd367941846494ad907bf20ea50	3.12.13	0.6.4	0.6.4	2.2.3	rustc 1.93.0 (254b59607 2026-01-19)	Apple M2	Darwin 25.5.0 Darwin Kernel Version 25.5.0: Tue Jun  9 22:27:52 PDT 2026; root:xnu-12377.121.10~1/RELEASE_ARM64_T8112	aarch64	64	ta-core=default(f64,std); ta-benchmarks=catalogue-matrix	d09e20c4bfc0b0719a9458d05859ce4dd17f3d22	true
fast-ta	Pattern Recognition	CDLENGULFING: Engulfing Pattern	CDLENGULFING	Owned Compact Output	candle_settings=TA-Lib defaults	65536	integer	1	145228.28873239437	144498.5352112676	145769.95070422534	451261944.70803297	50	8	0	8	2	65534	fnv1a64:cea047aad4b8716c	verified		measured		unavailable	separate Rust execution cost; not aggregated with the direct C kernel	1711	71	IndicatorConfig::compute; API-owned Compact Output allocation included	catalogue_fixture_v1:f64le	fnv1a64:a4171d0a7611733a	0.6.4	43f9d5042ecc4bd367941846494ad907bf20ea50	3.12.13	0.6.4	0.6.4	2.2.3	rustc 1.93.0 (254b59607 2026-01-19)	Apple M2	Darwin 25.5.0 Darwin Kernel Version 25.5.0: Tue Jun  9 22:27:52 PDT 2026; root:xnu-12377.121.10~1/RELEASE_ARM64_T8112	aarch64	64	ta-core=default(f64,std); ta-benchmarks=catalogue-matrix	d09e20c4bfc0b0719a9458d05859ce4dd17f3d22	true
fast-ta	Pattern Recognition	CDLENGULFING: Engulfing Pattern	CDLENGULFING	caller-owned Batch Computation	candle_settings=TA-Lib defaults	65536	integer	1	134503.61333333334	134331.39333333334	134800.55333333334	487243415.8150497	50	1	0	1	2	65534	fnv1a64:cea047aad4b8716c	verified		measured		comparable	primary caller-owned Rust/C kernel	1858	75	IndicatorConfig::compute_into; caller output allocation excluded	catalogue_fixture_v1:f64le	fnv1a64:a4171d0a7611733a	0.6.4	43f9d5042ecc4bd367941846494ad907bf20ea50	3.12.13	0.6.4	0.6.4	2.2.3	rustc 1.93.0 (254b59607 2026-01-19)	Apple M2	Darwin 25.5.0 Darwin Kernel Version 25.5.0: Tue Jun  9 22:27:52 PDT 2026; root:xnu-12377.121.10~1/RELEASE_ARM64_T8112	aarch64	64	ta-core=default(f64,std); ta-benchmarks=catalogue-matrix	d09e20c4bfc0b0719a9458d05859ce4dd17f3d22	true
fast-ta	Pattern Recognition	CDLENGULFING: Engulfing Pattern	CDLENGULFING	Prepared Batch Runner	candle_settings=TA-Lib defaults	65536	integer	1	135045.6081081081	134664.97297297296	135486.20270270272	485287903.2358938	50	0	0	0	2	65534	fnv1a64:cea047aad4b8716c	verified		measured		unavailable	separate Rust execution cost; not aggregated with the direct C kernel	1849	74	PreparedBatchRunner::compute_into; preparation and caller output allocation excluded	catalogue_fixture_v1:f64le	fnv1a64:a4171d0a7611733a	0.6.4	43f9d5042ecc4bd367941846494ad907bf20ea50	3.12.13	0.6.4	0.6.4	2.2.3	rustc 1.93.0 (254b59607 2026-01-19)	Apple M2	Darwin 25.5.0 Darwin Kernel Version 25.5.0: Tue Jun  9 22:27:52 PDT 2026; root:xnu-12377.121.10~1/RELEASE_ARM64_T8112	aarch64	64	ta-core=default(f64,std); ta-benchmarks=catalogue-matrix	d09e20c4bfc0b0719a9458d05859ce4dd17f3d22	true
fast-ta	Pattern Recognition	CDLENGULFING: Engulfing Pattern	CDLENGULFING	Streaming Computation	candle_settings=TA-Lib defaults	65536	integer	1	703615.2666666666	699461.0666666667	710966.6666666666	93141810.73766735	50	0	0	0	2	65534	fnv1a64:cea047aad4b8716c	verified		measured		unavailable	separate Rust execution cost; not aggregated with the direct C kernel	355	15	StreamingComputation::reset plus one next call per observation; stream and output allocation excluded	catalogue_fixture_v1:f64le	fnv1a64:a4171d0a7611733a	0.6.4	43f9d5042ecc4bd367941846494ad907bf20ea50	3.12.13	0.6.4	0.6.4	2.2.3	rustc 1.93.0 (254b59607 2026-01-19)	Apple M2	Darwin 25.5.0 Darwin Kernel Version 25.5.0: Tue Jun  9 22:27:52 PDT 2026; root:xnu-12377.121.10~1/RELEASE_ARM64_T8112	aarch64	64	ta-core=default(f64,std); ta-benchmarks=catalogue-matrix	d09e20c4bfc0b0719a9458d05859ce4dd17f3d22	true
TA-Lib C	Pattern Recognition	CDLENGULFING: Engulfing Pattern	CDLENGULFING	direct C caller-owned	candle_settings=TA-Lib defaults	65536	integer	1	63182.42628205128	63051.282051282054	63394.493589743586	1037250448.5257052	50	3	0	3	2	65534	fnv1a64:cea047aad4b8716c	verified		measured		comparable	primary caller-owned Rust/C kernel	3952	156	direct TA_CDLENGULFING call; caller output allocation excluded	catalogue_fixture_v1:f64le	fnv1a64:a4171d0a7611733a	0.6.4	43f9d5042ecc4bd367941846494ad907bf20ea50	3.12.13	0.6.4	0.6.4	2.2.3	rustc 1.93.0 (254b59607 2026-01-19)	Apple M2	Darwin 25.5.0 Darwin Kernel Version 25.5.0: Tue Jun  9 22:27:52 PDT 2026; root:xnu-12377.121.10~1/RELEASE_ARM64_T8112	aarch64	64	ta-core=default(f64,std); ta-benchmarks=catalogue-matrix	d09e20c4bfc0b0719a9458d05859ce4dd17f3d22	true
TA-Lib Python	Pattern Recognition	CDLENGULFING: Engulfing Pattern	CDLENGULFING	official Python NumPy API	candle_settings=TA-Lib defaults	65536	integer	1	63343.4905466855	63286.200020229	63448.175023949996	1034613019.1814828	50	3	1	2	2	65534	fnv1a64:cea047aad4b8716c	verified		measured		unavailable	user-facing Python API cost; not aggregated with caller-owned kernels	3959	160	direct talib.CDLENGULFING NumPy API expression including API-owned output; fixture loading excluded	catalogue_fixture_v1:f64le	fnv1a64:a4171d0a7611733a	0.6.4	43f9d5042ecc4bd367941846494ad907bf20ea50	3.12.13	0.6.4	0.6.4	2.2.3	rustc 1.93.0 (254b59607 2026-01-19)	Apple M2	Darwin 25.5.0 Darwin Kernel Version 25.5.0: Tue Jun  9 22:27:52 PDT 2026; root:xnu-12377.121.10~1/RELEASE_ARM64_T8112	aarch64	64	ta-core=default(f64,std); ta-benchmarks=catalogue-matrix	d09e20c4bfc0b0719a9458d05859ce4dd17f3d22	true
fast-ta	Pattern Recognition	CDL3WHITESOLDIERS: Three Advancing White Soldiers	CDL3WHITESOLDIERS	Owned Compact Output	candle_settings=TA-Lib defaults	65536	integer	1	2527359.375	2522142.015625	2533354.125	25930621.758134417	50	2	0	2	12	65524	fnv1a64:cb1bba177bb14aa8	verified		measured		unavailable	separate Rust execution cost; not aggregated with the direct C kernel	99	4	IndicatorConfig::compute; API-owned Compact Output allocation included	catalogue_fixture_v1:f64le	fnv1a64:a4171d0a7611733a	0.6.4	43f9d5042ecc4bd367941846494ad907bf20ea50	3.12.13	0.6.4	0.6.4	2.2.3	rustc 1.93.0 (254b59607 2026-01-19)	Apple M2	Darwin 25.5.0 Darwin Kernel Version 25.5.0: Tue Jun  9 22:27:52 PDT 2026; root:xnu-12377.121.10~1/RELEASE_ARM64_T8112	aarch64	64	ta-core=default(f64,std); ta-benchmarks=catalogue-matrix	d09e20c4bfc0b0719a9458d05859ce4dd17f3d22	true
fast-ta	Pattern Recognition	CDL3WHITESOLDIERS: Three Advancing White Soldiers	CDL3WHITESOLDIERS	caller-owned Batch Computation	candle_settings=TA-Lib defaults	65536	integer	1	2497812.5	2491666.6	2507208.4	26237357.68797698	50	1	0	1	12	65524	fnv1a64:cb1bba177bb14aa8	verified		measured		comparable	primary caller-owned Rust/C kernel	100	5	IndicatorConfig::compute_into; caller output allocation excluded	catalogue_fixture_v1:f64le	fnv1a64:a4171d0a7611733a	0.6.4	43f9d5042ecc4bd367941846494ad907bf20ea50	3.12.13	0.6.4	0.6.4	2.2.3	rustc 1.93.0 (254b59607 2026-01-19)	Apple M2	Darwin 25.5.0 Darwin Kernel Version 25.5.0: Tue Jun  9 22:27:52 PDT 2026; root:xnu-12377.121.10~1/RELEASE_ARM64_T8112	aarch64	64	ta-core=default(f64,std); ta-benchmarks=catalogue-matrix	d09e20c4bfc0b0719a9458d05859ce4dd17f3d22	true
fast-ta	Pattern Recognition	CDL3WHITESOLDIERS: Three Advancing White Soldiers	CDL3WHITESOLDIERS	Prepared Batch Runner	candle_settings=TA-Lib defaults	65536	integer	1	1419971.375	1418554.625	1425932.25	46153043.04989951	50	1	0	1	12	65524	fnv1a64:cb1bba177bb14aa8	verified		measured		unavailable	separate Rust execution cost; not aggregated with the direct C kernel	176	8	PreparedBatchRunner::compute_into; preparation and caller output allocation excluded	catalogue_fixture_v1:f64le	fnv1a64:a4171d0a7611733a	0.6.4	43f9d5042ecc4bd367941846494ad907bf20ea50	3.12.13	0.6.4	0.6.4	2.2.3	rustc 1.93.0 (254b59607 2026-01-19)	Apple M2	Darwin 25.5.0 Darwin Kernel Version 25.5.0: Tue Jun  9 22:27:52 PDT 2026; root:xnu-12377.121.10~1/RELEASE_ARM64_T8112	aarch64	64	ta-core=default(f64,std); ta-benchmarks=catalogue-matrix	d09e20c4bfc0b0719a9458d05859ce4dd17f3d22	true
fast-ta	Pattern Recognition	CDL3WHITESOLDIERS: Three Advancing White Soldiers	CDL3WHITESOLDIERS	Streaming Computation	candle_settings=TA-Lib defaults	65536	integer	1	1567366.0714285714	1563774.4035714285	1573029.714285714	41812822.922897264	50	0	0	0	12	65524	fnv1a64:cb1bba177bb14aa8	verified		measured		unavailable	separate Rust execution cost; not aggregated with the direct C kernel	160	7	StreamingComputation::reset plus one next call per observation; stream and output allocation excluded	catalogue_fixture_v1:f64le	fnv1a64:a4171d0a7611733a	0.6.4	43f9d5042ecc4bd367941846494ad907bf20ea50	3.12.13	0.6.4	0.6.4	2.2.3	rustc 1.93.0 (254b59607 2026-01-19)	Apple M2	Darwin 25.5.0 Darwin Kernel Version 25.5.0: Tue Jun  9 22:27:52 PDT 2026; root:xnu-12377.121.10~1/RELEASE_ARM64_T8112	aarch64	64	ta-core=default(f64,std); ta-benchmarks=catalogue-matrix	d09e20c4bfc0b0719a9458d05859ce4dd17f3d22	true
TA-Lib C	Pattern Recognition	CDL3WHITESOLDIERS: Three Advancing White Soldiers	CDL3WHITESOLDIERS	direct C caller-owned	candle_settings=TA-Lib defaults	65536	integer	1	322032.91935483867	321247.32258064515	323284.93548387097	203507144.9567794	50	0	0	0	12	65524	fnv1a64:cb1bba177bb14aa8	verified		measured		comparable	primary caller-owned Rust/C kernel	769	31	direct TA_CDL3WHITESOLDIERS call; caller output allocation excluded	catalogue_fixture_v1:f64le	fnv1a64:a4171d0a7611733a	0.6.4	43f9d5042ecc4bd367941846494ad907bf20ea50	3.12.13	0.6.4	0.6.4	2.2.3	rustc 1.93.0 (254b59607 2026-01-19)	Apple M2	Darwin 25.5.0 Darwin Kernel Version 25.5.0: Tue Jun  9 22:27:52 PDT 2026; root:xnu-12377.121.10~1/RELEASE_ARM64_T8112	aarch64	64	ta-core=default(f64,std); ta-benchmarks=catalogue-matrix	d09e20c4bfc0b0719a9458d05859ce4dd17f3d22	true
TA-Lib Python	Pattern Recognition	CDL3WHITESOLDIERS: Three Advancing White Soldiers	CDL3WHITESOLDIERS	official Python NumPy API	candle_settings=TA-Lib defaults	65536	integer	1	322929.68808178545	322174.45314017823	323845.0626668055	202942010.03718895	50	2	0	2	12	65524	fnv1a64:cb1bba177bb14aa8	verified		measured		unavailable	user-facing Python API cost; not aggregated with caller-owned kernels	770	32	direct talib.CDL3WHITESOLDIERS NumPy API expression including API-owned output; fixture loading excluded	catalogue_fixture_v1:f64le	fnv1a64:a4171d0a7611733a	0.6.4	43f9d5042ecc4bd367941846494ad907bf20ea50	3.12.13	0.6.4	0.6.4	2.2.3	rustc 1.93.0 (254b59607 2026-01-19)	Apple M2	Darwin 25.5.0 Darwin Kernel Version 25.5.0: Tue Jun  9 22:27:52 PDT 2026; root:xnu-12377.121.10~1/RELEASE_ARM64_T8112	aarch64	64	ta-core=default(f64,std); ta-benchmarks=catalogue-matrix	d09e20c4bfc0b0719a9458d05859ce4dd17f3d22	true
fast-ta	Statistic Functions	LINEARREG: Linear Regression endpoint	LINEARREG	Owned Compact Output	timeperiod=14	65536	float	1	371023.8035714286	370528.25	371901.78571428574	176635567.23088568	50	0	0	0	13	65523	fnv1a64:6e3590c0494b4248	verified		measured		unavailable	separate Rust execution cost; not aggregated with the direct C kernel	673	28	IndicatorConfig::compute; API-owned Compact Output allocation included	catalogue_fixture_v1:f64le	fnv1a64:a4171d0a7611733a	0.6.4	43f9d5042ecc4bd367941846494ad907bf20ea50	3.12.13	0.6.4	0.6.4	2.2.3	rustc 1.93.0 (254b59607 2026-01-19)	Apple M2	Darwin 25.5.0 Darwin Kernel Version 25.5.0: Tue Jun  9 22:27:52 PDT 2026; root:xnu-12377.121.10~1/RELEASE_ARM64_T8112	aarch64	64	ta-core=default(f64,std); ta-benchmarks=catalogue-matrix	d09e20c4bfc0b0719a9458d05859ce4dd17f3d22	true
fast-ta	Statistic Functions	LINEARREG: Linear Regression endpoint	LINEARREG	caller-owned Batch Computation	timeperiod=14	65536	float	1	362883.1964285714	362058.03571428574	363697.9107142857	180598056.46828803	50	0	0	0	13	65523	fnv1a64:6e3590c0494b4248	verified		measured		comparable	primary caller-owned Rust/C kernel	687	28	IndicatorConfig::compute_into; caller output allocation excluded	catalogue_fixture_v1:f64le	fnv1a64:a4171d0a7611733a	0.6.4	43f9d5042ecc4bd367941846494ad907bf20ea50	3.12.13	0.6.4	0.6.4	2.2.3	rustc 1.93.0 (254b59607 2026-01-19)	Apple M2	Darwin 25.5.0 Darwin Kernel Version 25.5.0: Tue Jun  9 22:27:52 PDT 2026; root:xnu-12377.121.10~1/RELEASE_ARM64_T8112	aarch64	64	ta-core=default(f64,std); ta-benchmarks=catalogue-matrix	d09e20c4bfc0b0719a9458d05859ce4dd17f3d22	true
fast-ta	Statistic Functions	LINEARREG: Linear Regression endpoint	LINEARREG	Prepared Batch Runner	timeperiod=14	65536	float	1	367525.3035714286	366788.71428571426	367899.5714285714	178316973.99649402	50	2	0	2	13	65523	fnv1a64:6e3590c0494b4248	verified		measured		unavailable	separate Rust execution cost; not aggregated with the direct C kernel	678	28	PreparedBatchRunner::compute_into; preparation and caller output allocation excluded	catalogue_fixture_v1:f64le	fnv1a64:a4171d0a7611733a	0.6.4	43f9d5042ecc4bd367941846494ad907bf20ea50	3.12.13	0.6.4	0.6.4	2.2.3	rustc 1.93.0 (254b59607 2026-01-19)	Apple M2	Darwin 25.5.0 Darwin Kernel Version 25.5.0: Tue Jun  9 22:27:52 PDT 2026; root:xnu-12377.121.10~1/RELEASE_ARM64_T8112	aarch64	64	ta-core=default(f64,std); ta-benchmarks=catalogue-matrix	d09e20c4bfc0b0719a9458d05859ce4dd17f3d22	true
fast-ta	Statistic Functions	LINEARREG: Linear Regression endpoint	LINEARREG	Streaming Computation	timeperiod=14	65536	float	1	363898.0535714285	363337.8035714285	364982.14285714284	180094395.55063772	50	1	0	1	13	65523	fnv1a64:6e3590c0494b4248	verified		measured		unavailable	separate Rust execution cost; not aggregated with the direct C kernel	686	28	StreamingComputation::reset plus one next call per observation; stream and output allocation excluded	catalogue_fixture_v1:f64le	fnv1a64:a4171d0a7611733a	0.6.4	43f9d5042ecc4bd367941846494ad907bf20ea50	3.12.13	0.6.4	0.6.4	2.2.3	rustc 1.93.0 (254b59607 2026-01-19)	Apple M2	Darwin 25.5.0 Darwin Kernel Version 25.5.0: Tue Jun  9 22:27:52 PDT 2026; root:xnu-12377.121.10~1/RELEASE_ARM64_T8112	aarch64	64	ta-core=default(f64,std); ta-benchmarks=catalogue-matrix	d09e20c4bfc0b0719a9458d05859ce4dd17f3d22	true
TA-Lib C	Statistic Functions	LINEARREG: Linear Regression endpoint	LINEARREG	direct C caller-owned	timeperiod=14	65536	float	1	391915.82	390003.36	393571.66000000003	167219583.02168053	50	1	0	1	13	65523	fnv1a64:a5ae9e210bf80e82	verified		measured		comparable	primary caller-owned Rust/C kernel	640	25	direct TA_LINEARREG call; caller output allocation excluded	catalogue_fixture_v1:f64le	fnv1a64:a4171d0a7611733a	0.6.4	43f9d5042ecc4bd367941846494ad907bf20ea50	3.12.13	0.6.4	0.6.4	2.2.3	rustc 1.93.0 (254b59607 2026-01-19)	Apple M2	Darwin 25.5.0 Darwin Kernel Version 25.5.0: Tue Jun  9 22:27:52 PDT 2026; root:xnu-12377.121.10~1/RELEASE_ARM64_T8112	aarch64	64	ta-core=default(f64,std); ta-benchmarks=catalogue-matrix	d09e20c4bfc0b0719a9458d05859ce4dd17f3d22	true
TA-Lib Python	Statistic Functions	LINEARREG: Linear Regression endpoint	LINEARREG	official Python NumPy API	timeperiod=14	65536	float	1	390401.44250835653	389511.231333017	391270.846683675	167868232.19434494	50	0	0	0	13	65523	fnv1a64:a5ae9e210bf80e82	verified		measured		unavailable	user-facing Python API cost; not aggregated with caller-owned kernels	640	26	direct talib.LINEARREG NumPy API expression including API-owned output; fixture loading excluded	catalogue_fixture_v1:f64le	fnv1a64:a4171d0a7611733a	0.6.4	43f9d5042ecc4bd367941846494ad907bf20ea50	3.12.13	0.6.4	0.6.4	2.2.3	rustc 1.93.0 (254b59607 2026-01-19)	Apple M2	Darwin 25.5.0 Darwin Kernel Version 25.5.0: Tue Jun  9 22:27:52 PDT 2026; root:xnu-12377.121.10~1/RELEASE_ARM64_T8112	aarch64	64	ta-core=default(f64,std); ta-benchmarks=catalogue-matrix	d09e20c4bfc0b0719a9458d05859ce4dd17f3d22	true
fast-ta	Price Transform	TYPPRICE: Typical Price	TYPPRICE	Owned Compact Output	none	65536	float	1	50409.187179487184	50346.29903846154	50507.26666666667	1300080474.748625	50	2	0	2	0	65536	fnv1a64:4353ac99036ca1fd	verified		measured		unavailable	separate Rust execution cost; not aggregated with the direct C kernel	4949	195	IndicatorConfig::compute; API-owned Compact Output allocation included	catalogue_fixture_v1:f64le	fnv1a64:a4171d0a7611733a	0.6.4	43f9d5042ecc4bd367941846494ad907bf20ea50	3.12.13	0.6.4	0.6.4	2.2.3	rustc 1.93.0 (254b59607 2026-01-19)	Apple M2	Darwin 25.5.0 Darwin Kernel Version 25.5.0: Tue Jun  9 22:27:52 PDT 2026; root:xnu-12377.121.10~1/RELEASE_ARM64_T8112	aarch64	64	ta-core=default(f64,std); ta-benchmarks=catalogue-matrix	d09e20c4bfc0b0719a9458d05859ce4dd17f3d22	true
fast-ta	Price Transform	TYPPRICE: Typical Price	TYPPRICE	caller-owned Batch Computation	none	65536	float	1	46344.32339449541	46251.14678899082	46385.321100917434	1414110622.3979115	50	2	2	0	0	65536	fnv1a64:4353ac99036ca1fd	verified		measured		comparable	primary caller-owned Rust/C kernel	5386	218	IndicatorConfig::compute_into; caller output allocation excluded	catalogue_fixture_v1:f64le	fnv1a64:a4171d0a7611733a	0.6.4	43f9d5042ecc4bd367941846494ad907bf20ea50	3.12.13	0.6.4	0.6.4	2.2.3	rustc 1.93.0 (254b59607 2026-01-19)	Apple M2	Darwin 25.5.0 Darwin Kernel Version 25.5.0: Tue Jun  9 22:27:52 PDT 2026; root:xnu-12377.121.10~1/RELEASE_ARM64_T8112	aarch64	64	ta-core=default(f64,std); ta-benchmarks=catalogue-matrix	d09e20c4bfc0b0719a9458d05859ce4dd17f3d22	true
fast-ta	Price Transform	TYPPRICE: Typical Price	TYPPRICE	Prepared Batch Runner	none	65536	float	1	43984.14380530974	43894.45132743363	44148.41371681416	1489991490.7992034	50	3	0	3	0	65536	fnv1a64:4353ac99036ca1fd	verified		measured		unavailable	separate Rust execution cost; not aggregated with the direct C kernel	5632	226	PreparedBatchRunner::compute_into; preparation and caller output allocation excluded	catalogue_fixture_v1:f64le	fnv1a64:a4171d0a7611733a	0.6.4	43f9d5042ecc4bd367941846494ad907bf20ea50	3.12.13	0.6.4	0.6.4	2.2.3	rustc 1.93.0 (254b59607 2026-01-19)	Apple M2	Darwin 25.5.0 Darwin Kernel Version 25.5.0: Tue Jun  9 22:27:52 PDT 2026; root:xnu-12377.121.10~1/RELEASE_ARM64_T8112	aarch64	64	ta-core=default(f64,std); ta-benchmarks=catalogue-matrix	d09e20c4bfc0b0719a9458d05859ce4dd17f3d22	true
fast-ta	Price Transform	TYPPRICE: Typical Price	TYPPRICE	Streaming Computation	none	65536	float	1	496674.61904761905	495350.1904761905	498000.9761904762	131949565.14119093	50	0	0	0	0	65536	fnv1a64:4353ac99036ca1fd	verified		measured		unavailable	separate Rust execution cost; not aggregated with the direct C kernel	503	21	StreamingComputation::reset plus one next call per observation; stream and output allocation excluded	catalogue_fixture_v1:f64le	fnv1a64:a4171d0a7611733a	0.6.4	43f9d5042ecc4bd367941846494ad907bf20ea50	3.12.13	0.6.4	0.6.4	2.2.3	rustc 1.93.0 (254b59607 2026-01-19)	Apple M2	Darwin 25.5.0 Darwin Kernel Version 25.5.0: Tue Jun  9 22:27:52 PDT 2026; root:xnu-12377.121.10~1/RELEASE_ARM64_T8112	aarch64	64	ta-core=default(f64,std); ta-benchmarks=catalogue-matrix	d09e20c4bfc0b0719a9458d05859ce4dd17f3d22	true
TA-Lib C	Price Transform	TYPPRICE: Typical Price	TYPPRICE	direct C caller-owned	none	65536	float	1	20658.623762376235	20587.252475247526	20704.20792079208	3172331359.233864	50	1	0	1	0	65536	fnv1a64:4353ac99036ca1fd	verified		measured		comparable	primary caller-owned Rust/C kernel	12565	404	direct TA_TYPPRICE call; caller output allocation excluded	catalogue_fixture_v1:f64le	fnv1a64:a4171d0a7611733a	0.6.4	43f9d5042ecc4bd367941846494ad907bf20ea50	3.12.13	0.6.4	0.6.4	2.2.3	rustc 1.93.0 (254b59607 2026-01-19)	Apple M2	Darwin 25.5.0 Darwin Kernel Version 25.5.0: Tue Jun  9 22:27:52 PDT 2026; root:xnu-12377.121.10~1/RELEASE_ARM64_T8112	aarch64	64	ta-core=default(f64,std); ta-benchmarks=catalogue-matrix	d09e20c4bfc0b0719a9458d05859ce4dd17f3d22	true
TA-Lib Python	Price Transform	TYPPRICE: Typical Price	TYPPRICE	official Python NumPy API	none	65536	float	1	20791.2706377195	20752.02544525	20842.494671459	3152092103.55353	50	0	0	0	0	65536	fnv1a64:4353ac99036ca1fd	verified		measured		unavailable	user-facing Python API cost; not aggregated with caller-owned kernels	11749	473	direct talib.TYPPRICE NumPy API expression including API-owned output; fixture loading excluded	catalogue_fixture_v1:f64le	fnv1a64:a4171d0a7611733a	0.6.4	43f9d5042ecc4bd367941846494ad907bf20ea50	3.12.13	0.6.4	0.6.4	2.2.3	rustc 1.93.0 (254b59607 2026-01-19)	Apple M2	Darwin 25.5.0 Darwin Kernel Version 25.5.0: Tue Jun  9 22:27:52 PDT 2026; root:xnu-12377.121.10~1/RELEASE_ARM64_T8112	aarch64	64	ta-core=default(f64,std); ta-benchmarks=catalogue-matrix	d09e20c4bfc0b0719a9458d05859ce4dd17f3d22	true
fast-ta	Volume Indicators	OBV: On Balance Volume	OBV	Owned Compact Output	none	65536	float	1	79581.21875	79447.921875	79763.34375	823510886.4803606	50	0	0	0	0	65536	fnv1a64:e593c37485616ce2	verified		measured		unavailable	separate Rust execution cost; not aggregated with the direct C kernel	3144	128	IndicatorConfig::compute; API-owned Compact Output allocation included	catalogue_fixture_v1:f64le	fnv1a64:a4171d0a7611733a	0.6.4	43f9d5042ecc4bd367941846494ad907bf20ea50	3.12.13	0.6.4	0.6.4	2.2.3	rustc 1.93.0 (254b59607 2026-01-19)	Apple M2	Darwin 25.5.0 Darwin Kernel Version 25.5.0: Tue Jun  9 22:27:52 PDT 2026; root:xnu-12377.121.10~1/RELEASE_ARM64_T8112	aarch64	64	ta-core=default(f64,std); ta-benchmarks=catalogue-matrix	d09e20c4bfc0b0719a9458d05859ce4dd17f3d22	true
fast-ta	Volume Indicators	OBV: On Balance Volume	OBV	caller-owned Batch Computation	none	65536	float	1	75502.33208955223	75372.20149253731	75758.70895522388	867999678.7684478	50	1	0	1	0	65536	fnv1a64:e593c37485616ce2	verified		measured		comparable	primary caller-owned Rust/C kernel	3307	134	IndicatorConfig::compute_into; caller output allocation excluded	catalogue_fixture_v1:f64le	fnv1a64:a4171d0a7611733a	0.6.4	43f9d5042ecc4bd367941846494ad907bf20ea50	3.12.13	0.6.4	0.6.4	2.2.3	rustc 1.93.0 (254b59607 2026-01-19)	Apple M2	Darwin 25.5.0 Darwin Kernel Version 25.5.0: Tue Jun  9 22:27:52 PDT 2026; root:xnu-12377.121.10~1/RELEASE_ARM64_T8112	aarch64	64	ta-core=default(f64,std); ta-benchmarks=catalogue-matrix	d09e20c4bfc0b0719a9458d05859ce4dd17f3d22	true
fast-ta	Volume Indicators	OBV: On Balance Volume	OBV	Prepared Batch Runner	none	65536	float	1	75457.53076923077	75144.71538461538	75820.67307692308	868515035.3041176	50	0	0	0	0	65536	fnv1a64:e593c37485616ce2	verified		measured		unavailable	separate Rust execution cost; not aggregated with the direct C kernel	3309	130	PreparedBatchRunner::compute_into; preparation and caller output allocation excluded	catalogue_fixture_v1:f64le	fnv1a64:a4171d0a7611733a	0.6.4	43f9d5042ecc4bd367941846494ad907bf20ea50	3.12.13	0.6.4	0.6.4	2.2.3	rustc 1.93.0 (254b59607 2026-01-19)	Apple M2	Darwin 25.5.0 Darwin Kernel Version 25.5.0: Tue Jun  9 22:27:52 PDT 2026; root:xnu-12377.121.10~1/RELEASE_ARM64_T8112	aarch64	64	ta-core=default(f64,std); ta-benchmarks=catalogue-matrix	d09e20c4bfc0b0719a9458d05859ce4dd17f3d22	true
fast-ta	Volume Indicators	OBV: On Balance Volume	OBV	Streaming Computation	none	65536	float	1	408987.5	407501.64	409886.68	160239616.1251872	50	0	0	0	0	65536	fnv1a64:e593c37485616ce2	verified		measured		unavailable	separate Rust execution cost; not aggregated with the direct C kernel	611	25	StreamingComputation::reset plus one next call per observation; stream and output allocation excluded	catalogue_fixture_v1:f64le	fnv1a64:a4171d0a7611733a	0.6.4	43f9d5042ecc4bd367941846494ad907bf20ea50	3.12.13	0.6.4	0.6.4	2.2.3	rustc 1.93.0 (254b59607 2026-01-19)	Apple M2	Darwin 25.5.0 Darwin Kernel Version 25.5.0: Tue Jun  9 22:27:52 PDT 2026; root:xnu-12377.121.10~1/RELEASE_ARM64_T8112	aarch64	64	ta-core=default(f64,std); ta-benchmarks=catalogue-matrix	d09e20c4bfc0b0719a9458d05859ce4dd17f3d22	true
TA-Lib C	Volume Indicators	OBV: On Balance Volume	OBV	direct C caller-owned	none	65536	float	1	58443.04733727811	58376.47928994083	58562.45584319527	1121365209.1375055	50	0	0	0	0	65536	fnv1a64:e593c37485616ce2	verified		measured		comparable	primary caller-owned Rust/C kernel	4271	169	direct TA_OBV call; caller output allocation excluded	catalogue_fixture_v1:f64le	fnv1a64:a4171d0a7611733a	0.6.4	43f9d5042ecc4bd367941846494ad907bf20ea50	3.12.13	0.6.4	0.6.4	2.2.3	rustc 1.93.0 (254b59607 2026-01-19)	Apple M2	Darwin 25.5.0 Darwin Kernel Version 25.5.0: Tue Jun  9 22:27:52 PDT 2026; root:xnu-12377.121.10~1/RELEASE_ARM64_T8112	aarch64	64	ta-core=default(f64,std); ta-benchmarks=catalogue-matrix	d09e20c4bfc0b0719a9458d05859ce4dd17f3d22	true
TA-Lib Python	Volume Indicators	OBV: On Balance Volume	OBV	official Python NumPy API	none	65536	float	1	58704.358491928	58579.239947183	58841.641596653004	1116373667.7066555	50	2	0	2	0	65536	fnv1a64:e593c37485616ce2	verified		measured		unavailable	user-facing Python API cost; not aggregated with caller-owned kernels	4221	173	direct talib.OBV NumPy API expression including API-owned output; fixture loading excluded	catalogue_fixture_v1:f64le	fnv1a64:a4171d0a7611733a	0.6.4	43f9d5042ecc4bd367941846494ad907bf20ea50	3.12.13	0.6.4	0.6.4	2.2.3	rustc 1.93.0 (254b59607 2026-01-19)	Apple M2	Darwin 25.5.0 Darwin Kernel Version 25.5.0: Tue Jun  9 22:27:52 PDT 2026; root:xnu-12377.121.10~1/RELEASE_ARM64_T8112	aarch64	64	ta-core=default(f64,std); ta-benchmarks=catalogue-matrix	d09e20c4bfc0b0719a9458d05859ce4dd17f3d22	true
fast-ta	Math Transform	SIN: Vector Trigonometric Sine	SIN	Owned Compact Output	none	65536	float	1	236823.65116279072	236242.74418604653	237290.6976744186	276729117.5447298	50	1	0	1	0	65536	fnv1a64:30b1808cf18aee44	verified		measured		unavailable	separate Rust execution cost; not aggregated with the direct C kernel	1062	43	IndicatorConfig::compute; API-owned Compact Output allocation included	catalogue_fixture_v1:f64le	fnv1a64:a4171d0a7611733a	0.6.4	43f9d5042ecc4bd367941846494ad907bf20ea50	3.12.13	0.6.4	0.6.4	2.2.3	rustc 1.93.0 (254b59607 2026-01-19)	Apple M2	Darwin 25.5.0 Darwin Kernel Version 25.5.0: Tue Jun  9 22:27:52 PDT 2026; root:xnu-12377.121.10~1/RELEASE_ARM64_T8112	aarch64	64	ta-core=default(f64,std); ta-benchmarks=catalogue-matrix	d09e20c4bfc0b0719a9458d05859ce4dd17f3d22	true
fast-ta	Math Transform	SIN: Vector Trigonometric Sine	SIN	caller-owned Batch Computation	none	65536	float	1	233066.86046511628	232510.6511627907	234547.96511627908	281189697.5366386	50	0	0	0	0	65536	fnv1a64:30b1808cf18aee44	verified		measured		comparable	primary caller-owned Rust/C kernel	1069	43	IndicatorConfig::compute_into; caller output allocation excluded	catalogue_fixture_v1:f64le	fnv1a64:a4171d0a7611733a	0.6.4	43f9d5042ecc4bd367941846494ad907bf20ea50	3.12.13	0.6.4	0.6.4	2.2.3	rustc 1.93.0 (254b59607 2026-01-19)	Apple M2	Darwin 25.5.0 Darwin Kernel Version 25.5.0: Tue Jun  9 22:27:52 PDT 2026; root:xnu-12377.121.10~1/RELEASE_ARM64_T8112	aarch64	64	ta-core=default(f64,std); ta-benchmarks=catalogue-matrix	d09e20c4bfc0b0719a9458d05859ce4dd17f3d22	true
fast-ta	Math Transform	SIN: Vector Trigonometric Sine	SIN	Prepared Batch Runner	none	65536	float	1	233086.17045454547	232262.31818181818	233710.39289772726	281166402.41759986	50	0	0	0	0	65536	fnv1a64:30b1808cf18aee44	verified		measured		unavailable	separate Rust execution cost; not aggregated with the direct C kernel	1071	44	PreparedBatchRunner::compute_into; preparation and caller output allocation excluded	catalogue_fixture_v1:f64le	fnv1a64:a4171d0a7611733a	0.6.4	43f9d5042ecc4bd367941846494ad907bf20ea50	3.12.13	0.6.4	0.6.4	2.2.3	rustc 1.93.0 (254b59607 2026-01-19)	Apple M2	Darwin 25.5.0 Darwin Kernel Version 25.5.0: Tue Jun  9 22:27:52 PDT 2026; root:xnu-12377.121.10~1/RELEASE_ARM64_T8112	aarch64	64	ta-core=default(f64,std); ta-benchmarks=catalogue-matrix	d09e20c4bfc0b0719a9458d05859ce4dd17f3d22	true
fast-ta	Math Transform	SIN: Vector Trigonometric Sine	SIN	Streaming Computation	none	65536	float	1	241162.4875	240284.375	241725	271750389.8694029	50	0	0	0	0	65536	fnv1a64:30b1808cf18aee44	verified		measured		unavailable	separate Rust execution cost; not aggregated with the direct C kernel	1037	40	StreamingComputation::reset plus one next call per observation; stream and output allocation excluded	catalogue_fixture_v1:f64le	fnv1a64:a4171d0a7611733a	0.6.4	43f9d5042ecc4bd367941846494ad907bf20ea50	3.12.13	0.6.4	0.6.4	2.2.3	rustc 1.93.0 (254b59607 2026-01-19)	Apple M2	Darwin 25.5.0 Darwin Kernel Version 25.5.0: Tue Jun  9 22:27:52 PDT 2026; root:xnu-12377.121.10~1/RELEASE_ARM64_T8112	aarch64	64	ta-core=default(f64,std); ta-benchmarks=catalogue-matrix	d09e20c4bfc0b0719a9458d05859ce4dd17f3d22	true
TA-Lib C	Math Transform	SIN: Vector Trigonometric Sine	SIN	direct C caller-owned	none	65536	float	1	224306.6195652174	223754.08695652173	224908.96739130432	292171493.320309	50	0	0	0	0	65536	fnv1a64:30b1808cf18aee44	verified		measured		comparable	primary caller-owned Rust/C kernel	1113	46	direct TA_SIN call; caller output allocation excluded	catalogue_fixture_v1:f64le	fnv1a64:a4171d0a7611733a	0.6.4	43f9d5042ecc4bd367941846494ad907bf20ea50	3.12.13	0.6.4	0.6.4	2.2.3	rustc 1.93.0 (254b59607 2026-01-19)	Apple M2	Darwin 25.5.0 Darwin Kernel Version 25.5.0: Tue Jun  9 22:27:52 PDT 2026; root:xnu-12377.121.10~1/RELEASE_ARM64_T8112	aarch64	64	ta-core=default(f64,std); ta-benchmarks=catalogue-matrix	d09e20c4bfc0b0719a9458d05859ce4dd17f3d22	true
TA-Lib Python	Math Transform	SIN: Vector Trigonometric Sine	SIN	official Python NumPy API	none	65536	float	1	225702.7889653625	224865.277737586	226470.8332303495	290364156.7763591	50	2	0	2	0	65536	fnv1a64:30b1808cf18aee44	verified		measured		unavailable	user-facing Python API cost; not aggregated with caller-owned kernels	1106	45	direct talib.SIN NumPy API expression including API-owned output; fixture loading excluded	catalogue_fixture_v1:f64le	fnv1a64:a4171d0a7611733a	0.6.4	43f9d5042ecc4bd367941846494ad907bf20ea50	3.12.13	0.6.4	0.6.4	2.2.3	rustc 1.93.0 (254b59607 2026-01-19)	Apple M2	Darwin 25.5.0 Darwin Kernel Version 25.5.0: Tue Jun  9 22:27:52 PDT 2026; root:xnu-12377.121.10~1/RELEASE_ARM64_T8112	aarch64	64	ta-core=default(f64,std); ta-benchmarks=catalogue-matrix	d09e20c4bfc0b0719a9458d05859ce4dd17f3d22	true
fast-ta	Math Operators	ADD: Vector Arithmetic Add	ADD	Owned Compact Output	none	65536	float	1	36617.88129496403	36525.93165467626	36672.43705035971	1789726704.068294	50	4	4	0	0	65536	fnv1a64:9215e92ad1f1444b	verified		measured		unavailable	separate Rust execution cost; not aggregated with the direct C kernel	6786	278	IndicatorConfig::compute; API-owned Compact Output allocation included	catalogue_fixture_v1:f64le	fnv1a64:a4171d0a7611733a	0.6.4	43f9d5042ecc4bd367941846494ad907bf20ea50	3.12.13	0.6.4	0.6.4	2.2.3	rustc 1.93.0 (254b59607 2026-01-19)	Apple M2	Darwin 25.5.0 Darwin Kernel Version 25.5.0: Tue Jun  9 22:27:52 PDT 2026; root:xnu-12377.121.10~1/RELEASE_ARM64_T8112	aarch64	64	ta-core=default(f64,std); ta-benchmarks=catalogue-matrix	d09e20c4bfc0b0719a9458d05859ce4dd17f3d22	true
fast-ta	Math Operators	ADD: Vector Arithmetic Add	ADD	caller-owned Batch Computation	none	65536	float	1	30115.214574898782	30017.374493927127	30199.054655870445	2176175761.1591005	50	4	0	4	0	65536	fnv1a64:9215e92ad1f1444b	verified		measured		comparable	primary caller-owned Rust/C kernel	7672	247	IndicatorConfig::compute_into; caller output allocation excluded	catalogue_fixture_v1:f64le	fnv1a64:a4171d0a7611733a	0.6.4	43f9d5042ecc4bd367941846494ad907bf20ea50	3.12.13	0.6.4	0.6.4	2.2.3	rustc 1.93.0 (254b59607 2026-01-19)	Apple M2	Darwin 25.5.0 Darwin Kernel Version 25.5.0: Tue Jun  9 22:27:52 PDT 2026; root:xnu-12377.121.10~1/RELEASE_ARM64_T8112	aarch64	64	ta-core=default(f64,std); ta-benchmarks=catalogue-matrix	d09e20c4bfc0b0719a9458d05859ce4dd17f3d22	true
fast-ta	Math Operators	ADD: Vector Arithmetic Add	ADD	Prepared Batch Runner	none	65536	float	1	30284.18113772455	30187.75	30368.01497005988	2164034077.789965	50	0	0	0	0	65536	fnv1a64:9215e92ad1f1444b	verified		measured		unavailable	separate Rust execution cost; not aggregated with the direct C kernel	8256	334	PreparedBatchRunner::compute_into; preparation and caller output allocation excluded	catalogue_fixture_v1:f64le	fnv1a64:a4171d0a7611733a	0.6.4	43f9d5042ecc4bd367941846494ad907bf20ea50	3.12.13	0.6.4	0.6.4	2.2.3	rustc 1.93.0 (254b59607 2026-01-19)	Apple M2	Darwin 25.5.0 Darwin Kernel Version 25.5.0: Tue Jun  9 22:27:52 PDT 2026; root:xnu-12377.121.10~1/RELEASE_ARM64_T8112	aarch64	64	ta-core=default(f64,std); ta-benchmarks=catalogue-matrix	d09e20c4bfc0b0719a9458d05859ce4dd17f3d22	true
fast-ta	Math Operators	ADD: Vector Arithmetic Add	ADD	Streaming Computation	none	65536	float	1	95804.10447761194	95558.14179104478	96125.31343283581	684062549.9016572	50	1	0	1	0	65536	fnv1a64:9215e92ad1f1444b	verified		measured		unavailable	separate Rust execution cost; not aggregated with the direct C kernel	2854	134	StreamingComputation::reset plus one next call per observation; stream and output allocation excluded	catalogue_fixture_v1:f64le	fnv1a64:a4171d0a7611733a	0.6.4	43f9d5042ecc4bd367941846494ad907bf20ea50	3.12.13	0.6.4	0.6.4	2.2.3	rustc 1.93.0 (254b59607 2026-01-19)	Apple M2	Darwin 25.5.0 Darwin Kernel Version 25.5.0: Tue Jun  9 22:27:52 PDT 2026; root:xnu-12377.121.10~1/RELEASE_ARM64_T8112	aarch64	64	ta-core=default(f64,std); ta-benchmarks=catalogue-matrix	d09e20c4bfc0b0719a9458d05859ce4dd17f3d22	true
TA-Lib C	Math Operators	ADD: Vector Arithmetic Add	ADD	direct C caller-owned	none	65536	float	1	13944.054777070065	13021.868152866242	14483.041401273886	4699924164.653236	50	0	0	0	0	65536	fnv1a64:9215e92ad1f1444b	verified		measured		comparable	primary caller-owned Rust/C kernel	16065	785	direct TA_ADD call; caller output allocation excluded	catalogue_fixture_v1:f64le	fnv1a64:a4171d0a7611733a	0.6.4	43f9d5042ecc4bd367941846494ad907bf20ea50	3.12.13	0.6.4	0.6.4	2.2.3	rustc 1.93.0 (254b59607 2026-01-19)	Apple M2	Darwin 25.5.0 Darwin Kernel Version 25.5.0: Tue Jun  9 22:27:52 PDT 2026; root:xnu-12377.121.10~1/RELEASE_ARM64_T8112	aarch64	64	ta-core=default(f64,std); ta-benchmarks=catalogue-matrix	d09e20c4bfc0b0719a9458d05859ce4dd17f3d22	true
TA-Lib Python	Math Operators	ADD: Vector Arithmetic Add	ADD	official Python NumPy API	none	65536	float	1	15901.320983732	15804.351748875	15956.821758888	4121418595.791333	50	6	2	4	0	65536	fnv1a64:9215e92ad1f1444b	verified		measured		unavailable	user-facing Python API cost; not aggregated with caller-owned kernels	15410	634	direct talib.ADD NumPy API expression including API-owned output; fixture loading excluded	catalogue_fixture_v1:f64le	fnv1a64:a4171d0a7611733a	0.6.4	43f9d5042ecc4bd367941846494ad907bf20ea50	3.12.13	0.6.4	0.6.4	2.2.3	rustc 1.93.0 (254b59607 2026-01-19)	Apple M2	Darwin 25.5.0 Darwin Kernel Version 25.5.0: Tue Jun  9 22:27:52 PDT 2026; root:xnu-12377.121.10~1/RELEASE_ARM64_T8112	aarch64	64	ta-core=default(f64,std); ta-benchmarks=catalogue-matrix	d09e20c4bfc0b0719a9458d05859ce4dd17f3d22	true
