implementation	indicator_family	indicator_definition	case_id	mode	parameters	input_length	output_kind	output_arity	median_ns	ci95_lower_ns	ci95_upper_ns	throughput_observations_per_second	sample_count	outlier_count	outlier_low_count	outlier_high_count	output_begin	output_count	output_checksum	semantic_status	semantic_reason	timing_status	timing_reason	comparison_status	comparison_reason	warmup_iterations	iterations_per_sample	timed_boundary	fixture	input_checksum	ta_lib_version	ta_lib_revision	python_version	python_binding_version	python_ta_lib_version	numpy_version	rustc	cpu	os	arch	float_width	features	commit	dirty
fast-ta	Overlap Studies	SMA: Simple Moving Average	SMA	Owned Compact Output	timeperiod=14	256	float	1	376.5895351261205	374.5786950177194	385.19731081926204	679785220.038749	20	1	0	1	13	243	fnv1a64:3e37ece299fccaa3	verified		measured		unavailable	separate Rust execution cost; not aggregated with the direct C kernel	124374	4797	IndicatorConfig::compute; API-owned Compact Output allocation included	catalogue_fixture_v1:f64le	fnv1a64:73fedfe0ae0a803f	0.6.4	43f9d5042ecc4bd367941846494ad907bf20ea50	3.12.13	0.6.4	0.6.4	2.2.3	rustc 1.93.0 (254b59607 2026-01-19)	Apple M2	Darwin 25.5.0 Darwin Kernel Version 25.5.0: Tue Jun  9 22:27:52 PDT 2026; root:xnu-12377.121.10~1/RELEASE_ARM64_T8112	aarch64	64	ta-core=default(f64,std); ta-benchmarks=catalogue-matrix	b156ac1ec5c781af0a386c4deab4769a4c5479c1	true
fast-ta	Overlap Studies	SMA: Simple Moving Average	SMA	caller-owned Batch Computation	timeperiod=14	256	float	1	334.17857739188514	330.7695775588579	337.15979295374854	766057483.3909639	20	1	0	1	13	243	fnv1a64:3e37ece299fccaa3	verified		measured		comparable	primary caller-owned Rust/C kernel	139998	5989	IndicatorConfig::compute_into; caller output allocation excluded	catalogue_fixture_v1:f64le	fnv1a64:73fedfe0ae0a803f	0.6.4	43f9d5042ecc4bd367941846494ad907bf20ea50	3.12.13	0.6.4	0.6.4	2.2.3	rustc 1.93.0 (254b59607 2026-01-19)	Apple M2	Darwin 25.5.0 Darwin Kernel Version 25.5.0: Tue Jun  9 22:27:52 PDT 2026; root:xnu-12377.121.10~1/RELEASE_ARM64_T8112	aarch64	64	ta-core=default(f64,std); ta-benchmarks=catalogue-matrix	b156ac1ec5c781af0a386c4deab4769a4c5479c1	true
fast-ta	Overlap Studies	SMA: Simple Moving Average	SMA	Prepared Batch Runner	timeperiod=14	256	float	1	348.3783277090364	342.1290776152981	355.5179977502812	734833310.9108031	20	0	0	0	13	243	fnv1a64:3e37ece299fccaa3	verified		measured		unavailable	separate Rust execution cost; not aggregated with the direct C kernel	140264	5334	PreparedBatchRunner::compute_into; preparation and caller output allocation excluded	catalogue_fixture_v1:f64le	fnv1a64:73fedfe0ae0a803f	0.6.4	43f9d5042ecc4bd367941846494ad907bf20ea50	3.12.13	0.6.4	0.6.4	2.2.3	rustc 1.93.0 (254b59607 2026-01-19)	Apple M2	Darwin 25.5.0 Darwin Kernel Version 25.5.0: Tue Jun  9 22:27:52 PDT 2026; root:xnu-12377.121.10~1/RELEASE_ARM64_T8112	aarch64	64	ta-core=default(f64,std); ta-benchmarks=catalogue-matrix	b156ac1ec5c781af0a386c4deab4769a4c5479c1	true
fast-ta	Overlap Studies	SMA: Simple Moving Average	SMA	Streaming Computation	timeperiod=14	256	float	1	1269.9718992248063	1255.8814599483203	1290.4822351421187	201579263.4122558	20	0	0	0	13	243	fnv1a64:3e37ece299fccaa3	verified		measured		unavailable	separate Rust execution cost; not aggregated with the direct C kernel	39044	1548	StreamingComputation::reset plus one next call per observation; stream and output allocation excluded	catalogue_fixture_v1:f64le	fnv1a64:73fedfe0ae0a803f	0.6.4	43f9d5042ecc4bd367941846494ad907bf20ea50	3.12.13	0.6.4	0.6.4	2.2.3	rustc 1.93.0 (254b59607 2026-01-19)	Apple M2	Darwin 25.5.0 Darwin Kernel Version 25.5.0: Tue Jun  9 22:27:52 PDT 2026; root:xnu-12377.121.10~1/RELEASE_ARM64_T8112	aarch64	64	ta-core=default(f64,std); ta-benchmarks=catalogue-matrix	b156ac1ec5c781af0a386c4deab4769a4c5479c1	true
TA-Lib C	Overlap Studies	SMA: Simple Moving Average	SMA	direct C caller-owned	timeperiod=14	256	float	1	478.3385	472.927	481.448	535185856.8775041	20	0	0	0	13	243	fnv1a64:5ba01d7e61357601	verified		measured		comparable	primary caller-owned Rust/C kernel	103219	4000	direct TA_SMA call; caller output allocation excluded	catalogue_fixture_v1:f64le	fnv1a64:73fedfe0ae0a803f	0.6.4	43f9d5042ecc4bd367941846494ad907bf20ea50	3.12.13	0.6.4	0.6.4	2.2.3	rustc 1.93.0 (254b59607 2026-01-19)	Apple M2	Darwin 25.5.0 Darwin Kernel Version 25.5.0: Tue Jun  9 22:27:52 PDT 2026; root:xnu-12377.121.10~1/RELEASE_ARM64_T8112	aarch64	64	ta-core=default(f64,std); ta-benchmarks=catalogue-matrix	b156ac1ec5c781af0a386c4deab4769a4c5479c1	true
TA-Lib Python	Overlap Studies	SMA: Simple Moving Average	SMA	official Python NumPy API	timeperiod=14	256	float	1	570.4258402035	564.1179567165	575.930797869	448787523.21015424	20	0	0	0	13	243	fnv1a64:5ba01d7e61357601	verified		measured		unavailable	user-facing Python API cost; not aggregated with caller-owned kernels	57067	3425	direct talib.SMA NumPy API expression including API-owned output; fixture loading excluded	catalogue_fixture_v1:f64le	fnv1a64:73fedfe0ae0a803f	0.6.4	43f9d5042ecc4bd367941846494ad907bf20ea50	3.12.13	0.6.4	0.6.4	2.2.3	rustc 1.93.0 (254b59607 2026-01-19)	Apple M2	Darwin 25.5.0 Darwin Kernel Version 25.5.0: Tue Jun  9 22:27:52 PDT 2026; root:xnu-12377.121.10~1/RELEASE_ARM64_T8112	aarch64	64	ta-core=default(f64,std); ta-benchmarks=catalogue-matrix	b156ac1ec5c781af0a386c4deab4769a4c5479c1	true
fast-ta	Overlap Studies	BBANDS: Bollinger Bands	BBANDS	Owned Compact Output	timeperiod=20;nbdevup=2;nbdevdn=2;matype=SMA	256	float	3	1104.355589123867	1090.6595166163142	1112.0598187311177	231809394.11290148	20	0	0	0	19	237	fnv1a64:452fee1cda830f1b	verified		measured		unavailable	separate Rust execution cost; not aggregated with the direct C kernel	44800	1655	IndicatorConfig::compute; API-owned Compact Output allocation included	catalogue_fixture_v1:f64le	fnv1a64:73fedfe0ae0a803f	0.6.4	43f9d5042ecc4bd367941846494ad907bf20ea50	3.12.13	0.6.4	0.6.4	2.2.3	rustc 1.93.0 (254b59607 2026-01-19)	Apple M2	Darwin 25.5.0 Darwin Kernel Version 25.5.0: Tue Jun  9 22:27:52 PDT 2026; root:xnu-12377.121.10~1/RELEASE_ARM64_T8112	aarch64	64	ta-core=default(f64,std); ta-benchmarks=catalogue-matrix	b156ac1ec5c781af0a386c4deab4769a4c5479c1	true
fast-ta	Overlap Studies	BBANDS: Bollinger Bands	BBANDS	caller-owned Batch Computation	timeperiod=20;nbdevup=2;nbdevdn=2;matype=SMA	256	float	3	988.04175	985.82275	1002.4792500000001	259098362.99933684	20	1	0	1	19	237	fnv1a64:452fee1cda830f1b	verified		measured		comparable	primary caller-owned Rust/C kernel	49035	2000	IndicatorConfig::compute_into; caller output allocation excluded	catalogue_fixture_v1:f64le	fnv1a64:73fedfe0ae0a803f	0.6.4	43f9d5042ecc4bd367941846494ad907bf20ea50	3.12.13	0.6.4	0.6.4	2.2.3	rustc 1.93.0 (254b59607 2026-01-19)	Apple M2	Darwin 25.5.0 Darwin Kernel Version 25.5.0: Tue Jun  9 22:27:52 PDT 2026; root:xnu-12377.121.10~1/RELEASE_ARM64_T8112	aarch64	64	ta-core=default(f64,std); ta-benchmarks=catalogue-matrix	b156ac1ec5c781af0a386c4deab4769a4c5479c1	true
fast-ta	Overlap Studies	BBANDS: Bollinger Bands	BBANDS	Prepared Batch Runner	timeperiod=20;nbdevup=2;nbdevdn=2;matype=SMA	256	float	3	987.55225	980.5625	1012.34375	259226790.2786916	20	0	0	0	19	237	fnv1a64:452fee1cda830f1b	verified		measured		unavailable	separate Rust execution cost; not aggregated with the direct C kernel	49850	2000	PreparedBatchRunner::compute_into; preparation and caller output allocation excluded	catalogue_fixture_v1:f64le	fnv1a64:73fedfe0ae0a803f	0.6.4	43f9d5042ecc4bd367941846494ad907bf20ea50	3.12.13	0.6.4	0.6.4	2.2.3	rustc 1.93.0 (254b59607 2026-01-19)	Apple M2	Darwin 25.5.0 Darwin Kernel Version 25.5.0: Tue Jun  9 22:27:52 PDT 2026; root:xnu-12377.121.10~1/RELEASE_ARM64_T8112	aarch64	64	ta-core=default(f64,std); ta-benchmarks=catalogue-matrix	b156ac1ec5c781af0a386c4deab4769a4c5479c1	true
fast-ta	Overlap Studies	BBANDS: Bollinger Bands	BBANDS	Streaming Computation	timeperiod=20;nbdevup=2;nbdevdn=2;matype=SMA	256	float	3	1714.6494449188726	1694.9722459436377	1733.3654995730144	149301655.0751063	20	0	0	0	19	237	fnv1a64:452fee1cda830f1b	verified		measured		unavailable	separate Rust execution cost; not aggregated with the direct C kernel	28185	1171	StreamingComputation::reset plus one next call per observation; stream and output allocation excluded	catalogue_fixture_v1:f64le	fnv1a64:73fedfe0ae0a803f	0.6.4	43f9d5042ecc4bd367941846494ad907bf20ea50	3.12.13	0.6.4	0.6.4	2.2.3	rustc 1.93.0 (254b59607 2026-01-19)	Apple M2	Darwin 25.5.0 Darwin Kernel Version 25.5.0: Tue Jun  9 22:27:52 PDT 2026; root:xnu-12377.121.10~1/RELEASE_ARM64_T8112	aarch64	64	ta-core=default(f64,std); ta-benchmarks=catalogue-matrix	b156ac1ec5c781af0a386c4deab4769a4c5479c1	true
TA-Lib C	Overlap Studies	BBANDS: Bollinger Bands	BBANDS	direct C caller-owned	timeperiod=20;nbdevup=2;nbdevdn=2;matype=SMA	256	float	3	1012.78125	994.9270000000001	1025.625	252769292.48048383	20	0	0	0	19	237	fnv1a64:1fe927e3fb52b1e4	verified		measured		comparable	primary caller-owned Rust/C kernel	49322	2000	direct TA_BBANDS call; caller output allocation excluded	catalogue_fixture_v1:f64le	fnv1a64:73fedfe0ae0a803f	0.6.4	43f9d5042ecc4bd367941846494ad907bf20ea50	3.12.13	0.6.4	0.6.4	2.2.3	rustc 1.93.0 (254b59607 2026-01-19)	Apple M2	Darwin 25.5.0 Darwin Kernel Version 25.5.0: Tue Jun  9 22:27:52 PDT 2026; root:xnu-12377.121.10~1/RELEASE_ARM64_T8112	aarch64	64	ta-core=default(f64,std); ta-benchmarks=catalogue-matrix	b156ac1ec5c781af0a386c4deab4769a4c5479c1	true
TA-Lib Python	Overlap Studies	BBANDS: Bollinger Bands	BBANDS	official Python NumPy API	timeperiod=20;nbdevup=2;nbdevdn=2;matype=SMA	256	float	3	1369.412182681	1354.8349182705	1383.321034775	186941523.697277	20	1	0	1	19	237	fnv1a64:1fe927e3fb52b1e4	verified		measured		unavailable	user-facing Python API cost; not aggregated with caller-owned kernels	29818	1372	direct talib.BBANDS NumPy API expression including API-owned output; fixture loading excluded	catalogue_fixture_v1:f64le	fnv1a64:73fedfe0ae0a803f	0.6.4	43f9d5042ecc4bd367941846494ad907bf20ea50	3.12.13	0.6.4	0.6.4	2.2.3	rustc 1.93.0 (254b59607 2026-01-19)	Apple M2	Darwin 25.5.0 Darwin Kernel Version 25.5.0: Tue Jun  9 22:27:52 PDT 2026; root:xnu-12377.121.10~1/RELEASE_ARM64_T8112	aarch64	64	ta-core=default(f64,std); ta-benchmarks=catalogue-matrix	b156ac1ec5c781af0a386c4deab4769a4c5479c1	true
fast-ta	Momentum Indicators	RSI: Relative Strength Index	RSI	Owned Compact Output	timeperiod=14	256	float	1	1447.4004874086108	1425.4333874898457	1474.410641754671	176868808.75543708	20	1	0	1	14	242	fnv1a64:704911d19149ae89	verified		measured		unavailable	separate Rust execution cost; not aggregated with the direct C kernel	34290	1231	IndicatorConfig::compute; API-owned Compact Output allocation included	catalogue_fixture_v1:f64le	fnv1a64:73fedfe0ae0a803f	0.6.4	43f9d5042ecc4bd367941846494ad907bf20ea50	3.12.13	0.6.4	0.6.4	2.2.3	rustc 1.93.0 (254b59607 2026-01-19)	Apple M2	Darwin 25.5.0 Darwin Kernel Version 25.5.0: Tue Jun  9 22:27:52 PDT 2026; root:xnu-12377.121.10~1/RELEASE_ARM64_T8112	aarch64	64	ta-core=default(f64,std); ta-benchmarks=catalogue-matrix	b156ac1ec5c781af0a386c4deab4769a4c5479c1	true
fast-ta	Momentum Indicators	RSI: Relative Strength Index	RSI	caller-owned Batch Computation	timeperiod=14	256	float	1	1389.9625429553264	1377.0762886597938	1404.925773195876	184177624.99966007	20	0	0	0	14	242	fnv1a64:704911d19149ae89	verified		measured		comparable	primary caller-owned Rust/C kernel	34691	1455	IndicatorConfig::compute_into; caller output allocation excluded	catalogue_fixture_v1:f64le	fnv1a64:73fedfe0ae0a803f	0.6.4	43f9d5042ecc4bd367941846494ad907bf20ea50	3.12.13	0.6.4	0.6.4	2.2.3	rustc 1.93.0 (254b59607 2026-01-19)	Apple M2	Darwin 25.5.0 Darwin Kernel Version 25.5.0: Tue Jun  9 22:27:52 PDT 2026; root:xnu-12377.121.10~1/RELEASE_ARM64_T8112	aarch64	64	ta-core=default(f64,std); ta-benchmarks=catalogue-matrix	b156ac1ec5c781af0a386c4deab4769a4c5479c1	true
fast-ta	Momentum Indicators	RSI: Relative Strength Index	RSI	Prepared Batch Runner	timeperiod=14	256	float	1	1377.2910652920964	1360.6099656357387	1401.4027491408933	185872112.62109467	20	0	0	0	14	242	fnv1a64:704911d19149ae89	verified		measured		unavailable	separate Rust execution cost; not aggregated with the direct C kernel	35857	1455	PreparedBatchRunner::compute_into; preparation and caller output allocation excluded	catalogue_fixture_v1:f64le	fnv1a64:73fedfe0ae0a803f	0.6.4	43f9d5042ecc4bd367941846494ad907bf20ea50	3.12.13	0.6.4	0.6.4	2.2.3	rustc 1.93.0 (254b59607 2026-01-19)	Apple M2	Darwin 25.5.0 Darwin Kernel Version 25.5.0: Tue Jun  9 22:27:52 PDT 2026; root:xnu-12377.121.10~1/RELEASE_ARM64_T8112	aarch64	64	ta-core=default(f64,std); ta-benchmarks=catalogue-matrix	b156ac1ec5c781af0a386c4deab4769a4c5479c1	true
fast-ta	Momentum Indicators	RSI: Relative Strength Index	RSI	Streaming Computation	timeperiod=14	256	float	1	2261.7401574803152	2243.41507311586	2290.448256467941	113187184.28079556	20	0	0	0	14	242	fnv1a64:704911d19149ae89	verified		measured		unavailable	separate Rust execution cost; not aggregated with the direct C kernel	21672	889	StreamingComputation::reset plus one next call per observation; stream and output allocation excluded	catalogue_fixture_v1:f64le	fnv1a64:73fedfe0ae0a803f	0.6.4	43f9d5042ecc4bd367941846494ad907bf20ea50	3.12.13	0.6.4	0.6.4	2.2.3	rustc 1.93.0 (254b59607 2026-01-19)	Apple M2	Darwin 25.5.0 Darwin Kernel Version 25.5.0: Tue Jun  9 22:27:52 PDT 2026; root:xnu-12377.121.10~1/RELEASE_ARM64_T8112	aarch64	64	ta-core=default(f64,std); ta-benchmarks=catalogue-matrix	b156ac1ec5c781af0a386c4deab4769a4c5479c1	true
TA-Lib C	Momentum Indicators	RSI: Relative Strength Index	RSI	direct C caller-owned	timeperiod=14	256	float	1	1473.9975020815987	1439.1652789342215	1487.4067443796835	173677363.52230817	20	0	0	0	14	242	fnv1a64:704911d19149ae89	verified		measured		comparable	primary caller-owned Rust/C kernel	34415	1201	direct TA_RSI call; caller output allocation excluded	catalogue_fixture_v1:f64le	fnv1a64:73fedfe0ae0a803f	0.6.4	43f9d5042ecc4bd367941846494ad907bf20ea50	3.12.13	0.6.4	0.6.4	2.2.3	rustc 1.93.0 (254b59607 2026-01-19)	Apple M2	Darwin 25.5.0 Darwin Kernel Version 25.5.0: Tue Jun  9 22:27:52 PDT 2026; root:xnu-12377.121.10~1/RELEASE_ARM64_T8112	aarch64	64	ta-core=default(f64,std); ta-benchmarks=catalogue-matrix	b156ac1ec5c781af0a386c4deab4769a4c5479c1	true
TA-Lib Python	Momentum Indicators	RSI: Relative Strength Index	RSI	official Python NumPy API	timeperiod=14	256	float	1	1543.833583935	1520.721106582	1569.4175774045	165820981.3958668	20	0	0	0	14	242	fnv1a64:704911d19149ae89	verified		measured		unavailable	user-facing Python API cost; not aggregated with caller-owned kernels	27063	1298	direct talib.RSI NumPy API expression including API-owned output; fixture loading excluded	catalogue_fixture_v1:f64le	fnv1a64:73fedfe0ae0a803f	0.6.4	43f9d5042ecc4bd367941846494ad907bf20ea50	3.12.13	0.6.4	0.6.4	2.2.3	rustc 1.93.0 (254b59607 2026-01-19)	Apple M2	Darwin 25.5.0 Darwin Kernel Version 25.5.0: Tue Jun  9 22:27:52 PDT 2026; root:xnu-12377.121.10~1/RELEASE_ARM64_T8112	aarch64	64	ta-core=default(f64,std); ta-benchmarks=catalogue-matrix	b156ac1ec5c781af0a386c4deab4769a4c5479c1	true
fast-ta	Momentum Indicators	MACD: Moving Average Convergence/Divergence	MACD	Owned Compact Output	fastperiod=12;slowperiod=26;signalperiod=9	256	float	3	953.6193672099712	949.8243048897411	966.2231543624162	268450923.71496797	20	1	0	1	33	223	fnv1a64:fb88d74066d8bf54	verified		measured		unavailable	separate Rust execution cost; not aggregated with the direct C kernel	51203	2086	IndicatorConfig::compute; API-owned Compact Output allocation included	catalogue_fixture_v1:f64le	fnv1a64:73fedfe0ae0a803f	0.6.4	43f9d5042ecc4bd367941846494ad907bf20ea50	3.12.13	0.6.4	0.6.4	2.2.3	rustc 1.93.0 (254b59607 2026-01-19)	Apple M2	Darwin 25.5.0 Darwin Kernel Version 25.5.0: Tue Jun  9 22:27:52 PDT 2026; root:xnu-12377.121.10~1/RELEASE_ARM64_T8112	aarch64	64	ta-core=default(f64,std); ta-benchmarks=catalogue-matrix	b156ac1ec5c781af0a386c4deab4769a4c5479c1	true
fast-ta	Momentum Indicators	MACD: Moving Average Convergence/Divergence	MACD	caller-owned Batch Computation	fastperiod=12;slowperiod=26;signalperiod=9	256	float	3	829.7972440944882	823.7642169728783	838.5004374453193	308509098.8454157	20	1	0	1	33	223	fnv1a64:fb88d74066d8bf54	verified		measured		comparable	primary caller-owned Rust/C kernel	57978	2286	IndicatorConfig::compute_into; caller output allocation excluded	catalogue_fixture_v1:f64le	fnv1a64:73fedfe0ae0a803f	0.6.4	43f9d5042ecc4bd367941846494ad907bf20ea50	3.12.13	0.6.4	0.6.4	2.2.3	rustc 1.93.0 (254b59607 2026-01-19)	Apple M2	Darwin 25.5.0 Darwin Kernel Version 25.5.0: Tue Jun  9 22:27:52 PDT 2026; root:xnu-12377.121.10~1/RELEASE_ARM64_T8112	aarch64	64	ta-core=default(f64,std); ta-benchmarks=catalogue-matrix	b156ac1ec5c781af0a386c4deab4769a4c5479c1	true
fast-ta	Momentum Indicators	MACD: Moving Average Convergence/Divergence	MACD	Prepared Batch Runner	fastperiod=12;slowperiod=26;signalperiod=9	256	float	3	836.1402012248469	826.9993438320209	839.1202974628171	306168749.72042984	20	1	0	1	33	223	fnv1a64:fb88d74066d8bf54	verified		measured		unavailable	separate Rust execution cost; not aggregated with the direct C kernel	58311	2286	PreparedBatchRunner::compute_into; preparation and caller output allocation excluded	catalogue_fixture_v1:f64le	fnv1a64:73fedfe0ae0a803f	0.6.4	43f9d5042ecc4bd367941846494ad907bf20ea50	3.12.13	0.6.4	0.6.4	2.2.3	rustc 1.93.0 (254b59607 2026-01-19)	Apple M2	Darwin 25.5.0 Darwin Kernel Version 25.5.0: Tue Jun  9 22:27:52 PDT 2026; root:xnu-12377.121.10~1/RELEASE_ARM64_T8112	aarch64	64	ta-core=default(f64,std); ta-benchmarks=catalogue-matrix	b156ac1ec5c781af0a386c4deab4769a4c5479c1	true
fast-ta	Momentum Indicators	MACD: Moving Average Convergence/Divergence	MACD	Streaming Computation	fastperiod=12;slowperiod=26;signalperiod=9	256	float	3	2429.6243961352657	2411.4577294685987	2465.7053140096623	105366080.62020282	20	0	0	0	33	223	fnv1a64:fb88d74066d8bf54	verified		measured		unavailable	separate Rust execution cost; not aggregated with the direct C kernel	20350	828	StreamingComputation::reset plus one next call per observation; stream and output allocation excluded	catalogue_fixture_v1:f64le	fnv1a64:73fedfe0ae0a803f	0.6.4	43f9d5042ecc4bd367941846494ad907bf20ea50	3.12.13	0.6.4	0.6.4	2.2.3	rustc 1.93.0 (254b59607 2026-01-19)	Apple M2	Darwin 25.5.0 Darwin Kernel Version 25.5.0: Tue Jun  9 22:27:52 PDT 2026; root:xnu-12377.121.10~1/RELEASE_ARM64_T8112	aarch64	64	ta-core=default(f64,std); ta-benchmarks=catalogue-matrix	b156ac1ec5c781af0a386c4deab4769a4c5479c1	true
TA-Lib C	Momentum Indicators	MACD: Moving Average Convergence/Divergence	MACD	direct C caller-owned	fastperiod=12;slowperiod=26;signalperiod=9	256	float	3	1535.4666416791606	1522.8013493253375	1552.8174662668666	166724559.85109693	20	1	0	1	33	223	fnv1a64:ae8cc7092892ecc8	verified		measured		comparable	primary caller-owned Rust/C kernel	31947	1334	direct TA_MACD call; caller output allocation excluded	catalogue_fixture_v1:f64le	fnv1a64:73fedfe0ae0a803f	0.6.4	43f9d5042ecc4bd367941846494ad907bf20ea50	3.12.13	0.6.4	0.6.4	2.2.3	rustc 1.93.0 (254b59607 2026-01-19)	Apple M2	Darwin 25.5.0 Darwin Kernel Version 25.5.0: Tue Jun  9 22:27:52 PDT 2026; root:xnu-12377.121.10~1/RELEASE_ARM64_T8112	aarch64	64	ta-core=default(f64,std); ta-benchmarks=catalogue-matrix	b156ac1ec5c781af0a386c4deab4769a4c5479c1	true
TA-Lib Python	Momentum Indicators	MACD: Moving Average Convergence/Divergence	MACD	official Python NumPy API	fastperiod=12;slowperiod=26;signalperiod=9	256	float	3	2018.4563702794999	1981.8628936815	2216.30298195	126829593.03428052	20	4	0	4	33	223	fnv1a64:ae8cc7092892ecc8	verified		measured		unavailable	user-facing Python API cost; not aggregated with caller-owned kernels	21926	1043	direct talib.MACD NumPy API expression including API-owned output; fixture loading excluded	catalogue_fixture_v1:f64le	fnv1a64:73fedfe0ae0a803f	0.6.4	43f9d5042ecc4bd367941846494ad907bf20ea50	3.12.13	0.6.4	0.6.4	2.2.3	rustc 1.93.0 (254b59607 2026-01-19)	Apple M2	Darwin 25.5.0 Darwin Kernel Version 25.5.0: Tue Jun  9 22:27:52 PDT 2026; root:xnu-12377.121.10~1/RELEASE_ARM64_T8112	aarch64	64	ta-core=default(f64,std); ta-benchmarks=catalogue-matrix	b156ac1ec5c781af0a386c4deab4769a4c5479c1	true
fast-ta	Volatility Indicators	ATR: Average True Range	ATR	Owned Compact Output	timeperiod=14	256	float	1	1621.682778229082	1612.154752233956	1668.0714865962632	157860713.2275021	20	1	0	1	14	242	fnv1a64:e201ee4cd8bdbc90	verified		measured		unavailable	separate Rust execution cost; not aggregated with the direct C kernel	30075	1231	IndicatorConfig::compute; API-owned Compact Output allocation included	catalogue_fixture_v1:f64le	fnv1a64:73fedfe0ae0a803f	0.6.4	43f9d5042ecc4bd367941846494ad907bf20ea50	3.12.13	0.6.4	0.6.4	2.2.3	rustc 1.93.0 (254b59607 2026-01-19)	Apple M2	Darwin 25.5.0 Darwin Kernel Version 25.5.0: Tue Jun  9 22:27:52 PDT 2026; root:xnu-12377.121.10~1/RELEASE_ARM64_T8112	aarch64	64	ta-core=default(f64,std); ta-benchmarks=catalogue-matrix	b156ac1ec5c781af0a386c4deab4769a4c5479c1	true
fast-ta	Volatility Indicators	ATR: Average True Range	ATR	caller-owned Batch Computation	timeperiod=14	256	float	1	1579.4171802773494	1567.6999229583976	1600.10593220339	162085105.3140031	20	0	0	0	14	242	fnv1a64:e201ee4cd8bdbc90	verified		measured		comparable	primary caller-owned Rust/C kernel	31661	1298	IndicatorConfig::compute_into; caller output allocation excluded	catalogue_fixture_v1:f64le	fnv1a64:73fedfe0ae0a803f	0.6.4	43f9d5042ecc4bd367941846494ad907bf20ea50	3.12.13	0.6.4	0.6.4	2.2.3	rustc 1.93.0 (254b59607 2026-01-19)	Apple M2	Darwin 25.5.0 Darwin Kernel Version 25.5.0: Tue Jun  9 22:27:52 PDT 2026; root:xnu-12377.121.10~1/RELEASE_ARM64_T8112	aarch64	64	ta-core=default(f64,std); ta-benchmarks=catalogue-matrix	b156ac1ec5c781af0a386c4deab4769a4c5479c1	true
fast-ta	Volatility Indicators	ATR: Average True Range	ATR	Prepared Batch Runner	timeperiod=14	256	float	1	1599.5680379746836	1578.2238924050632	1635.7792721518988	160043207.8676304	20	0	0	0	14	242	fnv1a64:e201ee4cd8bdbc90	verified		measured		unavailable	separate Rust execution cost; not aggregated with the direct C kernel	31096	1264	PreparedBatchRunner::compute_into; preparation and caller output allocation excluded	catalogue_fixture_v1:f64le	fnv1a64:73fedfe0ae0a803f	0.6.4	43f9d5042ecc4bd367941846494ad907bf20ea50	3.12.13	0.6.4	0.6.4	2.2.3	rustc 1.93.0 (254b59607 2026-01-19)	Apple M2	Darwin 25.5.0 Darwin Kernel Version 25.5.0: Tue Jun  9 22:27:52 PDT 2026; root:xnu-12377.121.10~1/RELEASE_ARM64_T8112	aarch64	64	ta-core=default(f64,std); ta-benchmarks=catalogue-matrix	b156ac1ec5c781af0a386c4deab4769a4c5479c1	true
fast-ta	Volatility Indicators	ATR: Average True Range	ATR	Streaming Computation	timeperiod=14	256	float	1	1839.0179910044976	1812.906296851574	1861.0382308845578	139204728.42148173	20	0	0	0	14	242	fnv1a64:e201ee4cd8bdbc90	verified		measured		unavailable	separate Rust execution cost; not aggregated with the direct C kernel	26626	667	StreamingComputation::reset plus one next call per observation; stream and output allocation excluded	catalogue_fixture_v1:f64le	fnv1a64:73fedfe0ae0a803f	0.6.4	43f9d5042ecc4bd367941846494ad907bf20ea50	3.12.13	0.6.4	0.6.4	2.2.3	rustc 1.93.0 (254b59607 2026-01-19)	Apple M2	Darwin 25.5.0 Darwin Kernel Version 25.5.0: Tue Jun  9 22:27:52 PDT 2026; root:xnu-12377.121.10~1/RELEASE_ARM64_T8112	aarch64	64	ta-core=default(f64,std); ta-benchmarks=catalogue-matrix	b156ac1ec5c781af0a386c4deab4769a4c5479c1	true
TA-Lib C	Volatility Indicators	ATR: Average True Range	ATR	direct C caller-owned	timeperiod=14	256	float	1	1369.833	1342.5276666666666	1383.722	186884094.63051334	20	0	0	0	14	242	fnv1a64:e201ee4cd8bdbc90	verified		measured		comparable	primary caller-owned Rust/C kernel	35702	1500	direct TA_ATR call; caller output allocation excluded	catalogue_fixture_v1:f64le	fnv1a64:73fedfe0ae0a803f	0.6.4	43f9d5042ecc4bd367941846494ad907bf20ea50	3.12.13	0.6.4	0.6.4	2.2.3	rustc 1.93.0 (254b59607 2026-01-19)	Apple M2	Darwin 25.5.0 Darwin Kernel Version 25.5.0: Tue Jun  9 22:27:52 PDT 2026; root:xnu-12377.121.10~1/RELEASE_ARM64_T8112	aarch64	64	ta-core=default(f64,std); ta-benchmarks=catalogue-matrix	b156ac1ec5c781af0a386c4deab4769a4c5479c1	true
TA-Lib Python	Volatility Indicators	ATR: Average True Range	ATR	official Python NumPy API	timeperiod=14	256	float	1	1496.77349728	1487.4641505499999	1510.7538742665001	171034562.32036045	20	0	0	0	14	242	fnv1a64:e201ee4cd8bdbc90	verified		measured		unavailable	user-facing Python API cost; not aggregated with caller-owned kernels	27161	1298	direct talib.ATR NumPy API expression including API-owned output; fixture loading excluded	catalogue_fixture_v1:f64le	fnv1a64:73fedfe0ae0a803f	0.6.4	43f9d5042ecc4bd367941846494ad907bf20ea50	3.12.13	0.6.4	0.6.4	2.2.3	rustc 1.93.0 (254b59607 2026-01-19)	Apple M2	Darwin 25.5.0 Darwin Kernel Version 25.5.0: Tue Jun  9 22:27:52 PDT 2026; root:xnu-12377.121.10~1/RELEASE_ARM64_T8112	aarch64	64	ta-core=default(f64,std); ta-benchmarks=catalogue-matrix	b156ac1ec5c781af0a386c4deab4769a4c5479c1	true
fast-ta	Momentum Indicators	ADX: Average Directional Movement Index	ADX	Owned Compact Output	timeperiod=14	256	float	1	1876.1715089034674	1857.8373945641986	1891.342549203374	136448079.92507026	20	1	0	1	27	229	fnv1a64:5f19198bbbe9b60c	verified		measured		unavailable	separate Rust execution cost; not aggregated with the direct C kernel	26501	1067	IndicatorConfig::compute; API-owned Compact Output allocation included	catalogue_fixture_v1:f64le	fnv1a64:73fedfe0ae0a803f	0.6.4	43f9d5042ecc4bd367941846494ad907bf20ea50	3.12.13	0.6.4	0.6.4	2.2.3	rustc 1.93.0 (254b59607 2026-01-19)	Apple M2	Darwin 25.5.0 Darwin Kernel Version 25.5.0: Tue Jun  9 22:27:52 PDT 2026; root:xnu-12377.121.10~1/RELEASE_ARM64_T8112	aarch64	64	ta-core=default(f64,std); ta-benchmarks=catalogue-matrix	b156ac1ec5c781af0a386c4deab4769a4c5479c1	true
fast-ta	Momentum Indicators	ADX: Average Directional Movement Index	ADX	caller-owned Batch Computation	timeperiod=14	256	float	1	1813.0516652433816	1793.8368915456874	1844.7907771135783	141198403.17161337	20	0	0	0	27	229	fnv1a64:5f19198bbbe9b60c	verified		measured		comparable	primary caller-owned Rust/C kernel	26930	1171	IndicatorConfig::compute_into; caller output allocation excluded	catalogue_fixture_v1:f64le	fnv1a64:73fedfe0ae0a803f	0.6.4	43f9d5042ecc4bd367941846494ad907bf20ea50	3.12.13	0.6.4	0.6.4	2.2.3	rustc 1.93.0 (254b59607 2026-01-19)	Apple M2	Darwin 25.5.0 Darwin Kernel Version 25.5.0: Tue Jun  9 22:27:52 PDT 2026; root:xnu-12377.121.10~1/RELEASE_ARM64_T8112	aarch64	64	ta-core=default(f64,std); ta-benchmarks=catalogue-matrix	b156ac1ec5c781af0a386c4deab4769a4c5479c1	true
fast-ta	Momentum Indicators	ADX: Average Directional Movement Index	ADX	Prepared Batch Runner	timeperiod=14	256	float	1	1809.1039377289378	1794.680860805861	1823.4697802197802	141506518.5924973	20	0	0	0	27	229	fnv1a64:5f19198bbbe9b60c	verified		measured		unavailable	separate Rust execution cost; not aggregated with the direct C kernel	27026	1092	PreparedBatchRunner::compute_into; preparation and caller output allocation excluded	catalogue_fixture_v1:f64le	fnv1a64:73fedfe0ae0a803f	0.6.4	43f9d5042ecc4bd367941846494ad907bf20ea50	3.12.13	0.6.4	0.6.4	2.2.3	rustc 1.93.0 (254b59607 2026-01-19)	Apple M2	Darwin 25.5.0 Darwin Kernel Version 25.5.0: Tue Jun  9 22:27:52 PDT 2026; root:xnu-12377.121.10~1/RELEASE_ARM64_T8112	aarch64	64	ta-core=default(f64,std); ta-benchmarks=catalogue-matrix	b156ac1ec5c781af0a386c4deab4769a4c5479c1	true
fast-ta	Momentum Indicators	ADX: Average Directional Movement Index	ADX	Streaming Computation	timeperiod=14	256	float	1	2584.5967741935483	2568.8709677419356	2625.3225806451615	99048332.24125558	20	0	0	0	27	229	fnv1a64:5f19198bbbe9b60c	verified		measured		unavailable	separate Rust execution cost; not aggregated with the direct C kernel	20161	775	StreamingComputation::reset plus one next call per observation; stream and output allocation excluded	catalogue_fixture_v1:f64le	fnv1a64:73fedfe0ae0a803f	0.6.4	43f9d5042ecc4bd367941846494ad907bf20ea50	3.12.13	0.6.4	0.6.4	2.2.3	rustc 1.93.0 (254b59607 2026-01-19)	Apple M2	Darwin 25.5.0 Darwin Kernel Version 25.5.0: Tue Jun  9 22:27:52 PDT 2026; root:xnu-12377.121.10~1/RELEASE_ARM64_T8112	aarch64	64	ta-core=default(f64,std); ta-benchmarks=catalogue-matrix	b156ac1ec5c781af0a386c4deab4769a4c5479c1	true
TA-Lib C	Momentum Indicators	ADX: Average Directional Movement Index	ADX	direct C caller-owned	timeperiod=14	256	float	1	1500.723087818697	1445.2461048158643	1538.7896600566573	170584434.98200348	20	0	0	0	27	229	fnv1a64:1dcdacc4b2a9a145	verified		measured		comparable	primary caller-owned Rust/C kernel	32203	1412	direct TA_ADX call; caller output allocation excluded	catalogue_fixture_v1:f64le	fnv1a64:73fedfe0ae0a803f	0.6.4	43f9d5042ecc4bd367941846494ad907bf20ea50	3.12.13	0.6.4	0.6.4	2.2.3	rustc 1.93.0 (254b59607 2026-01-19)	Apple M2	Darwin 25.5.0 Darwin Kernel Version 25.5.0: Tue Jun  9 22:27:52 PDT 2026; root:xnu-12377.121.10~1/RELEASE_ARM64_T8112	aarch64	64	ta-core=default(f64,std); ta-benchmarks=catalogue-matrix	b156ac1ec5c781af0a386c4deab4769a4c5479c1	true
TA-Lib Python	Momentum Indicators	ADX: Average Directional Movement Index	ADX	official Python NumPy API	timeperiod=14	256	float	1	1636.0682354760002	1616.7412824459998	1658.3570174775	156472691.32727766	20	0	0	0	27	229	fnv1a64:1dcdacc4b2a9a145	verified		measured		unavailable	user-facing Python API cost; not aggregated with caller-owned kernels	25627	1231	direct talib.ADX NumPy API expression including API-owned output; fixture loading excluded	catalogue_fixture_v1:f64le	fnv1a64:73fedfe0ae0a803f	0.6.4	43f9d5042ecc4bd367941846494ad907bf20ea50	3.12.13	0.6.4	0.6.4	2.2.3	rustc 1.93.0 (254b59607 2026-01-19)	Apple M2	Darwin 25.5.0 Darwin Kernel Version 25.5.0: Tue Jun  9 22:27:52 PDT 2026; root:xnu-12377.121.10~1/RELEASE_ARM64_T8112	aarch64	64	ta-core=default(f64,std); ta-benchmarks=catalogue-matrix	b156ac1ec5c781af0a386c4deab4769a4c5479c1	true
fast-ta	Cycle Indicators	HT_DCPHASE: Hilbert Transform Dominant Cycle Phase	HT_DCPHASE	Owned Compact Output	none	256	float	1	25167.921686746988	25006.777108433736	25530.36746987952	10171678.18568052	20	0	0	0	63	193	fnv1a64:5de06b02103ca09e	verified		measured		unavailable	separate Rust execution cost; not aggregated with the direct C kernel	1980	83	IndicatorConfig::compute; API-owned Compact Output allocation included	catalogue_fixture_v1:f64le	fnv1a64:73fedfe0ae0a803f	0.6.4	43f9d5042ecc4bd367941846494ad907bf20ea50	3.12.13	0.6.4	0.6.4	2.2.3	rustc 1.93.0 (254b59607 2026-01-19)	Apple M2	Darwin 25.5.0 Darwin Kernel Version 25.5.0: Tue Jun  9 22:27:52 PDT 2026; root:xnu-12377.121.10~1/RELEASE_ARM64_T8112	aarch64	64	ta-core=default(f64,std); ta-benchmarks=catalogue-matrix	b156ac1ec5c781af0a386c4deab4769a4c5479c1	true
fast-ta	Cycle Indicators	HT_DCPHASE: Hilbert Transform Dominant Cycle Phase	HT_DCPHASE	caller-owned Batch Computation	none	256	float	1	24828.313253012046	24486.445783132527	25019.831325301202	10310809.171418173	20	0	0	0	63	193	fnv1a64:5de06b02103ca09e	verified		measured		comparable	primary caller-owned Rust/C kernel	1994	83	IndicatorConfig::compute_into; caller output allocation excluded	catalogue_fixture_v1:f64le	fnv1a64:73fedfe0ae0a803f	0.6.4	43f9d5042ecc4bd367941846494ad907bf20ea50	3.12.13	0.6.4	0.6.4	2.2.3	rustc 1.93.0 (254b59607 2026-01-19)	Apple M2	Darwin 25.5.0 Darwin Kernel Version 25.5.0: Tue Jun  9 22:27:52 PDT 2026; root:xnu-12377.121.10~1/RELEASE_ARM64_T8112	aarch64	64	ta-core=default(f64,std); ta-benchmarks=catalogue-matrix	b156ac1ec5c781af0a386c4deab4769a4c5479c1	true
fast-ta	Cycle Indicators	HT_DCPHASE: Hilbert Transform Dominant Cycle Phase	HT_DCPHASE	Prepared Batch Runner	none	256	float	1	24983.43373493976	24738.451807228917	25366.463855421687	10246790.041593827	20	0	0	0	63	193	fnv1a64:5de06b02103ca09e	verified		measured		unavailable	separate Rust execution cost; not aggregated with the direct C kernel	2004	83	PreparedBatchRunner::compute_into; preparation and caller output allocation excluded	catalogue_fixture_v1:f64le	fnv1a64:73fedfe0ae0a803f	0.6.4	43f9d5042ecc4bd367941846494ad907bf20ea50	3.12.13	0.6.4	0.6.4	2.2.3	rustc 1.93.0 (254b59607 2026-01-19)	Apple M2	Darwin 25.5.0 Darwin Kernel Version 25.5.0: Tue Jun  9 22:27:52 PDT 2026; root:xnu-12377.121.10~1/RELEASE_ARM64_T8112	aarch64	64	ta-core=default(f64,std); ta-benchmarks=catalogue-matrix	b156ac1ec5c781af0a386c4deab4769a4c5479c1	true
fast-ta	Cycle Indicators	HT_DCPHASE: Hilbert Transform Dominant Cycle Phase	HT_DCPHASE	Streaming Computation	none	256	float	1	24104.406976744187	23845.686046511626	24348.837209302328	10620464.558492875	20	1	0	1	63	193	fnv1a64:5de06b02103ca09e	verified		measured		unavailable	separate Rust execution cost; not aggregated with the direct C kernel	2059	86	StreamingComputation::reset plus one next call per observation; stream and output allocation excluded	catalogue_fixture_v1:f64le	fnv1a64:73fedfe0ae0a803f	0.6.4	43f9d5042ecc4bd367941846494ad907bf20ea50	3.12.13	0.6.4	0.6.4	2.2.3	rustc 1.93.0 (254b59607 2026-01-19)	Apple M2	Darwin 25.5.0 Darwin Kernel Version 25.5.0: Tue Jun  9 22:27:52 PDT 2026; root:xnu-12377.121.10~1/RELEASE_ARM64_T8112	aarch64	64	ta-core=default(f64,std); ta-benchmarks=catalogue-matrix	b156ac1ec5c781af0a386c4deab4769a4c5479c1	true
TA-Lib C	Cycle Indicators	HT_DCPHASE: Hilbert Transform Dominant Cycle Phase	HT_DCPHASE	direct C caller-owned	none	256	float	1	20428.102941176472	20290.64705882353	20489.176470588238	12531755.921593018	20	5	2	3	63	193	fnv1a64:a308bbdd7dd86e9c	verified		measured		comparable	primary caller-owned Rust/C kernel	2441	102	direct TA_HT_DCPHASE call; caller output allocation excluded	catalogue_fixture_v1:f64le	fnv1a64:73fedfe0ae0a803f	0.6.4	43f9d5042ecc4bd367941846494ad907bf20ea50	3.12.13	0.6.4	0.6.4	2.2.3	rustc 1.93.0 (254b59607 2026-01-19)	Apple M2	Darwin 25.5.0 Darwin Kernel Version 25.5.0: Tue Jun  9 22:27:52 PDT 2026; root:xnu-12377.121.10~1/RELEASE_ARM64_T8112	aarch64	64	ta-core=default(f64,std); ta-benchmarks=catalogue-matrix	b156ac1ec5c781af0a386c4deab4769a4c5479c1	true
TA-Lib Python	Cycle Indicators	HT_DCPHASE: Hilbert Transform Dominant Cycle Phase	HT_DCPHASE	official Python NumPy API	none	256	float	1	20543.6747392125	20439.258961747502	20817.0182655105	12461256.481605163	20	0	0	0	63	193	fnv1a64:a308bbdd7dd86e9c	verified		measured		unavailable	user-facing Python API cost; not aggregated with caller-owned kernels	2416	83	direct talib.HT_DCPHASE NumPy API expression including API-owned output; fixture loading excluded	catalogue_fixture_v1:f64le	fnv1a64:73fedfe0ae0a803f	0.6.4	43f9d5042ecc4bd367941846494ad907bf20ea50	3.12.13	0.6.4	0.6.4	2.2.3	rustc 1.93.0 (254b59607 2026-01-19)	Apple M2	Darwin 25.5.0 Darwin Kernel Version 25.5.0: Tue Jun  9 22:27:52 PDT 2026; root:xnu-12377.121.10~1/RELEASE_ARM64_T8112	aarch64	64	ta-core=default(f64,std); ta-benchmarks=catalogue-matrix	b156ac1ec5c781af0a386c4deab4769a4c5479c1	true
fast-ta	Pattern Recognition	CDLDOJI: Doji	CDLDOJI	Owned Compact Output	candle_settings=TA-Lib defaults	256	integer	1	1278.4658411614005	1256.546541417592	1297.661827497865	200239999.97328138	20	0	0	0	10	246	fnv1a64:1a5464c16caf8419	verified		measured		unavailable	separate Rust execution cost; not aggregated with the direct C kernel	38834	1171	IndicatorConfig::compute; API-owned Compact Output allocation included	catalogue_fixture_v1:f64le	fnv1a64:73fedfe0ae0a803f	0.6.4	43f9d5042ecc4bd367941846494ad907bf20ea50	3.12.13	0.6.4	0.6.4	2.2.3	rustc 1.93.0 (254b59607 2026-01-19)	Apple M2	Darwin 25.5.0 Darwin Kernel Version 25.5.0: Tue Jun  9 22:27:52 PDT 2026; root:xnu-12377.121.10~1/RELEASE_ARM64_T8112	aarch64	64	ta-core=default(f64,std); ta-benchmarks=catalogue-matrix	b156ac1ec5c781af0a386c4deab4769a4c5479c1	true
fast-ta	Pattern Recognition	CDLDOJI: Doji	CDLDOJI	caller-owned Batch Computation	candle_settings=TA-Lib defaults	256	integer	1	1218.6978125	1207.513125	1225.1953125	210060276.94006383	20	1	0	1	10	246	fnv1a64:1a5464c16caf8419	verified		measured		comparable	primary caller-owned Rust/C kernel	40577	1600	IndicatorConfig::compute_into; caller output allocation excluded	catalogue_fixture_v1:f64le	fnv1a64:73fedfe0ae0a803f	0.6.4	43f9d5042ecc4bd367941846494ad907bf20ea50	3.12.13	0.6.4	0.6.4	2.2.3	rustc 1.93.0 (254b59607 2026-01-19)	Apple M2	Darwin 25.5.0 Darwin Kernel Version 25.5.0: Tue Jun  9 22:27:52 PDT 2026; root:xnu-12377.121.10~1/RELEASE_ARM64_T8112	aarch64	64	ta-core=default(f64,std); ta-benchmarks=catalogue-matrix	b156ac1ec5c781af0a386c4deab4769a4c5479c1	true
fast-ta	Pattern Recognition	CDLDOJI: Doji	CDLDOJI	Prepared Batch Runner	candle_settings=TA-Lib defaults	256	integer	1	1209.641304347826	1200.7095410628017	1235.9347826086955	211632984.98476914	20	0	0	0	10	246	fnv1a64:1a5464c16caf8419	verified		measured		unavailable	separate Rust execution cost; not aggregated with the direct C kernel	41271	1656	PreparedBatchRunner::compute_into; preparation and caller output allocation excluded	catalogue_fixture_v1:f64le	fnv1a64:73fedfe0ae0a803f	0.6.4	43f9d5042ecc4bd367941846494ad907bf20ea50	3.12.13	0.6.4	0.6.4	2.2.3	rustc 1.93.0 (254b59607 2026-01-19)	Apple M2	Darwin 25.5.0 Darwin Kernel Version 25.5.0: Tue Jun  9 22:27:52 PDT 2026; root:xnu-12377.121.10~1/RELEASE_ARM64_T8112	aarch64	64	ta-core=default(f64,std); ta-benchmarks=catalogue-matrix	b156ac1ec5c781af0a386c4deab4769a4c5479c1	true
fast-ta	Pattern Recognition	CDLDOJI: Doji	CDLDOJI	Streaming Computation	candle_settings=TA-Lib defaults	256	integer	1	2638.899188092016	2616.09201623816	2665.5108254397837	97010147.69916004	20	0	0	0	10	246	fnv1a64:1a5464c16caf8419	verified		measured		unavailable	separate Rust execution cost; not aggregated with the direct C kernel	18658	739	StreamingComputation::reset plus one next call per observation; stream and output allocation excluded	catalogue_fixture_v1:f64le	fnv1a64:73fedfe0ae0a803f	0.6.4	43f9d5042ecc4bd367941846494ad907bf20ea50	3.12.13	0.6.4	0.6.4	2.2.3	rustc 1.93.0 (254b59607 2026-01-19)	Apple M2	Darwin 25.5.0 Darwin Kernel Version 25.5.0: Tue Jun  9 22:27:52 PDT 2026; root:xnu-12377.121.10~1/RELEASE_ARM64_T8112	aarch64	64	ta-core=default(f64,std); ta-benchmarks=catalogue-matrix	b156ac1ec5c781af0a386c4deab4769a4c5479c1	true
TA-Lib C	Pattern Recognition	CDLDOJI: Doji	CDLDOJI	direct C caller-owned	candle_settings=TA-Lib defaults	256	integer	1	402.0872420262664	397.6096518657494	407.5897435897436	636677748.6147566	20	0	0	0	10	246	fnv1a64:1a5464c16caf8419	verified		measured		comparable	primary caller-owned Rust/C kernel	121459	4797	direct TA_CDLDOJI call; caller output allocation excluded	catalogue_fixture_v1:f64le	fnv1a64:73fedfe0ae0a803f	0.6.4	43f9d5042ecc4bd367941846494ad907bf20ea50	3.12.13	0.6.4	0.6.4	2.2.3	rustc 1.93.0 (254b59607 2026-01-19)	Apple M2	Darwin 25.5.0 Darwin Kernel Version 25.5.0: Tue Jun  9 22:27:52 PDT 2026; root:xnu-12377.121.10~1/RELEASE_ARM64_T8112	aarch64	64	ta-core=default(f64,std); ta-benchmarks=catalogue-matrix	b156ac1ec5c781af0a386c4deab4769a4c5479c1	true
TA-Lib Python	Pattern Recognition	CDLDOJI: Doji	CDLDOJI	official Python NumPy API	candle_settings=TA-Lib defaults	256	integer	1	521.6909535095	517.3905120385	526.4903663445	490711978.57246006	20	1	1	0	10	246	fnv1a64:1a5464c16caf8419	verified		measured		unavailable	user-facing Python API cost; not aggregated with caller-owned kernels	61033	3425	direct talib.CDLDOJI NumPy API expression including API-owned output; fixture loading excluded	catalogue_fixture_v1:f64le	fnv1a64:73fedfe0ae0a803f	0.6.4	43f9d5042ecc4bd367941846494ad907bf20ea50	3.12.13	0.6.4	0.6.4	2.2.3	rustc 1.93.0 (254b59607 2026-01-19)	Apple M2	Darwin 25.5.0 Darwin Kernel Version 25.5.0: Tue Jun  9 22:27:52 PDT 2026; root:xnu-12377.121.10~1/RELEASE_ARM64_T8112	aarch64	64	ta-core=default(f64,std); ta-benchmarks=catalogue-matrix	b156ac1ec5c781af0a386c4deab4769a4c5479c1	true
fast-ta	Pattern Recognition	CDLENGULFING: Engulfing Pattern	CDLENGULFING	Owned Compact Output	candle_settings=TA-Lib defaults	256	integer	1	936.584249084249	923.5347985347985	949.0707417582418	273333659.25201666	20	0	0	0	2	254	fnv1a64:76a5786b86f2c019	verified		measured		unavailable	separate Rust execution cost; not aggregated with the direct C kernel	53545	2184	IndicatorConfig::compute; API-owned Compact Output allocation included	catalogue_fixture_v1:f64le	fnv1a64:73fedfe0ae0a803f	0.6.4	43f9d5042ecc4bd367941846494ad907bf20ea50	3.12.13	0.6.4	0.6.4	2.2.3	rustc 1.93.0 (254b59607 2026-01-19)	Apple M2	Darwin 25.5.0 Darwin Kernel Version 25.5.0: Tue Jun  9 22:27:52 PDT 2026; root:xnu-12377.121.10~1/RELEASE_ARM64_T8112	aarch64	64	ta-core=default(f64,std); ta-benchmarks=catalogue-matrix	b156ac1ec5c781af0a386c4deab4769a4c5479c1	true
fast-ta	Pattern Recognition	CDLENGULFING: Engulfing Pattern	CDLENGULFING	caller-owned Batch Computation	candle_settings=TA-Lib defaults	256	integer	1	877.9935443565182	870.4620991253645	885.1001665972511	291573897.8327255	20	1	0	1	2	254	fnv1a64:76a5786b86f2c019	verified		measured		comparable	primary caller-owned Rust/C kernel	54164	2401	IndicatorConfig::compute_into; caller output allocation excluded	catalogue_fixture_v1:f64le	fnv1a64:73fedfe0ae0a803f	0.6.4	43f9d5042ecc4bd367941846494ad907bf20ea50	3.12.13	0.6.4	0.6.4	2.2.3	rustc 1.93.0 (254b59607 2026-01-19)	Apple M2	Darwin 25.5.0 Darwin Kernel Version 25.5.0: Tue Jun  9 22:27:52 PDT 2026; root:xnu-12377.121.10~1/RELEASE_ARM64_T8112	aarch64	64	ta-core=default(f64,std); ta-benchmarks=catalogue-matrix	b156ac1ec5c781af0a386c4deab4769a4c5479c1	true
fast-ta	Pattern Recognition	CDLENGULFING: Engulfing Pattern	CDLENGULFING	Prepared Batch Runner	candle_settings=TA-Lib defaults	256	integer	1	853.0638670166229	835.9396325459318	877.6793525809273	300094764.1766798	20	0	0	0	2	254	fnv1a64:76a5786b86f2c019	verified		measured		unavailable	separate Rust execution cost; not aggregated with the direct C kernel	56416	2286	PreparedBatchRunner::compute_into; preparation and caller output allocation excluded	catalogue_fixture_v1:f64le	fnv1a64:73fedfe0ae0a803f	0.6.4	43f9d5042ecc4bd367941846494ad907bf20ea50	3.12.13	0.6.4	0.6.4	2.2.3	rustc 1.93.0 (254b59607 2026-01-19)	Apple M2	Darwin 25.5.0 Darwin Kernel Version 25.5.0: Tue Jun  9 22:27:52 PDT 2026; root:xnu-12377.121.10~1/RELEASE_ARM64_T8112	aarch64	64	ta-core=default(f64,std); ta-benchmarks=catalogue-matrix	b156ac1ec5c781af0a386c4deab4769a4c5479c1	true
fast-ta	Pattern Recognition	CDLENGULFING: Engulfing Pattern	CDLENGULFING	Streaming Computation	candle_settings=TA-Lib defaults	256	integer	1	2806.252440725244	2789.8940027894005	2850.127615062761	91224864.97823401	20	0	0	0	2	254	fnv1a64:76a5786b86f2c019	verified		measured		unavailable	separate Rust execution cost; not aggregated with the direct C kernel	17489	717	StreamingComputation::reset plus one next call per observation; stream and output allocation excluded	catalogue_fixture_v1:f64le	fnv1a64:73fedfe0ae0a803f	0.6.4	43f9d5042ecc4bd367941846494ad907bf20ea50	3.12.13	0.6.4	0.6.4	2.2.3	rustc 1.93.0 (254b59607 2026-01-19)	Apple M2	Darwin 25.5.0 Darwin Kernel Version 25.5.0: Tue Jun  9 22:27:52 PDT 2026; root:xnu-12377.121.10~1/RELEASE_ARM64_T8112	aarch64	64	ta-core=default(f64,std); ta-benchmarks=catalogue-matrix	b156ac1ec5c781af0a386c4deab4769a4c5479c1	true
TA-Lib C	Pattern Recognition	CDLENGULFING: Engulfing Pattern	CDLENGULFING	direct C caller-owned	candle_settings=TA-Lib defaults	256	integer	1	301.5163142999834	297.54170134842684	303.3023972032629	849041951.8238789	20	1	0	1	2	254	fnv1a64:76a5786b86f2c019	verified		measured		comparable	primary caller-owned Rust/C kernel	159531	6007	direct TA_CDLENGULFING call; caller output allocation excluded	catalogue_fixture_v1:f64le	fnv1a64:73fedfe0ae0a803f	0.6.4	43f9d5042ecc4bd367941846494ad907bf20ea50	3.12.13	0.6.4	0.6.4	2.2.3	rustc 1.93.0 (254b59607 2026-01-19)	Apple M2	Darwin 25.5.0 Darwin Kernel Version 25.5.0: Tue Jun  9 22:27:52 PDT 2026; root:xnu-12377.121.10~1/RELEASE_ARM64_T8112	aarch64	64	ta-core=default(f64,std); ta-benchmarks=catalogue-matrix	b156ac1ec5c781af0a386c4deab4769a4c5479c1	true
TA-Lib Python	Pattern Recognition	CDLENGULFING: Engulfing Pattern	CDLENGULFING	official Python NumPy API	candle_settings=TA-Lib defaults	256	integer	1	411.9415256305	410.312803201	416.6971048745	621447424.1415148	20	1	0	1	2	254	fnv1a64:76a5786b86f2c019	verified		measured		unavailable	user-facing Python API cost; not aggregated with caller-owned kernels	68651	4797	direct talib.CDLENGULFING NumPy API expression including API-owned output; fixture loading excluded	catalogue_fixture_v1:f64le	fnv1a64:73fedfe0ae0a803f	0.6.4	43f9d5042ecc4bd367941846494ad907bf20ea50	3.12.13	0.6.4	0.6.4	2.2.3	rustc 1.93.0 (254b59607 2026-01-19)	Apple M2	Darwin 25.5.0 Darwin Kernel Version 25.5.0: Tue Jun  9 22:27:52 PDT 2026; root:xnu-12377.121.10~1/RELEASE_ARM64_T8112	aarch64	64	ta-core=default(f64,std); ta-benchmarks=catalogue-matrix	b156ac1ec5c781af0a386c4deab4769a4c5479c1	true
fast-ta	Pattern Recognition	CDL3BLACKCROWS: Three Black Crows	CDL3BLACKCROWS	Owned Compact Output	candle_settings=TA-Lib defaults	256	integer	1	1860.0824742268042	1825.0740393626993	1878.7881911902532	137628306.02788925	20	0	0	0	13	243	fnv1a64:45f0057adf5d64eb	verified		measured		unavailable	separate Rust execution cost; not aggregated with the direct C kernel	26808	1067	IndicatorConfig::compute; API-owned Compact Output allocation included	catalogue_fixture_v1:f64le	fnv1a64:73fedfe0ae0a803f	0.6.4	43f9d5042ecc4bd367941846494ad907bf20ea50	3.12.13	0.6.4	0.6.4	2.2.3	rustc 1.93.0 (254b59607 2026-01-19)	Apple M2	Darwin 25.5.0 Darwin Kernel Version 25.5.0: Tue Jun  9 22:27:52 PDT 2026; root:xnu-12377.121.10~1/RELEASE_ARM64_T8112	aarch64	64	ta-core=default(f64,std); ta-benchmarks=catalogue-matrix	b156ac1ec5c781af0a386c4deab4769a4c5479c1	true
fast-ta	Pattern Recognition	CDL3BLACKCROWS: Three Black Crows	CDL3BLACKCROWS	caller-owned Batch Computation	candle_settings=TA-Lib defaults	256	integer	1	1784.3883161512026	1769.4965635738831	1797.5847651775487	143466530.0612221	20	0	0	0	13	243	fnv1a64:45f0057adf5d64eb	verified		measured		comparable	primary caller-owned Rust/C kernel	27794	873	IndicatorConfig::compute_into; caller output allocation excluded	catalogue_fixture_v1:f64le	fnv1a64:73fedfe0ae0a803f	0.6.4	43f9d5042ecc4bd367941846494ad907bf20ea50	3.12.13	0.6.4	0.6.4	2.2.3	rustc 1.93.0 (254b59607 2026-01-19)	Apple M2	Darwin 25.5.0 Darwin Kernel Version 25.5.0: Tue Jun  9 22:27:52 PDT 2026; root:xnu-12377.121.10~1/RELEASE_ARM64_T8112	aarch64	64	ta-core=default(f64,std); ta-benchmarks=catalogue-matrix	b156ac1ec5c781af0a386c4deab4769a4c5479c1	true
fast-ta	Pattern Recognition	CDL3BLACKCROWS: Three Black Crows	CDL3BLACKCROWS	Prepared Batch Runner	candle_settings=TA-Lib defaults	256	integer	1	1780.3293963254596	1765.5476815398076	1804.0061242344705	143793615.1188513	20	1	0	1	13	243	fnv1a64:45f0057adf5d64eb	verified		measured		unavailable	separate Rust execution cost; not aggregated with the direct C kernel	27702	1143	PreparedBatchRunner::compute_into; preparation and caller output allocation excluded	catalogue_fixture_v1:f64le	fnv1a64:73fedfe0ae0a803f	0.6.4	43f9d5042ecc4bd367941846494ad907bf20ea50	3.12.13	0.6.4	0.6.4	2.2.3	rustc 1.93.0 (254b59607 2026-01-19)	Apple M2	Darwin 25.5.0 Darwin Kernel Version 25.5.0: Tue Jun  9 22:27:52 PDT 2026; root:xnu-12377.121.10~1/RELEASE_ARM64_T8112	aarch64	64	ta-core=default(f64,std); ta-benchmarks=catalogue-matrix	b156ac1ec5c781af0a386c4deab4769a4c5479c1	true
fast-ta	Pattern Recognition	CDL3BLACKCROWS: Three Black Crows	CDL3BLACKCROWS	Streaming Computation	candle_settings=TA-Lib defaults	256	integer	1	4714.491916859122	4662.288683602772	4768.23441108545	54300655.19564019	20	0	0	0	13	243	fnv1a64:45f0057adf5d64eb	verified		measured		unavailable	separate Rust execution cost; not aggregated with the direct C kernel	10575	433	StreamingComputation::reset plus one next call per observation; stream and output allocation excluded	catalogue_fixture_v1:f64le	fnv1a64:73fedfe0ae0a803f	0.6.4	43f9d5042ecc4bd367941846494ad907bf20ea50	3.12.13	0.6.4	0.6.4	2.2.3	rustc 1.93.0 (254b59607 2026-01-19)	Apple M2	Darwin 25.5.0 Darwin Kernel Version 25.5.0: Tue Jun  9 22:27:52 PDT 2026; root:xnu-12377.121.10~1/RELEASE_ARM64_T8112	aarch64	64	ta-core=default(f64,std); ta-benchmarks=catalogue-matrix	b156ac1ec5c781af0a386c4deab4769a4c5479c1	true
TA-Lib C	Pattern Recognition	CDL3BLACKCROWS: Three Black Crows	CDL3BLACKCROWS	direct C caller-owned	candle_settings=TA-Lib defaults	256	integer	1	475.2051663510955	472.105761428185	489.92439816067076	538714681.8409371	20	0	0	0	13	243	fnv1a64:45f0057adf5d64eb	verified		measured		comparable	primary caller-owned Rust/C kernel	102074	3697	direct TA_CDL3BLACKCROWS call; caller output allocation excluded	catalogue_fixture_v1:f64le	fnv1a64:73fedfe0ae0a803f	0.6.4	43f9d5042ecc4bd367941846494ad907bf20ea50	3.12.13	0.6.4	0.6.4	2.2.3	rustc 1.93.0 (254b59607 2026-01-19)	Apple M2	Darwin 25.5.0 Darwin Kernel Version 25.5.0: Tue Jun  9 22:27:52 PDT 2026; root:xnu-12377.121.10~1/RELEASE_ARM64_T8112	aarch64	64	ta-core=default(f64,std); ta-benchmarks=catalogue-matrix	b156ac1ec5c781af0a386c4deab4769a4c5479c1	true
TA-Lib Python	Pattern Recognition	CDL3BLACKCROWS: Three Black Crows	CDL3BLACKCROWS	official Python NumPy API	candle_settings=TA-Lib defaults	256	integer	1	570.996089664	563.5025081575	578.281260459	448339322.5173258	20	0	0	0	13	243	fnv1a64:45f0057adf5d64eb	verified		measured		unavailable	user-facing Python API cost; not aggregated with caller-owned kernels	56512	3200	direct talib.CDL3BLACKCROWS NumPy API expression including API-owned output; fixture loading excluded	catalogue_fixture_v1:f64le	fnv1a64:73fedfe0ae0a803f	0.6.4	43f9d5042ecc4bd367941846494ad907bf20ea50	3.12.13	0.6.4	0.6.4	2.2.3	rustc 1.93.0 (254b59607 2026-01-19)	Apple M2	Darwin 25.5.0 Darwin Kernel Version 25.5.0: Tue Jun  9 22:27:52 PDT 2026; root:xnu-12377.121.10~1/RELEASE_ARM64_T8112	aarch64	64	ta-core=default(f64,std); ta-benchmarks=catalogue-matrix	b156ac1ec5c781af0a386c4deab4769a4c5479c1	true
fast-ta	Statistic Functions	LINEARREG: Linear Regression endpoint	LINEARREG	Owned Compact Output	timeperiod=14	256	float	1	1607.5174654752234	1589.9670999187651	1635.137286758733	159251768.95314157	20	0	0	0	13	243	fnv1a64:a694f85735c86cf8	verified		measured		unavailable	separate Rust execution cost; not aggregated with the direct C kernel	30255	1231	IndicatorConfig::compute; API-owned Compact Output allocation included	catalogue_fixture_v1:f64le	fnv1a64:73fedfe0ae0a803f	0.6.4	43f9d5042ecc4bd367941846494ad907bf20ea50	3.12.13	0.6.4	0.6.4	2.2.3	rustc 1.93.0 (254b59607 2026-01-19)	Apple M2	Darwin 25.5.0 Darwin Kernel Version 25.5.0: Tue Jun  9 22:27:52 PDT 2026; root:xnu-12377.121.10~1/RELEASE_ARM64_T8112	aarch64	64	ta-core=default(f64,std); ta-benchmarks=catalogue-matrix	b156ac1ec5c781af0a386c4deab4769a4c5479c1	true
fast-ta	Statistic Functions	LINEARREG: Linear Regression endpoint	LINEARREG	caller-owned Batch Computation	timeperiod=14	256	float	1	1560.1307879772544	1540.5329000812349	1568.1352558895207	164088807.1518093	20	2	0	2	13	243	fnv1a64:a694f85735c86cf8	verified		measured		comparable	primary caller-owned Rust/C kernel	31211	1231	IndicatorConfig::compute_into; caller output allocation excluded	catalogue_fixture_v1:f64le	fnv1a64:73fedfe0ae0a803f	0.6.4	43f9d5042ecc4bd367941846494ad907bf20ea50	3.12.13	0.6.4	0.6.4	2.2.3	rustc 1.93.0 (254b59607 2026-01-19)	Apple M2	Darwin 25.5.0 Darwin Kernel Version 25.5.0: Tue Jun  9 22:27:52 PDT 2026; root:xnu-12377.121.10~1/RELEASE_ARM64_T8112	aarch64	64	ta-core=default(f64,std); ta-benchmarks=catalogue-matrix	b156ac1ec5c781af0a386c4deab4769a4c5479c1	true
fast-ta	Statistic Functions	LINEARREG: Linear Regression endpoint	LINEARREG	Prepared Batch Runner	timeperiod=14	256	float	1	1550.414098613251	1535.6960708782742	1570.364406779661	165117177.5520979	20	1	0	1	13	243	fnv1a64:a694f85735c86cf8	verified		measured		unavailable	separate Rust execution cost; not aggregated with the direct C kernel	31742	1298	PreparedBatchRunner::compute_into; preparation and caller output allocation excluded	catalogue_fixture_v1:f64le	fnv1a64:73fedfe0ae0a803f	0.6.4	43f9d5042ecc4bd367941846494ad907bf20ea50	3.12.13	0.6.4	0.6.4	2.2.3	rustc 1.93.0 (254b59607 2026-01-19)	Apple M2	Darwin 25.5.0 Darwin Kernel Version 25.5.0: Tue Jun  9 22:27:52 PDT 2026; root:xnu-12377.121.10~1/RELEASE_ARM64_T8112	aarch64	64	ta-core=default(f64,std); ta-benchmarks=catalogue-matrix	b156ac1ec5c781af0a386c4deab4769a4c5479c1	true
fast-ta	Statistic Functions	LINEARREG: Linear Regression endpoint	LINEARREG	Streaming Computation	timeperiod=14	256	float	1	1445.0745877061468	1429.9880059970014	1460.2544977511245	177153485.48642328	20	0	0	0	13	243	fnv1a64:a694f85735c86cf8	verified		measured		unavailable	separate Rust execution cost; not aggregated with the direct C kernel	34085	1334	StreamingComputation::reset plus one next call per observation; stream and output allocation excluded	catalogue_fixture_v1:f64le	fnv1a64:73fedfe0ae0a803f	0.6.4	43f9d5042ecc4bd367941846494ad907bf20ea50	3.12.13	0.6.4	0.6.4	2.2.3	rustc 1.93.0 (254b59607 2026-01-19)	Apple M2	Darwin 25.5.0 Darwin Kernel Version 25.5.0: Tue Jun  9 22:27:52 PDT 2026; root:xnu-12377.121.10~1/RELEASE_ARM64_T8112	aarch64	64	ta-core=default(f64,std); ta-benchmarks=catalogue-matrix	b156ac1ec5c781af0a386c4deab4769a4c5479c1	true
TA-Lib C	Statistic Functions	LINEARREG: Linear Regression endpoint	LINEARREG	direct C caller-owned	timeperiod=14	256	float	1	1537.6055469953776	1510.2561633281973	1545.310092449923	166492635.5789022	20	0	0	0	13	243	fnv1a64:e0c618d18c393f6b	verified		measured		comparable	primary caller-owned Rust/C kernel	32034	1298	direct TA_LINEARREG call; caller output allocation excluded	catalogue_fixture_v1:f64le	fnv1a64:73fedfe0ae0a803f	0.6.4	43f9d5042ecc4bd367941846494ad907bf20ea50	3.12.13	0.6.4	0.6.4	2.2.3	rustc 1.93.0 (254b59607 2026-01-19)	Apple M2	Darwin 25.5.0 Darwin Kernel Version 25.5.0: Tue Jun  9 22:27:52 PDT 2026; root:xnu-12377.121.10~1/RELEASE_ARM64_T8112	aarch64	64	ta-core=default(f64,std); ta-benchmarks=catalogue-matrix	b156ac1ec5c781af0a386c4deab4769a4c5479c1	true
TA-Lib Python	Statistic Functions	LINEARREG: Linear Regression endpoint	LINEARREG	official Python NumPy API	timeperiod=14	256	float	1	1622.727734977	1606.2310489699998	1636.1715236784999	157759058.7022465	20	0	0	0	13	243	fnv1a64:e0c618d18c393f6b	verified		measured		unavailable	user-facing Python API cost; not aggregated with caller-owned kernels	25500	1201	direct talib.LINEARREG NumPy API expression including API-owned output; fixture loading excluded	catalogue_fixture_v1:f64le	fnv1a64:73fedfe0ae0a803f	0.6.4	43f9d5042ecc4bd367941846494ad907bf20ea50	3.12.13	0.6.4	0.6.4	2.2.3	rustc 1.93.0 (254b59607 2026-01-19)	Apple M2	Darwin 25.5.0 Darwin Kernel Version 25.5.0: Tue Jun  9 22:27:52 PDT 2026; root:xnu-12377.121.10~1/RELEASE_ARM64_T8112	aarch64	64	ta-core=default(f64,std); ta-benchmarks=catalogue-matrix	b156ac1ec5c781af0a386c4deab4769a4c5479c1	true
fast-ta	Price Transform	TYPPRICE: Typical Price	TYPPRICE	Owned Compact Output	none	256	float	1	447.34176780398445	445.0233569956492	453.1953286008702	572269388.697399	20	0	0	0	0	256	fnv1a64:956ef7b87e4ad4a6	verified		measured		unavailable	separate Rust execution cost; not aggregated with the direct C kernel	110213	4367	IndicatorConfig::compute; API-owned Compact Output allocation included	catalogue_fixture_v1:f64le	fnv1a64:73fedfe0ae0a803f	0.6.4	43f9d5042ecc4bd367941846494ad907bf20ea50	3.12.13	0.6.4	0.6.4	2.2.3	rustc 1.93.0 (254b59607 2026-01-19)	Apple M2	Darwin 25.5.0 Darwin Kernel Version 25.5.0: Tue Jun  9 22:27:52 PDT 2026; root:xnu-12377.121.10~1/RELEASE_ARM64_T8112	aarch64	64	ta-core=default(f64,std); ta-benchmarks=catalogue-matrix	b156ac1ec5c781af0a386c4deab4769a4c5479c1	true
fast-ta	Price Transform	TYPPRICE: Typical Price	TYPPRICE	caller-owned Batch Computation	none	256	float	1	412.33721946954245	408.7668318274556	419.9881958612649	620851060.5211315	20	1	0	1	0	256	fnv1a64:956ef7b87e4ad4a6	verified		measured		comparable	primary caller-owned Rust/C kernel	114009	3431	IndicatorConfig::compute_into; caller output allocation excluded	catalogue_fixture_v1:f64le	fnv1a64:73fedfe0ae0a803f	0.6.4	43f9d5042ecc4bd367941846494ad907bf20ea50	3.12.13	0.6.4	0.6.4	2.2.3	rustc 1.93.0 (254b59607 2026-01-19)	Apple M2	Darwin 25.5.0 Darwin Kernel Version 25.5.0: Tue Jun  9 22:27:52 PDT 2026; root:xnu-12377.121.10~1/RELEASE_ARM64_T8112	aarch64	64	ta-core=default(f64,std); ta-benchmarks=catalogue-matrix	b156ac1ec5c781af0a386c4deab4769a4c5479c1	true
fast-ta	Price Transform	TYPPRICE: Typical Price	TYPPRICE	Prepared Batch Runner	none	256	float	1	403.199459234609	399.6334234608985	406.0810108153078	634921486.4671773	20	0	0	0	0	256	fnv1a64:956ef7b87e4ad4a6	verified		measured		unavailable	separate Rust execution cost; not aggregated with the direct C kernel	121242	4808	PreparedBatchRunner::compute_into; preparation and caller output allocation excluded	catalogue_fixture_v1:f64le	fnv1a64:73fedfe0ae0a803f	0.6.4	43f9d5042ecc4bd367941846494ad907bf20ea50	3.12.13	0.6.4	0.6.4	2.2.3	rustc 1.93.0 (254b59607 2026-01-19)	Apple M2	Darwin 25.5.0 Darwin Kernel Version 25.5.0: Tue Jun  9 22:27:52 PDT 2026; root:xnu-12377.121.10~1/RELEASE_ARM64_T8112	aarch64	64	ta-core=default(f64,std); ta-benchmarks=catalogue-matrix	b156ac1ec5c781af0a386c4deab4769a4c5479c1	true
fast-ta	Price Transform	TYPPRICE: Typical Price	TYPPRICE	Streaming Computation	none	256	float	1	927.8367673992674	921.1023351648353	937.0137362637362	275910600.86740226	20	2	0	2	0	256	fnv1a64:956ef7b87e4ad4a6	verified		measured		unavailable	separate Rust execution cost; not aggregated with the direct C kernel	52633	2184	StreamingComputation::reset plus one next call per observation; stream and output allocation excluded	catalogue_fixture_v1:f64le	fnv1a64:73fedfe0ae0a803f	0.6.4	43f9d5042ecc4bd367941846494ad907bf20ea50	3.12.13	0.6.4	0.6.4	2.2.3	rustc 1.93.0 (254b59607 2026-01-19)	Apple M2	Darwin 25.5.0 Darwin Kernel Version 25.5.0: Tue Jun  9 22:27:52 PDT 2026; root:xnu-12377.121.10~1/RELEASE_ARM64_T8112	aarch64	64	ta-core=default(f64,std); ta-benchmarks=catalogue-matrix	b156ac1ec5c781af0a386c4deab4769a4c5479c1	true
TA-Lib C	Price Transform	TYPPRICE: Typical Price	TYPPRICE	direct C caller-owned	none	256	float	1	104.08853125	103.37109375	105.39584375	2459444829.566658	20	0	0	0	0	256	fnv1a64:956ef7b87e4ad4a6	verified		measured		comparable	primary caller-owned Rust/C kernel	456214	16000	direct TA_TYPPRICE call; caller output allocation excluded	catalogue_fixture_v1:f64le	fnv1a64:73fedfe0ae0a803f	0.6.4	43f9d5042ecc4bd367941846494ad907bf20ea50	3.12.13	0.6.4	0.6.4	2.2.3	rustc 1.93.0 (254b59607 2026-01-19)	Apple M2	Darwin 25.5.0 Darwin Kernel Version 25.5.0: Tue Jun  9 22:27:52 PDT 2026; root:xnu-12377.121.10~1/RELEASE_ARM64_T8112	aarch64	64	ta-core=default(f64,std); ta-benchmarks=catalogue-matrix	b156ac1ec5c781af0a386c4deab4769a4c5479c1	true
TA-Lib Python	Price Transform	TYPPRICE: Typical Price	TYPPRICE	official Python NumPy API	none	256	float	1	191.64110886499998	189.894776778	192.6318260425	1335830300.2741292	20	1	0	1	0	256	fnv1a64:956ef7b87e4ad4a6	verified		measured		unavailable	user-facing Python API cost; not aggregated with caller-owned kernels	99388	7969	direct talib.TYPPRICE NumPy API expression including API-owned output; fixture loading excluded	catalogue_fixture_v1:f64le	fnv1a64:73fedfe0ae0a803f	0.6.4	43f9d5042ecc4bd367941846494ad907bf20ea50	3.12.13	0.6.4	0.6.4	2.2.3	rustc 1.93.0 (254b59607 2026-01-19)	Apple M2	Darwin 25.5.0 Darwin Kernel Version 25.5.0: Tue Jun  9 22:27:52 PDT 2026; root:xnu-12377.121.10~1/RELEASE_ARM64_T8112	aarch64	64	ta-core=default(f64,std); ta-benchmarks=catalogue-matrix	b156ac1ec5c781af0a386c4deab4769a4c5479c1	true
fast-ta	Volume Indicators	OBV: On Balance Volume	OBV	Owned Compact Output	none	256	float	1	471.66150000000005	468.73425	481.125	542762129.1964682	20	0	0	0	0	256	fnv1a64:34a87e118e2aea2c	verified		measured		unavailable	separate Rust execution cost; not aggregated with the direct C kernel	101551	4000	IndicatorConfig::compute; API-owned Compact Output allocation included	catalogue_fixture_v1:f64le	fnv1a64:73fedfe0ae0a803f	0.6.4	43f9d5042ecc4bd367941846494ad907bf20ea50	3.12.13	0.6.4	0.6.4	2.2.3	rustc 1.93.0 (254b59607 2026-01-19)	Apple M2	Darwin 25.5.0 Darwin Kernel Version 25.5.0: Tue Jun  9 22:27:52 PDT 2026; root:xnu-12377.121.10~1/RELEASE_ARM64_T8112	aarch64	64	ta-core=default(f64,std); ta-benchmarks=catalogue-matrix	b156ac1ec5c781af0a386c4deab4769a4c5479c1	true
fast-ta	Volume Indicators	OBV: On Balance Volume	OBV	caller-owned Batch Computation	none	256	float	1	435.58325	431.1875	441.224	587717732.4885656	20	1	0	1	0	256	fnv1a64:34a87e118e2aea2c	verified		measured		comparable	primary caller-owned Rust/C kernel	110387	4000	IndicatorConfig::compute_into; caller output allocation excluded	catalogue_fixture_v1:f64le	fnv1a64:73fedfe0ae0a803f	0.6.4	43f9d5042ecc4bd367941846494ad907bf20ea50	3.12.13	0.6.4	0.6.4	2.2.3	rustc 1.93.0 (254b59607 2026-01-19)	Apple M2	Darwin 25.5.0 Darwin Kernel Version 25.5.0: Tue Jun  9 22:27:52 PDT 2026; root:xnu-12377.121.10~1/RELEASE_ARM64_T8112	aarch64	64	ta-core=default(f64,std); ta-benchmarks=catalogue-matrix	b156ac1ec5c781af0a386c4deab4769a4c5479c1	true
fast-ta	Volume Indicators	OBV: On Balance Volume	OBV	Prepared Batch Runner	none	256	float	1	438.6134513274336	434.6828318584071	448.65044247787614	583657430.5353234	20	0	0	0	0	256	fnv1a64:34a87e118e2aea2c	verified		measured		unavailable	separate Rust execution cost; not aggregated with the direct C kernel	108802	2825	PreparedBatchRunner::compute_into; preparation and caller output allocation excluded	catalogue_fixture_v1:f64le	fnv1a64:73fedfe0ae0a803f	0.6.4	43f9d5042ecc4bd367941846494ad907bf20ea50	3.12.13	0.6.4	0.6.4	2.2.3	rustc 1.93.0 (254b59607 2026-01-19)	Apple M2	Darwin 25.5.0 Darwin Kernel Version 25.5.0: Tue Jun  9 22:27:52 PDT 2026; root:xnu-12377.121.10~1/RELEASE_ARM64_T8112	aarch64	64	ta-core=default(f64,std); ta-benchmarks=catalogue-matrix	b156ac1ec5c781af0a386c4deab4769a4c5479c1	true
fast-ta	Volume Indicators	OBV: On Balance Volume	OBV	Streaming Computation	none	256	float	1	1457.835901386749	1444.6421417565484	1471.9441448382127	175602754.57373706	20	2	0	2	0	256	fnv1a64:34a87e118e2aea2c	verified		measured		unavailable	separate Rust execution cost; not aggregated with the direct C kernel	33923	1298	StreamingComputation::reset plus one next call per observation; stream and output allocation excluded	catalogue_fixture_v1:f64le	fnv1a64:73fedfe0ae0a803f	0.6.4	43f9d5042ecc4bd367941846494ad907bf20ea50	3.12.13	0.6.4	0.6.4	2.2.3	rustc 1.93.0 (254b59607 2026-01-19)	Apple M2	Darwin 25.5.0 Darwin Kernel Version 25.5.0: Tue Jun  9 22:27:52 PDT 2026; root:xnu-12377.121.10~1/RELEASE_ARM64_T8112	aarch64	64	ta-core=default(f64,std); ta-benchmarks=catalogue-matrix	b156ac1ec5c781af0a386c4deab4769a4c5479c1	true
TA-Lib C	Volume Indicators	OBV: On Balance Volume	OBV	direct C caller-owned	none	256	float	1	247.9805109489051	246.39	252.75846715328467	1032339190.7711138	20	0	0	0	0	256	fnv1a64:34a87e118e2aea2c	verified		measured		comparable	primary caller-owned Rust/C kernel	194452	6850	direct TA_OBV call; caller output allocation excluded	catalogue_fixture_v1:f64le	fnv1a64:73fedfe0ae0a803f	0.6.4	43f9d5042ecc4bd367941846494ad907bf20ea50	3.12.13	0.6.4	0.6.4	2.2.3	rustc 1.93.0 (254b59607 2026-01-19)	Apple M2	Darwin 25.5.0 Darwin Kernel Version 25.5.0: Tue Jun  9 22:27:52 PDT 2026; root:xnu-12377.121.10~1/RELEASE_ARM64_T8112	aarch64	64	ta-core=default(f64,std); ta-benchmarks=catalogue-matrix	b156ac1ec5c781af0a386c4deab4769a4c5479c1	true
TA-Lib Python	Volume Indicators	OBV: On Balance Volume	OBV	official Python NumPy API	none	256	float	1	343.230595487	340.7269349255	350.6124814405	745854254.7373114	20	0	0	0	0	256	fnv1a64:34a87e118e2aea2c	verified		measured		unavailable	user-facing Python API cost; not aggregated with caller-owned kernels	77431	5334	direct talib.OBV NumPy API expression including API-owned output; fixture loading excluded	catalogue_fixture_v1:f64le	fnv1a64:73fedfe0ae0a803f	0.6.4	43f9d5042ecc4bd367941846494ad907bf20ea50	3.12.13	0.6.4	0.6.4	2.2.3	rustc 1.93.0 (254b59607 2026-01-19)	Apple M2	Darwin 25.5.0 Darwin Kernel Version 25.5.0: Tue Jun  9 22:27:52 PDT 2026; root:xnu-12377.121.10~1/RELEASE_ARM64_T8112	aarch64	64	ta-core=default(f64,std); ta-benchmarks=catalogue-matrix	b156ac1ec5c781af0a386c4deab4769a4c5479c1	true
fast-ta	Math Transform	SIN: Vector Trigonometric Sine	SIN	Owned Compact Output	none	256	float	1	1013.6147500000001	1006.7397500000001	1029.5832500000001	252561439.1463818	20	1	0	1	0	256	fnv1a64:4a7dd747524cff33	verified		measured		unavailable	separate Rust execution cost; not aggregated with the direct C kernel	47969	2000	IndicatorConfig::compute; API-owned Compact Output allocation included	catalogue_fixture_v1:f64le	fnv1a64:73fedfe0ae0a803f	0.6.4	43f9d5042ecc4bd367941846494ad907bf20ea50	3.12.13	0.6.4	0.6.4	2.2.3	rustc 1.93.0 (254b59607 2026-01-19)	Apple M2	Darwin 25.5.0 Darwin Kernel Version 25.5.0: Tue Jun  9 22:27:52 PDT 2026; root:xnu-12377.121.10~1/RELEASE_ARM64_T8112	aarch64	64	ta-core=default(f64,std); ta-benchmarks=catalogue-matrix	b156ac1ec5c781af0a386c4deab4769a4c5479c1	true
fast-ta	Math Transform	SIN: Vector Trigonometric Sine	SIN	caller-owned Batch Computation	none	256	float	1	980.02075	964.25	993.5102499999999	261218958.88428894	20	0	0	0	0	256	fnv1a64:4a7dd747524cff33	verified		measured		comparable	primary caller-owned Rust/C kernel	50872	2000	IndicatorConfig::compute_into; caller output allocation excluded	catalogue_fixture_v1:f64le	fnv1a64:73fedfe0ae0a803f	0.6.4	43f9d5042ecc4bd367941846494ad907bf20ea50	3.12.13	0.6.4	0.6.4	2.2.3	rustc 1.93.0 (254b59607 2026-01-19)	Apple M2	Darwin 25.5.0 Darwin Kernel Version 25.5.0: Tue Jun  9 22:27:52 PDT 2026; root:xnu-12377.121.10~1/RELEASE_ARM64_T8112	aarch64	64	ta-core=default(f64,std); ta-benchmarks=catalogue-matrix	b156ac1ec5c781af0a386c4deab4769a4c5479c1	true
fast-ta	Math Transform	SIN: Vector Trigonometric Sine	SIN	Prepared Batch Runner	none	256	float	1	980.65625	973.573	1002.2289999999999	261049679.74251935	20	0	0	0	0	256	fnv1a64:4a7dd747524cff33	verified		measured		unavailable	separate Rust execution cost; not aggregated with the direct C kernel	49482	2000	PreparedBatchRunner::compute_into; preparation and caller output allocation excluded	catalogue_fixture_v1:f64le	fnv1a64:73fedfe0ae0a803f	0.6.4	43f9d5042ecc4bd367941846494ad907bf20ea50	3.12.13	0.6.4	0.6.4	2.2.3	rustc 1.93.0 (254b59607 2026-01-19)	Apple M2	Darwin 25.5.0 Darwin Kernel Version 25.5.0: Tue Jun  9 22:27:52 PDT 2026; root:xnu-12377.121.10~1/RELEASE_ARM64_T8112	aarch64	64	ta-core=default(f64,std); ta-benchmarks=catalogue-matrix	b156ac1ec5c781af0a386c4deab4769a4c5479c1	true
fast-ta	Math Transform	SIN: Vector Trigonometric Sine	SIN	Streaming Computation	none	256	float	1	962.46875	949.875	979.4167500000001	265982661.77473295	20	0	0	0	0	256	fnv1a64:4a7dd747524cff33	verified		measured		unavailable	separate Rust execution cost; not aggregated with the direct C kernel	51631	2000	StreamingComputation::reset plus one next call per observation; stream and output allocation excluded	catalogue_fixture_v1:f64le	fnv1a64:73fedfe0ae0a803f	0.6.4	43f9d5042ecc4bd367941846494ad907bf20ea50	3.12.13	0.6.4	0.6.4	2.2.3	rustc 1.93.0 (254b59607 2026-01-19)	Apple M2	Darwin 25.5.0 Darwin Kernel Version 25.5.0: Tue Jun  9 22:27:52 PDT 2026; root:xnu-12377.121.10~1/RELEASE_ARM64_T8112	aarch64	64	ta-core=default(f64,std); ta-benchmarks=catalogue-matrix	b156ac1ec5c781af0a386c4deab4769a4c5479c1	true
TA-Lib C	Math Transform	SIN: Vector Trigonometric Sine	SIN	direct C caller-owned	none	256	float	1	898.7497603068073	890.0407478427612	909.6258389261745	284840131.59859866	20	0	0	0	0	256	fnv1a64:4a7dd747524cff33	verified		measured		comparable	primary caller-owned Rust/C kernel	54914	2086	direct TA_SIN call; caller output allocation excluded	catalogue_fixture_v1:f64le	fnv1a64:73fedfe0ae0a803f	0.6.4	43f9d5042ecc4bd367941846494ad907bf20ea50	3.12.13	0.6.4	0.6.4	2.2.3	rustc 1.93.0 (254b59607 2026-01-19)	Apple M2	Darwin 25.5.0 Darwin Kernel Version 25.5.0: Tue Jun  9 22:27:52 PDT 2026; root:xnu-12377.121.10~1/RELEASE_ARM64_T8112	aarch64	64	ta-core=default(f64,std); ta-benchmarks=catalogue-matrix	b156ac1ec5c781af0a386c4deab4769a4c5479c1	true
TA-Lib Python	Math Transform	SIN: Vector Trigonometric Sine	SIN	official Python NumPy API	none	256	float	1	995.285057099	980.8922596185	1010.7606841009999	257212743.39853364	20	0	0	0	0	256	fnv1a64:4a7dd747524cff33	verified		measured		unavailable	user-facing Python API cost; not aggregated with caller-owned kernels	37093	1847	direct talib.SIN NumPy API expression including API-owned output; fixture loading excluded	catalogue_fixture_v1:f64le	fnv1a64:73fedfe0ae0a803f	0.6.4	43f9d5042ecc4bd367941846494ad907bf20ea50	3.12.13	0.6.4	0.6.4	2.2.3	rustc 1.93.0 (254b59607 2026-01-19)	Apple M2	Darwin 25.5.0 Darwin Kernel Version 25.5.0: Tue Jun  9 22:27:52 PDT 2026; root:xnu-12377.121.10~1/RELEASE_ARM64_T8112	aarch64	64	ta-core=default(f64,std); ta-benchmarks=catalogue-matrix	b156ac1ec5c781af0a386c4deab4769a4c5479c1	true
fast-ta	Math Operators	ADD: Vector Arithmetic Add	ADD	Owned Compact Output	none	256	float	1	295.45141092002007	291.0092669894807	299.2013691768242	866470731.017427	20	1	0	1	0	256	fnv1a64:c5367dde45f21bf7	verified		measured		unavailable	separate Rust execution cost; not aggregated with the direct C kernel	165792	5989	IndicatorConfig::compute; API-owned Compact Output allocation included	catalogue_fixture_v1:f64le	fnv1a64:73fedfe0ae0a803f	0.6.4	43f9d5042ecc4bd367941846494ad907bf20ea50	3.12.13	0.6.4	0.6.4	2.2.3	rustc 1.93.0 (254b59607 2026-01-19)	Apple M2	Darwin 25.5.0 Darwin Kernel Version 25.5.0: Tue Jun  9 22:27:52 PDT 2026; root:xnu-12377.121.10~1/RELEASE_ARM64_T8112	aarch64	64	ta-core=default(f64,std); ta-benchmarks=catalogue-matrix	b156ac1ec5c781af0a386c4deab4769a4c5479c1	true
fast-ta	Math Operators	ADD: Vector Arithmetic Add	ADD	caller-owned Batch Computation	none	256	float	1	264.03890510948906	261.8583211678832	267.85883211678834	969554088.6061636	20	0	0	0	0	256	fnv1a64:c5367dde45f21bf7	verified		measured		comparable	primary caller-owned Rust/C kernel	179084	6850	IndicatorConfig::compute_into; caller output allocation excluded	catalogue_fixture_v1:f64le	fnv1a64:73fedfe0ae0a803f	0.6.4	43f9d5042ecc4bd367941846494ad907bf20ea50	3.12.13	0.6.4	0.6.4	2.2.3	rustc 1.93.0 (254b59607 2026-01-19)	Apple M2	Darwin 25.5.0 Darwin Kernel Version 25.5.0: Tue Jun  9 22:27:52 PDT 2026; root:xnu-12377.121.10~1/RELEASE_ARM64_T8112	aarch64	64	ta-core=default(f64,std); ta-benchmarks=catalogue-matrix	b156ac1ec5c781af0a386c4deab4769a4c5479c1	true
fast-ta	Math Operators	ADD: Vector Arithmetic Add	ADD	Prepared Batch Runner	none	256	float	1	260.5260625	258.0625625	265.21612500000003	982627217.95828	20	0	0	0	0	256	fnv1a64:c5367dde45f21bf7	verified		measured		unavailable	separate Rust execution cost; not aggregated with the direct C kernel	186784	8000	PreparedBatchRunner::compute_into; preparation and caller output allocation excluded	catalogue_fixture_v1:f64le	fnv1a64:73fedfe0ae0a803f	0.6.4	43f9d5042ecc4bd367941846494ad907bf20ea50	3.12.13	0.6.4	0.6.4	2.2.3	rustc 1.93.0 (254b59607 2026-01-19)	Apple M2	Darwin 25.5.0 Darwin Kernel Version 25.5.0: Tue Jun  9 22:27:52 PDT 2026; root:xnu-12377.121.10~1/RELEASE_ARM64_T8112	aarch64	64	ta-core=default(f64,std); ta-benchmarks=catalogue-matrix	b156ac1ec5c781af0a386c4deab4769a4c5479c1	true
fast-ta	Math Operators	ADD: Vector Arithmetic Add	ADD	Streaming Computation	none	256	float	1	295.3376642335767	293.5005839416058	298.6557664233577	866804444.5476981	20	0	0	0	0	256	fnv1a64:c5367dde45f21bf7	verified		measured		unavailable	separate Rust execution cost; not aggregated with the direct C kernel	161847	6850	StreamingComputation::reset plus one next call per observation; stream and output allocation excluded	catalogue_fixture_v1:f64le	fnv1a64:73fedfe0ae0a803f	0.6.4	43f9d5042ecc4bd367941846494ad907bf20ea50	3.12.13	0.6.4	0.6.4	2.2.3	rustc 1.93.0 (254b59607 2026-01-19)	Apple M2	Darwin 25.5.0 Darwin Kernel Version 25.5.0: Tue Jun  9 22:27:52 PDT 2026; root:xnu-12377.121.10~1/RELEASE_ARM64_T8112	aarch64	64	ta-core=default(f64,std); ta-benchmarks=catalogue-matrix	b156ac1ec5c781af0a386c4deab4769a4c5479c1	true
TA-Lib C	Math Operators	ADD: Vector Arithmetic Add	ADD	direct C caller-owned	none	256	float	1	64.98993650661907	64.60088392745985	65.79136407021622	3939071397.2143517	20	0	0	0	0	256	fnv1a64:c5367dde45f21bf7	verified		measured		comparable	primary caller-owned Rust/C kernel	706743	24097	direct TA_ADD call; caller output allocation excluded	catalogue_fixture_v1:f64le	fnv1a64:73fedfe0ae0a803f	0.6.4	43f9d5042ecc4bd367941846494ad907bf20ea50	3.12.13	0.6.4	0.6.4	2.2.3	rustc 1.93.0 (254b59607 2026-01-19)	Apple M2	Darwin 25.5.0 Darwin Kernel Version 25.5.0: Tue Jun  9 22:27:52 PDT 2026; root:xnu-12377.121.10~1/RELEASE_ARM64_T8112	aarch64	64	ta-core=default(f64,std); ta-benchmarks=catalogue-matrix	b156ac1ec5c781af0a386c4deab4769a4c5479c1	true
TA-Lib Python	Math Operators	ADD: Vector Arithmetic Add	ADD	official Python NumPy API	none	256	float	1	170.0421711815	166.0491898065	173.07747430749998	1505508887.71439	20	0	0	0	0	256	fnv1a64:c5367dde45f21bf7	verified		measured		unavailable	user-facing Python API cost; not aggregated with caller-owned kernels	106925	9616	direct talib.ADD NumPy API expression including API-owned output; fixture loading excluded	catalogue_fixture_v1:f64le	fnv1a64:73fedfe0ae0a803f	0.6.4	43f9d5042ecc4bd367941846494ad907bf20ea50	3.12.13	0.6.4	0.6.4	2.2.3	rustc 1.93.0 (254b59607 2026-01-19)	Apple M2	Darwin 25.5.0 Darwin Kernel Version 25.5.0: Tue Jun  9 22:27:52 PDT 2026; root:xnu-12377.121.10~1/RELEASE_ARM64_T8112	aarch64	64	ta-core=default(f64,std); ta-benchmarks=catalogue-matrix	b156ac1ec5c781af0a386c4deab4769a4c5479c1	true
fast-ta	Overlap Studies	SMA: Simple Moving Average	SMA	Owned Compact Output	timeperiod=14	4096	float	1	6637.6549586776855	6411.157024793389	6906.508264462809	617085405.2371503	20	4	0	4	13	4083	fnv1a64:85a9e76a8f8e5d5a	verified		measured		unavailable	separate Rust execution cost; not aggregated with the direct C kernel	5238	242	IndicatorConfig::compute; API-owned Compact Output allocation included	catalogue_fixture_v1:f64le	fnv1a64:06be03be64d63c6c	0.6.4	43f9d5042ecc4bd367941846494ad907bf20ea50	3.12.13	0.6.4	0.6.4	2.2.3	rustc 1.93.0 (254b59607 2026-01-19)	Apple M2	Darwin 25.5.0 Darwin Kernel Version 25.5.0: Tue Jun  9 22:27:52 PDT 2026; root:xnu-12377.121.10~1/RELEASE_ARM64_T8112	aarch64	64	ta-core=default(f64,std); ta-benchmarks=catalogue-matrix	b156ac1ec5c781af0a386c4deab4769a4c5479c1	true
fast-ta	Overlap Studies	SMA: Simple Moving Average	SMA	caller-owned Batch Computation	timeperiod=14	4096	float	1	41161.855769230766	40418.66346153846	42048.88461538461	99509604.78953514	20	1	1	0	13	4083	fnv1a64:85a9e76a8f8e5d5a	verified		measured		comparable	primary caller-owned Rust/C kernel	1200	52	IndicatorConfig::compute_into; caller output allocation excluded	catalogue_fixture_v1:f64le	fnv1a64:06be03be64d63c6c	0.6.4	43f9d5042ecc4bd367941846494ad907bf20ea50	3.12.13	0.6.4	0.6.4	2.2.3	rustc 1.93.0 (254b59607 2026-01-19)	Apple M2	Darwin 25.5.0 Darwin Kernel Version 25.5.0: Tue Jun  9 22:27:52 PDT 2026; root:xnu-12377.121.10~1/RELEASE_ARM64_T8112	aarch64	64	ta-core=default(f64,std); ta-benchmarks=catalogue-matrix	b156ac1ec5c781af0a386c4deab4769a4c5479c1	true
fast-ta	Overlap Studies	SMA: Simple Moving Average	SMA	Prepared Batch Runner	timeperiod=14	4096	float	1	38825.62037037037	38401.231481481474	39366.51851851852	105497348.42423399	20	1	0	1	13	4083	fnv1a64:85a9e76a8f8e5d5a	verified		measured		unavailable	separate Rust execution cost; not aggregated with the direct C kernel	1245	54	PreparedBatchRunner::compute_into; preparation and caller output allocation excluded	catalogue_fixture_v1:f64le	fnv1a64:06be03be64d63c6c	0.6.4	43f9d5042ecc4bd367941846494ad907bf20ea50	3.12.13	0.6.4	0.6.4	2.2.3	rustc 1.93.0 (254b59607 2026-01-19)	Apple M2	Darwin 25.5.0 Darwin Kernel Version 25.5.0: Tue Jun  9 22:27:52 PDT 2026; root:xnu-12377.121.10~1/RELEASE_ARM64_T8112	aarch64	64	ta-core=default(f64,std); ta-benchmarks=catalogue-matrix	b156ac1ec5c781af0a386c4deab4769a4c5479c1	true
fast-ta	Overlap Studies	SMA: Simple Moving Average	SMA	Streaming Computation	timeperiod=14	4096	float	1	20763.33	20672.5	21015.625	197270861.65851045	20	0	0	0	13	4083	fnv1a64:85a9e76a8f8e5d5a	verified		measured		unavailable	separate Rust execution cost; not aggregated with the direct C kernel	2403	100	StreamingComputation::reset plus one next call per observation; stream and output allocation excluded	catalogue_fixture_v1:f64le	fnv1a64:06be03be64d63c6c	0.6.4	43f9d5042ecc4bd367941846494ad907bf20ea50	3.12.13	0.6.4	0.6.4	2.2.3	rustc 1.93.0 (254b59607 2026-01-19)	Apple M2	Darwin 25.5.0 Darwin Kernel Version 25.5.0: Tue Jun  9 22:27:52 PDT 2026; root:xnu-12377.121.10~1/RELEASE_ARM64_T8112	aarch64	64	ta-core=default(f64,std); ta-benchmarks=catalogue-matrix	b156ac1ec5c781af0a386c4deab4769a4c5479c1	true
TA-Lib C	Overlap Studies	SMA: Simple Moving Average	SMA	direct C caller-owned	timeperiod=14	4096	float	1	7696.061818181818	7541.590909090908	7766.0599999999995	532220257.1610415	20	0	0	0	13	4083	fnv1a64:9577750b1dc4758a	verified		measured		comparable	primary caller-owned Rust/C kernel	6647	275	direct TA_SMA call; caller output allocation excluded	catalogue_fixture_v1:f64le	fnv1a64:06be03be64d63c6c	0.6.4	43f9d5042ecc4bd367941846494ad907bf20ea50	3.12.13	0.6.4	0.6.4	2.2.3	rustc 1.93.0 (254b59607 2026-01-19)	Apple M2	Darwin 25.5.0 Darwin Kernel Version 25.5.0: Tue Jun  9 22:27:52 PDT 2026; root:xnu-12377.121.10~1/RELEASE_ARM64_T8112	aarch64	64	ta-core=default(f64,std); ta-benchmarks=catalogue-matrix	b156ac1ec5c781af0a386c4deab4769a4c5479c1	true
TA-Lib Python	Overlap Studies	SMA: Simple Moving Average	SMA	official Python NumPy API	timeperiod=14	4096	float	1	7875.2323150715	7677.587336898499	8093.2453222795	520111640.66374743	20	1	0	1	13	4083	fnv1a64:9577750b1dc4758a	verified		measured		unavailable	user-facing Python API cost; not aggregated with caller-owned kernels	6264	269	direct talib.SMA NumPy API expression including API-owned output; fixture loading excluded	catalogue_fixture_v1:f64le	fnv1a64:06be03be64d63c6c	0.6.4	43f9d5042ecc4bd367941846494ad907bf20ea50	3.12.13	0.6.4	0.6.4	2.2.3	rustc 1.93.0 (254b59607 2026-01-19)	Apple M2	Darwin 25.5.0 Darwin Kernel Version 25.5.0: Tue Jun  9 22:27:52 PDT 2026; root:xnu-12377.121.10~1/RELEASE_ARM64_T8112	aarch64	64	ta-core=default(f64,std); ta-benchmarks=catalogue-matrix	b156ac1ec5c781af0a386c4deab4769a4c5479c1	true
fast-ta	Overlap Studies	BBANDS: Bollinger Bands	BBANDS	Owned Compact Output	timeperiod=20;nbdevup=2;nbdevdn=2;matype=SMA	4096	float	3	17899.78879310345	17548.6724137931	18255.564655172413	228829515.66323143	20	0	0	0	19	4077	fnv1a64:d9bc0e193c594d44	verified		measured		unavailable	separate Rust execution cost; not aggregated with the direct C kernel	2740	116	IndicatorConfig::compute; API-owned Compact Output allocation included	catalogue_fixture_v1:f64le	fnv1a64:06be03be64d63c6c	0.6.4	43f9d5042ecc4bd367941846494ad907bf20ea50	3.12.13	0.6.4	0.6.4	2.2.3	rustc 1.93.0 (254b59607 2026-01-19)	Apple M2	Darwin 25.5.0 Darwin Kernel Version 25.5.0: Tue Jun  9 22:27:52 PDT 2026; root:xnu-12377.121.10~1/RELEASE_ARM64_T8112	aarch64	64	ta-core=default(f64,std); ta-benchmarks=catalogue-matrix	b156ac1ec5c781af0a386c4deab4769a4c5479c1	true
fast-ta	Overlap Studies	BBANDS: Bollinger Bands	BBANDS	caller-owned Batch Computation	timeperiod=20;nbdevup=2;nbdevdn=2;matype=SMA	4096	float	3	16758.366141732284	16439.96062992126	17014.271653543306	244415235.07473645	20	0	0	0	19	4077	fnv1a64:d9bc0e193c594d44	verified		measured		comparable	primary caller-owned Rust/C kernel	3005	127	IndicatorConfig::compute_into; caller output allocation excluded	catalogue_fixture_v1:f64le	fnv1a64:06be03be64d63c6c	0.6.4	43f9d5042ecc4bd367941846494ad907bf20ea50	3.12.13	0.6.4	0.6.4	2.2.3	rustc 1.93.0 (254b59607 2026-01-19)	Apple M2	Darwin 25.5.0 Darwin Kernel Version 25.5.0: Tue Jun  9 22:27:52 PDT 2026; root:xnu-12377.121.10~1/RELEASE_ARM64_T8112	aarch64	64	ta-core=default(f64,std); ta-benchmarks=catalogue-matrix	b156ac1ec5c781af0a386c4deab4769a4c5479c1	true
fast-ta	Overlap Studies	BBANDS: Bollinger Bands	BBANDS	Prepared Batch Runner	timeperiod=20;nbdevup=2;nbdevdn=2;matype=SMA	4096	float	3	16610.074803149608	16343.66535433071	17036.582677165352	246597324.1266388	20	0	0	0	19	4077	fnv1a64:d9bc0e193c594d44	verified		measured		unavailable	separate Rust execution cost; not aggregated with the direct C kernel	2978	127	PreparedBatchRunner::compute_into; preparation and caller output allocation excluded	catalogue_fixture_v1:f64le	fnv1a64:06be03be64d63c6c	0.6.4	43f9d5042ecc4bd367941846494ad907bf20ea50	3.12.13	0.6.4	0.6.4	2.2.3	rustc 1.93.0 (254b59607 2026-01-19)	Apple M2	Darwin 25.5.0 Darwin Kernel Version 25.5.0: Tue Jun  9 22:27:52 PDT 2026; root:xnu-12377.121.10~1/RELEASE_ARM64_T8112	aarch64	64	ta-core=default(f64,std); ta-benchmarks=catalogue-matrix	b156ac1ec5c781af0a386c4deab4769a4c5479c1	true
fast-ta	Overlap Studies	BBANDS: Bollinger Bands	BBANDS	Streaming Computation	timeperiod=20;nbdevup=2;nbdevdn=2;matype=SMA	4096	float	3	28015.691780821915	27480.020547945205	28514.835616438355	146203778.6553573	20	0	0	0	19	4077	fnv1a64:d9bc0e193c594d44	verified		measured		unavailable	separate Rust execution cost; not aggregated with the direct C kernel	1743	73	StreamingComputation::reset plus one next call per observation; stream and output allocation excluded	catalogue_fixture_v1:f64le	fnv1a64:06be03be64d63c6c	0.6.4	43f9d5042ecc4bd367941846494ad907bf20ea50	3.12.13	0.6.4	0.6.4	2.2.3	rustc 1.93.0 (254b59607 2026-01-19)	Apple M2	Darwin 25.5.0 Darwin Kernel Version 25.5.0: Tue Jun  9 22:27:52 PDT 2026; root:xnu-12377.121.10~1/RELEASE_ARM64_T8112	aarch64	64	ta-core=default(f64,std); ta-benchmarks=catalogue-matrix	b156ac1ec5c781af0a386c4deab4769a4c5479c1	true
TA-Lib C	Overlap Studies	BBANDS: Bollinger Bands	BBANDS	direct C caller-owned	timeperiod=20;nbdevup=2;nbdevdn=2;matype=SMA	4096	float	3	17193.225	16677.8625	17507.2875	238233373.9016386	20	1	0	1	19	4077	fnv1a64:bc9fd89b1f41e7d7	verified		measured		comparable	primary caller-owned Rust/C kernel	2965	80	direct TA_BBANDS call; caller output allocation excluded	catalogue_fixture_v1:f64le	fnv1a64:06be03be64d63c6c	0.6.4	43f9d5042ecc4bd367941846494ad907bf20ea50	3.12.13	0.6.4	0.6.4	2.2.3	rustc 1.93.0 (254b59607 2026-01-19)	Apple M2	Darwin 25.5.0 Darwin Kernel Version 25.5.0: Tue Jun  9 22:27:52 PDT 2026; root:xnu-12377.121.10~1/RELEASE_ARM64_T8112	aarch64	64	ta-core=default(f64,std); ta-benchmarks=catalogue-matrix	b156ac1ec5c781af0a386c4deab4769a4c5479c1	true
TA-Lib Python	Overlap Studies	BBANDS: Bollinger Bands	BBANDS	official Python NumPy API	timeperiod=20;nbdevup=2;nbdevdn=2;matype=SMA	4096	float	3	18995.212477558	18417.402799035503	19369.840588981002	215633281.5355049	20	0	0	0	19	4077	fnv1a64:bc9fd89b1f41e7d7	verified		measured		unavailable	user-facing Python API cost; not aggregated with caller-owned kernels	2531	113	direct talib.BBANDS NumPy API expression including API-owned output; fixture loading excluded	catalogue_fixture_v1:f64le	fnv1a64:06be03be64d63c6c	0.6.4	43f9d5042ecc4bd367941846494ad907bf20ea50	3.12.13	0.6.4	0.6.4	2.2.3	rustc 1.93.0 (254b59607 2026-01-19)	Apple M2	Darwin 25.5.0 Darwin Kernel Version 25.5.0: Tue Jun  9 22:27:52 PDT 2026; root:xnu-12377.121.10~1/RELEASE_ARM64_T8112	aarch64	64	ta-core=default(f64,std); ta-benchmarks=catalogue-matrix	b156ac1ec5c781af0a386c4deab4769a4c5479c1	true
fast-ta	Momentum Indicators	RSI: Relative Strength Index	RSI	Owned Compact Output	timeperiod=14	4096	float	1	24900.329545454544	24110.556818181816	27228.460227272728	164495814.90569904	20	2	0	2	14	4082	fnv1a64:6ed644285034132b	verified		measured		unavailable	separate Rust execution cost; not aggregated with the direct C kernel	2092	88	IndicatorConfig::compute; API-owned Compact Output allocation included	catalogue_fixture_v1:f64le	fnv1a64:06be03be64d63c6c	0.6.4	43f9d5042ecc4bd367941846494ad907bf20ea50	3.12.13	0.6.4	0.6.4	2.2.3	rustc 1.93.0 (254b59607 2026-01-19)	Apple M2	Darwin 25.5.0 Darwin Kernel Version 25.5.0: Tue Jun  9 22:27:52 PDT 2026; root:xnu-12377.121.10~1/RELEASE_ARM64_T8112	aarch64	64	ta-core=default(f64,std); ta-benchmarks=catalogue-matrix	b156ac1ec5c781af0a386c4deab4769a4c5479c1	true
fast-ta	Momentum Indicators	RSI: Relative Strength Index	RSI	caller-owned Batch Computation	timeperiod=14	4096	float	1	23479.62777777778	23082.405555555553	23717.588888888888	174449102.8037781	20	0	0	0	14	4082	fnv1a64:6ed644285034132b	verified		measured		comparable	primary caller-owned Rust/C kernel	2138	90	IndicatorConfig::compute_into; caller output allocation excluded	catalogue_fixture_v1:f64le	fnv1a64:06be03be64d63c6c	0.6.4	43f9d5042ecc4bd367941846494ad907bf20ea50	3.12.13	0.6.4	0.6.4	2.2.3	rustc 1.93.0 (254b59607 2026-01-19)	Apple M2	Darwin 25.5.0 Darwin Kernel Version 25.5.0: Tue Jun  9 22:27:52 PDT 2026; root:xnu-12377.121.10~1/RELEASE_ARM64_T8112	aarch64	64	ta-core=default(f64,std); ta-benchmarks=catalogue-matrix	b156ac1ec5c781af0a386c4deab4769a4c5479c1	true
fast-ta	Momentum Indicators	RSI: Relative Strength Index	RSI	Prepared Batch Runner	timeperiod=14	4096	float	1	23333.329545454544	22717.801136363636	23626.426136363636	175542885.64007884	20	0	0	0	14	4082	fnv1a64:6ed644285034132b	verified		measured		unavailable	separate Rust execution cost; not aggregated with the direct C kernel	2134	88	PreparedBatchRunner::compute_into; preparation and caller output allocation excluded	catalogue_fixture_v1:f64le	fnv1a64:06be03be64d63c6c	0.6.4	43f9d5042ecc4bd367941846494ad907bf20ea50	3.12.13	0.6.4	0.6.4	2.2.3	rustc 1.93.0 (254b59607 2026-01-19)	Apple M2	Darwin 25.5.0 Darwin Kernel Version 25.5.0: Tue Jun  9 22:27:52 PDT 2026; root:xnu-12377.121.10~1/RELEASE_ARM64_T8112	aarch64	64	ta-core=default(f64,std); ta-benchmarks=catalogue-matrix	b156ac1ec5c781af0a386c4deab4769a4c5479c1	true
fast-ta	Momentum Indicators	RSI: Relative Strength Index	RSI	Streaming Computation	timeperiod=14	4096	float	1	37731.767857142855	37120.91071428572	38316.58928571428	108555740.4971843	20	0	0	0	14	4082	fnv1a64:6ed644285034132b	verified		measured		unavailable	separate Rust execution cost; not aggregated with the direct C kernel	1321	56	StreamingComputation::reset plus one next call per observation; stream and output allocation excluded	catalogue_fixture_v1:f64le	fnv1a64:06be03be64d63c6c	0.6.4	43f9d5042ecc4bd367941846494ad907bf20ea50	3.12.13	0.6.4	0.6.4	2.2.3	rustc 1.93.0 (254b59607 2026-01-19)	Apple M2	Darwin 25.5.0 Darwin Kernel Version 25.5.0: Tue Jun  9 22:27:52 PDT 2026; root:xnu-12377.121.10~1/RELEASE_ARM64_T8112	aarch64	64	ta-core=default(f64,std); ta-benchmarks=catalogue-matrix	b156ac1ec5c781af0a386c4deab4769a4c5479c1	true
TA-Lib C	Momentum Indicators	RSI: Relative Strength Index	RSI	direct C caller-owned	timeperiod=14	4096	float	1	24057.901162790695	23637.35465116279	24359.00581395349	170255916.02043426	20	0	0	0	14	4082	fnv1a64:6ed644285034132b	verified		measured		comparable	primary caller-owned Rust/C kernel	2088	86	direct TA_RSI call; caller output allocation excluded	catalogue_fixture_v1:f64le	fnv1a64:06be03be64d63c6c	0.6.4	43f9d5042ecc4bd367941846494ad907bf20ea50	3.12.13	0.6.4	0.6.4	2.2.3	rustc 1.93.0 (254b59607 2026-01-19)	Apple M2	Darwin 25.5.0 Darwin Kernel Version 25.5.0: Tue Jun  9 22:27:52 PDT 2026; root:xnu-12377.121.10~1/RELEASE_ARM64_T8112	aarch64	64	ta-core=default(f64,std); ta-benchmarks=catalogue-matrix	b156ac1ec5c781af0a386c4deab4769a4c5479c1	true
TA-Lib Python	Momentum Indicators	RSI: Relative Strength Index	RSI	official Python NumPy API	timeperiod=14	4096	float	1	24932.8026974335	24532.577888646498	25382.0350774055	164281571.13767353	20	1	0	1	14	4082	fnv1a64:6ed644285034132b	verified		measured		unavailable	user-facing Python API cost; not aggregated with caller-owned kernels	1950	71	direct talib.RSI NumPy API expression including API-owned output; fixture loading excluded	catalogue_fixture_v1:f64le	fnv1a64:06be03be64d63c6c	0.6.4	43f9d5042ecc4bd367941846494ad907bf20ea50	3.12.13	0.6.4	0.6.4	2.2.3	rustc 1.93.0 (254b59607 2026-01-19)	Apple M2	Darwin 25.5.0 Darwin Kernel Version 25.5.0: Tue Jun  9 22:27:52 PDT 2026; root:xnu-12377.121.10~1/RELEASE_ARM64_T8112	aarch64	64	ta-core=default(f64,std); ta-benchmarks=catalogue-matrix	b156ac1ec5c781af0a386c4deab4769a4c5479c1	true
fast-ta	Momentum Indicators	MACD: Moving Average Convergence/Divergence	MACD	Owned Compact Output	fastperiod=12;slowperiod=26;signalperiod=9	4096	float	3	16914.406976744183	16411.98062015504	16948.96899224806	242160426.05759922	20	0	0	0	33	4063	fnv1a64:c59701467711d106	verified		measured		unavailable	separate Rust execution cost; not aggregated with the direct C kernel	3022	129	IndicatorConfig::compute; API-owned Compact Output allocation included	catalogue_fixture_v1:f64le	fnv1a64:06be03be64d63c6c	0.6.4	43f9d5042ecc4bd367941846494ad907bf20ea50	3.12.13	0.6.4	0.6.4	2.2.3	rustc 1.93.0 (254b59607 2026-01-19)	Apple M2	Darwin 25.5.0 Darwin Kernel Version 25.5.0: Tue Jun  9 22:27:52 PDT 2026; root:xnu-12377.121.10~1/RELEASE_ARM64_T8112	aarch64	64	ta-core=default(f64,std); ta-benchmarks=catalogue-matrix	b156ac1ec5c781af0a386c4deab4769a4c5479c1	true
fast-ta	Momentum Indicators	MACD: Moving Average Convergence/Divergence	MACD	caller-owned Batch Computation	fastperiod=12;slowperiod=26;signalperiod=9	4096	float	3	14868.160447761193	14659.048507462685	15144.585820895521	275488014.4313189	20	1	0	1	33	4063	fnv1a64:c59701467711d106	verified		measured		comparable	primary caller-owned Rust/C kernel	3310	134	IndicatorConfig::compute_into; caller output allocation excluded	catalogue_fixture_v1:f64le	fnv1a64:06be03be64d63c6c	0.6.4	43f9d5042ecc4bd367941846494ad907bf20ea50	3.12.13	0.6.4	0.6.4	2.2.3	rustc 1.93.0 (254b59607 2026-01-19)	Apple M2	Darwin 25.5.0 Darwin Kernel Version 25.5.0: Tue Jun  9 22:27:52 PDT 2026; root:xnu-12377.121.10~1/RELEASE_ARM64_T8112	aarch64	64	ta-core=default(f64,std); ta-benchmarks=catalogue-matrix	b156ac1ec5c781af0a386c4deab4769a4c5479c1	true
fast-ta	Momentum Indicators	MACD: Moving Average Convergence/Divergence	MACD	Prepared Batch Runner	fastperiod=12;slowperiod=26;signalperiod=9	4096	float	3	14809.54609929078	14629.283687943263	15050.531914893618	276578361.85783947	20	2	0	2	33	4063	fnv1a64:c59701467711d106	verified		measured		unavailable	separate Rust execution cost; not aggregated with the direct C kernel	3323	141	PreparedBatchRunner::compute_into; preparation and caller output allocation excluded	catalogue_fixture_v1:f64le	fnv1a64:06be03be64d63c6c	0.6.4	43f9d5042ecc4bd367941846494ad907bf20ea50	3.12.13	0.6.4	0.6.4	2.2.3	rustc 1.93.0 (254b59607 2026-01-19)	Apple M2	Darwin 25.5.0 Darwin Kernel Version 25.5.0: Tue Jun  9 22:27:52 PDT 2026; root:xnu-12377.121.10~1/RELEASE_ARM64_T8112	aarch64	64	ta-core=default(f64,std); ta-benchmarks=catalogue-matrix	b156ac1ec5c781af0a386c4deab4769a4c5479c1	true
fast-ta	Momentum Indicators	MACD: Moving Average Convergence/Divergence	MACD	Streaming Computation	fastperiod=12;slowperiod=26;signalperiod=9	4096	float	3	42664.21568627451	41676.470588235294	43905.63725490196	96005515.02269202	20	1	0	1	33	4063	fnv1a64:c59701467711d106	verified		measured		unavailable	separate Rust execution cost; not aggregated with the direct C kernel	1173	51	StreamingComputation::reset plus one next call per observation; stream and output allocation excluded	catalogue_fixture_v1:f64le	fnv1a64:06be03be64d63c6c	0.6.4	43f9d5042ecc4bd367941846494ad907bf20ea50	3.12.13	0.6.4	0.6.4	2.2.3	rustc 1.93.0 (254b59607 2026-01-19)	Apple M2	Darwin 25.5.0 Darwin Kernel Version 25.5.0: Tue Jun  9 22:27:52 PDT 2026; root:xnu-12377.121.10~1/RELEASE_ARM64_T8112	aarch64	64	ta-core=default(f64,std); ta-benchmarks=catalogue-matrix	b156ac1ec5c781af0a386c4deab4769a4c5479c1	true
TA-Lib C	Momentum Indicators	MACD: Moving Average Convergence/Divergence	MACD	direct C caller-owned	fastperiod=12;slowperiod=26;signalperiod=9	4096	float	3	29160.671232876713	28692.924657534248	30351.602739726026	140463159.00239062	20	1	0	1	33	4063	fnv1a64:1a2ab1fe5c86c3b9	verified		measured		comparable	primary caller-owned Rust/C kernel	1667	73	direct TA_MACD call; caller output allocation excluded	catalogue_fixture_v1:f64le	fnv1a64:06be03be64d63c6c	0.6.4	43f9d5042ecc4bd367941846494ad907bf20ea50	3.12.13	0.6.4	0.6.4	2.2.3	rustc 1.93.0 (254b59607 2026-01-19)	Apple M2	Darwin 25.5.0 Darwin Kernel Version 25.5.0: Tue Jun  9 22:27:52 PDT 2026; root:xnu-12377.121.10~1/RELEASE_ARM64_T8112	aarch64	64	ta-core=default(f64,std); ta-benchmarks=catalogue-matrix	b156ac1ec5c781af0a386c4deab4769a4c5479c1	true
TA-Lib Python	Momentum Indicators	MACD: Moving Average Convergence/Divergence	MACD	official Python NumPy API	fastperiod=12;slowperiod=26;signalperiod=9	4096	float	3	29068.014769376998	28878.36736216	29383.8743613485	140910895.79034874	20	1	0	1	33	4063	fnv1a64:1a2ab1fe5c86c3b9	verified		measured		unavailable	user-facing Python API cost; not aggregated with caller-owned kernels	1652	68	direct talib.MACD NumPy API expression including API-owned output; fixture loading excluded	catalogue_fixture_v1:f64le	fnv1a64:06be03be64d63c6c	0.6.4	43f9d5042ecc4bd367941846494ad907bf20ea50	3.12.13	0.6.4	0.6.4	2.2.3	rustc 1.93.0 (254b59607 2026-01-19)	Apple M2	Darwin 25.5.0 Darwin Kernel Version 25.5.0: Tue Jun  9 22:27:52 PDT 2026; root:xnu-12377.121.10~1/RELEASE_ARM64_T8112	aarch64	64	ta-core=default(f64,std); ta-benchmarks=catalogue-matrix	b156ac1ec5c781af0a386c4deab4769a4c5479c1	true
fast-ta	Volatility Indicators	ATR: Average True Range	ATR	Owned Compact Output	timeperiod=14	4096	float	1	27044.770270270274	26751.12837837838	27400.621621621623	151452571.38688448	20	0	0	0	14	4082	fnv1a64:2f3c03f7c4fd984a	verified		measured		unavailable	separate Rust execution cost; not aggregated with the direct C kernel	1824	74	IndicatorConfig::compute; API-owned Compact Output allocation included	catalogue_fixture_v1:f64le	fnv1a64:06be03be64d63c6c	0.6.4	43f9d5042ecc4bd367941846494ad907bf20ea50	3.12.13	0.6.4	0.6.4	2.2.3	rustc 1.93.0 (254b59607 2026-01-19)	Apple M2	Darwin 25.5.0 Darwin Kernel Version 25.5.0: Tue Jun  9 22:27:52 PDT 2026; root:xnu-12377.121.10~1/RELEASE_ARM64_T8112	aarch64	64	ta-core=default(f64,std); ta-benchmarks=catalogue-matrix	b156ac1ec5c781af0a386c4deab4769a4c5479c1	true
fast-ta	Volatility Indicators	ATR: Average True Range	ATR	caller-owned Batch Computation	timeperiod=14	4096	float	1	26369.923076923078	26036.858974358976	26623.666666666664	155328477.37369788	20	0	0	0	14	4082	fnv1a64:2f3c03f7c4fd984a	verified		measured		comparable	primary caller-owned Rust/C kernel	1920	78	IndicatorConfig::compute_into; caller output allocation excluded	catalogue_fixture_v1:f64le	fnv1a64:06be03be64d63c6c	0.6.4	43f9d5042ecc4bd367941846494ad907bf20ea50	3.12.13	0.6.4	0.6.4	2.2.3	rustc 1.93.0 (254b59607 2026-01-19)	Apple M2	Darwin 25.5.0 Darwin Kernel Version 25.5.0: Tue Jun  9 22:27:52 PDT 2026; root:xnu-12377.121.10~1/RELEASE_ARM64_T8112	aarch64	64	ta-core=default(f64,std); ta-benchmarks=catalogue-matrix	b156ac1ec5c781af0a386c4deab4769a4c5479c1	true
fast-ta	Volatility Indicators	ATR: Average True Range	ATR	Prepared Batch Runner	timeperiod=14	4096	float	1	26814.85	26599.737500000003	26979.43125	152751180.78229043	20	4	1	3	14	4082	fnv1a64:2f3c03f7c4fd984a	verified		measured		unavailable	separate Rust execution cost; not aggregated with the direct C kernel	1860	80	PreparedBatchRunner::compute_into; preparation and caller output allocation excluded	catalogue_fixture_v1:f64le	fnv1a64:06be03be64d63c6c	0.6.4	43f9d5042ecc4bd367941846494ad907bf20ea50	3.12.13	0.6.4	0.6.4	2.2.3	rustc 1.93.0 (254b59607 2026-01-19)	Apple M2	Darwin 25.5.0 Darwin Kernel Version 25.5.0: Tue Jun  9 22:27:52 PDT 2026; root:xnu-12377.121.10~1/RELEASE_ARM64_T8112	aarch64	64	ta-core=default(f64,std); ta-benchmarks=catalogue-matrix	b156ac1ec5c781af0a386c4deab4769a4c5479c1	true
fast-ta	Volatility Indicators	ATR: Average True Range	ATR	Streaming Computation	timeperiod=14	4096	float	1	29942.021739130432	29596.61594202899	30221.311594202904	136797709.77679327	20	1	0	1	14	4082	fnv1a64:2f3c03f7c4fd984a	verified		measured		unavailable	separate Rust execution cost; not aggregated with the direct C kernel	1633	69	StreamingComputation::reset plus one next call per observation; stream and output allocation excluded	catalogue_fixture_v1:f64le	fnv1a64:06be03be64d63c6c	0.6.4	43f9d5042ecc4bd367941846494ad907bf20ea50	3.12.13	0.6.4	0.6.4	2.2.3	rustc 1.93.0 (254b59607 2026-01-19)	Apple M2	Darwin 25.5.0 Darwin Kernel Version 25.5.0: Tue Jun  9 22:27:52 PDT 2026; root:xnu-12377.121.10~1/RELEASE_ARM64_T8112	aarch64	64	ta-core=default(f64,std); ta-benchmarks=catalogue-matrix	b156ac1ec5c781af0a386c4deab4769a4c5479c1	true
TA-Lib C	Volatility Indicators	ATR: Average True Range	ATR	direct C caller-owned	timeperiod=14	4096	float	1	21999.07222222222	21780.55	22310.65	186189670.11992678	20	0	0	0	14	4082	fnv1a64:2f3c03f7c4fd984a	verified		measured		comparable	primary caller-owned Rust/C kernel	2241	90	direct TA_ATR call; caller output allocation excluded	catalogue_fixture_v1:f64le	fnv1a64:06be03be64d63c6c	0.6.4	43f9d5042ecc4bd367941846494ad907bf20ea50	3.12.13	0.6.4	0.6.4	2.2.3	rustc 1.93.0 (254b59607 2026-01-19)	Apple M2	Darwin 25.5.0 Darwin Kernel Version 25.5.0: Tue Jun  9 22:27:52 PDT 2026; root:xnu-12377.121.10~1/RELEASE_ARM64_T8112	aarch64	64	ta-core=default(f64,std); ta-benchmarks=catalogue-matrix	b156ac1ec5c781af0a386c4deab4769a4c5479c1	true
TA-Lib Python	Volatility Indicators	ATR: Average True Range	ATR	official Python NumPy API	timeperiod=14	4096	float	1	22459.272947867998	22218.750073631	22663.508196164003	182374559.02991834	20	1	0	1	14	4082	fnv1a64:2f3c03f7c4fd984a	verified		measured		unavailable	user-facing Python API cost; not aggregated with caller-owned kernels	2164	66	direct talib.ATR NumPy API expression including API-owned output; fixture loading excluded	catalogue_fixture_v1:f64le	fnv1a64:06be03be64d63c6c	0.6.4	43f9d5042ecc4bd367941846494ad907bf20ea50	3.12.13	0.6.4	0.6.4	2.2.3	rustc 1.93.0 (254b59607 2026-01-19)	Apple M2	Darwin 25.5.0 Darwin Kernel Version 25.5.0: Tue Jun  9 22:27:52 PDT 2026; root:xnu-12377.121.10~1/RELEASE_ARM64_T8112	aarch64	64	ta-core=default(f64,std); ta-benchmarks=catalogue-matrix	b156ac1ec5c781af0a386c4deab4769a4c5479c1	true
fast-ta	Momentum Indicators	ADX: Average Directional Movement Index	ADX	Owned Compact Output	timeperiod=14	4096	float	1	30444.852941176472	30178.61764705882	30745.70588235294	134538340.780099	20	1	0	1	27	4069	fnv1a64:c1d363ac0cdbd25d	verified		measured		unavailable	separate Rust execution cost; not aggregated with the direct C kernel	1640	68	IndicatorConfig::compute; API-owned Compact Output allocation included	catalogue_fixture_v1:f64le	fnv1a64:06be03be64d63c6c	0.6.4	43f9d5042ecc4bd367941846494ad907bf20ea50	3.12.13	0.6.4	0.6.4	2.2.3	rustc 1.93.0 (254b59607 2026-01-19)	Apple M2	Darwin 25.5.0 Darwin Kernel Version 25.5.0: Tue Jun  9 22:27:52 PDT 2026; root:xnu-12377.121.10~1/RELEASE_ARM64_T8112	aarch64	64	ta-core=default(f64,std); ta-benchmarks=catalogue-matrix	b156ac1ec5c781af0a386c4deab4769a4c5479c1	true
fast-ta	Momentum Indicators	ADX: Average Directional Movement Index	ADX	caller-owned Batch Computation	timeperiod=14	4096	float	1	29775.065217391304	29526.26811594203	30027.77536231884	137564770.05489713	20	1	0	1	27	4069	fnv1a64:c1d363ac0cdbd25d	verified		measured		comparable	primary caller-owned Rust/C kernel	1664	69	IndicatorConfig::compute_into; caller output allocation excluded	catalogue_fixture_v1:f64le	fnv1a64:06be03be64d63c6c	0.6.4	43f9d5042ecc4bd367941846494ad907bf20ea50	3.12.13	0.6.4	0.6.4	2.2.3	rustc 1.93.0 (254b59607 2026-01-19)	Apple M2	Darwin 25.5.0 Darwin Kernel Version 25.5.0: Tue Jun  9 22:27:52 PDT 2026; root:xnu-12377.121.10~1/RELEASE_ARM64_T8112	aarch64	64	ta-core=default(f64,std); ta-benchmarks=catalogue-matrix	b156ac1ec5c781af0a386c4deab4769a4c5479c1	true
fast-ta	Momentum Indicators	ADX: Average Directional Movement Index	ADX	Prepared Batch Runner	timeperiod=14	4096	float	1	30184.74528301887	29794.01886792453	30332.150943396227	135697683.10432953	20	0	0	0	27	4069	fnv1a64:c1d363ac0cdbd25d	verified		measured		unavailable	separate Rust execution cost; not aggregated with the direct C kernel	1654	53	PreparedBatchRunner::compute_into; preparation and caller output allocation excluded	catalogue_fixture_v1:f64le	fnv1a64:06be03be64d63c6c	0.6.4	43f9d5042ecc4bd367941846494ad907bf20ea50	3.12.13	0.6.4	0.6.4	2.2.3	rustc 1.93.0 (254b59607 2026-01-19)	Apple M2	Darwin 25.5.0 Darwin Kernel Version 25.5.0: Tue Jun  9 22:27:52 PDT 2026; root:xnu-12377.121.10~1/RELEASE_ARM64_T8112	aarch64	64	ta-core=default(f64,std); ta-benchmarks=catalogue-matrix	b156ac1ec5c781af0a386c4deab4769a4c5479c1	true
fast-ta	Momentum Indicators	ADX: Average Directional Movement Index	ADX	Streaming Computation	timeperiod=14	4096	float	1	40787.03703703704	38381.17592592593	41582.944444444445	100424063.56413168	20	0	0	0	27	4069	fnv1a64:c1d363ac0cdbd25d	verified		measured		unavailable	separate Rust execution cost; not aggregated with the direct C kernel	1287	54	StreamingComputation::reset plus one next call per observation; stream and output allocation excluded	catalogue_fixture_v1:f64le	fnv1a64:06be03be64d63c6c	0.6.4	43f9d5042ecc4bd367941846494ad907bf20ea50	3.12.13	0.6.4	0.6.4	2.2.3	rustc 1.93.0 (254b59607 2026-01-19)	Apple M2	Darwin 25.5.0 Darwin Kernel Version 25.5.0: Tue Jun  9 22:27:52 PDT 2026; root:xnu-12377.121.10~1/RELEASE_ARM64_T8112	aarch64	64	ta-core=default(f64,std); ta-benchmarks=catalogue-matrix	b156ac1ec5c781af0a386c4deab4769a4c5479c1	true
TA-Lib C	Momentum Indicators	ADX: Average Directional Movement Index	ADX	direct C caller-owned	timeperiod=14	4096	float	1	25056.551948051947	24895.02597402597	25260.818181818184	163470217.6297824	20	2	0	2	27	4069	fnv1a64:d4fcfb104dda56fb	verified		measured		comparable	primary caller-owned Rust/C kernel	1983	77	direct TA_ADX call; caller output allocation excluded	catalogue_fixture_v1:f64le	fnv1a64:06be03be64d63c6c	0.6.4	43f9d5042ecc4bd367941846494ad907bf20ea50	3.12.13	0.6.4	0.6.4	2.2.3	rustc 1.93.0 (254b59607 2026-01-19)	Apple M2	Darwin 25.5.0 Darwin Kernel Version 25.5.0: Tue Jun  9 22:27:52 PDT 2026; root:xnu-12377.121.10~1/RELEASE_ARM64_T8112	aarch64	64	ta-core=default(f64,std); ta-benchmarks=catalogue-matrix	b156ac1ec5c781af0a386c4deab4769a4c5479c1	true
TA-Lib Python	Momentum Indicators	ADX: Average Directional Movement Index	ADX	official Python NumPy API	timeperiod=14	4096	float	1	25508.889826241997	25313.262396106	25777.944800921	160571472.45139158	20	4	0	4	27	4069	fnv1a64:d4fcfb104dda56fb	verified		measured		unavailable	user-facing Python API cost; not aggregated with caller-owned kernels	1933	82	direct talib.ADX NumPy API expression including API-owned output; fixture loading excluded	catalogue_fixture_v1:f64le	fnv1a64:06be03be64d63c6c	0.6.4	43f9d5042ecc4bd367941846494ad907bf20ea50	3.12.13	0.6.4	0.6.4	2.2.3	rustc 1.93.0 (254b59607 2026-01-19)	Apple M2	Darwin 25.5.0 Darwin Kernel Version 25.5.0: Tue Jun  9 22:27:52 PDT 2026; root:xnu-12377.121.10~1/RELEASE_ARM64_T8112	aarch64	64	ta-core=default(f64,std); ta-benchmarks=catalogue-matrix	b156ac1ec5c781af0a386c4deab4769a4c5479c1	true
fast-ta	Cycle Indicators	HT_DCPHASE: Hilbert Transform Dominant Cycle Phase	HT_DCPHASE	Owned Compact Output	none	4096	float	1	456858.4	452141.6	466229.1	8965578.831427855	20	0	0	0	63	4033	fnv1a64:b0d0ff7b985daddf	verified		measured		unavailable	separate Rust execution cost; not aggregated with the direct C kernel	108	5	IndicatorConfig::compute; API-owned Compact Output allocation included	catalogue_fixture_v1:f64le	fnv1a64:06be03be64d63c6c	0.6.4	43f9d5042ecc4bd367941846494ad907bf20ea50	3.12.13	0.6.4	0.6.4	2.2.3	rustc 1.93.0 (254b59607 2026-01-19)	Apple M2	Darwin 25.5.0 Darwin Kernel Version 25.5.0: Tue Jun  9 22:27:52 PDT 2026; root:xnu-12377.121.10~1/RELEASE_ARM64_T8112	aarch64	64	ta-core=default(f64,std); ta-benchmarks=catalogue-matrix	b156ac1ec5c781af0a386c4deab4769a4c5479c1	true
fast-ta	Cycle Indicators	HT_DCPHASE: Hilbert Transform Dominant Cycle Phase	HT_DCPHASE	caller-owned Batch Computation	none	4096	float	1	452908.4	448554.2	458762.5	9043771.323296277	20	1	0	1	63	4033	fnv1a64:b0d0ff7b985daddf	verified		measured		comparable	primary caller-owned Rust/C kernel	109	5	IndicatorConfig::compute_into; caller output allocation excluded	catalogue_fixture_v1:f64le	fnv1a64:06be03be64d63c6c	0.6.4	43f9d5042ecc4bd367941846494ad907bf20ea50	3.12.13	0.6.4	0.6.4	2.2.3	rustc 1.93.0 (254b59607 2026-01-19)	Apple M2	Darwin 25.5.0 Darwin Kernel Version 25.5.0: Tue Jun  9 22:27:52 PDT 2026; root:xnu-12377.121.10~1/RELEASE_ARM64_T8112	aarch64	64	ta-core=default(f64,std); ta-benchmarks=catalogue-matrix	b156ac1ec5c781af0a386c4deab4769a4c5479c1	true
fast-ta	Cycle Indicators	HT_DCPHASE: Hilbert Transform Dominant Cycle Phase	HT_DCPHASE	Prepared Batch Runner	none	4096	float	1	461416.6	456208.3	465625	8877010.493337259	20	0	0	0	63	4033	fnv1a64:b0d0ff7b985daddf	verified		measured		unavailable	separate Rust execution cost; not aggregated with the direct C kernel	110	5	PreparedBatchRunner::compute_into; preparation and caller output allocation excluded	catalogue_fixture_v1:f64le	fnv1a64:06be03be64d63c6c	0.6.4	43f9d5042ecc4bd367941846494ad907bf20ea50	3.12.13	0.6.4	0.6.4	2.2.3	rustc 1.93.0 (254b59607 2026-01-19)	Apple M2	Darwin 25.5.0 Darwin Kernel Version 25.5.0: Tue Jun  9 22:27:52 PDT 2026; root:xnu-12377.121.10~1/RELEASE_ARM64_T8112	aarch64	64	ta-core=default(f64,std); ta-benchmarks=catalogue-matrix	b156ac1ec5c781af0a386c4deab4769a4c5479c1	true
fast-ta	Cycle Indicators	HT_DCPHASE: Hilbert Transform Dominant Cycle Phase	HT_DCPHASE	Streaming Computation	none	4096	float	1	452129.1	445287.4	461583.30000000005	9059359.373240963	20	2	0	2	63	4033	fnv1a64:b0d0ff7b985daddf	verified		measured		unavailable	separate Rust execution cost; not aggregated with the direct C kernel	99	5	StreamingComputation::reset plus one next call per observation; stream and output allocation excluded	catalogue_fixture_v1:f64le	fnv1a64:06be03be64d63c6c	0.6.4	43f9d5042ecc4bd367941846494ad907bf20ea50	3.12.13	0.6.4	0.6.4	2.2.3	rustc 1.93.0 (254b59607 2026-01-19)	Apple M2	Darwin 25.5.0 Darwin Kernel Version 25.5.0: Tue Jun  9 22:27:52 PDT 2026; root:xnu-12377.121.10~1/RELEASE_ARM64_T8112	aarch64	64	ta-core=default(f64,std); ta-benchmarks=catalogue-matrix	b156ac1ec5c781af0a386c4deab4769a4c5479c1	true
TA-Lib C	Cycle Indicators	HT_DCPHASE: Hilbert Transform Dominant Cycle Phase	HT_DCPHASE	direct C caller-owned	none	4096	float	1	371145.8333333334	369559	379434	11036093.179904575	20	1	0	1	63	4033	fnv1a64:40c013053b1f2864	verified		measured		comparable	primary caller-owned Rust/C kernel	130	6	direct TA_HT_DCPHASE call; caller output allocation excluded	catalogue_fixture_v1:f64le	fnv1a64:06be03be64d63c6c	0.6.4	43f9d5042ecc4bd367941846494ad907bf20ea50	3.12.13	0.6.4	0.6.4	2.2.3	rustc 1.93.0 (254b59607 2026-01-19)	Apple M2	Darwin 25.5.0 Darwin Kernel Version 25.5.0: Tue Jun  9 22:27:52 PDT 2026; root:xnu-12377.121.10~1/RELEASE_ARM64_T8112	aarch64	64	ta-core=default(f64,std); ta-benchmarks=catalogue-matrix	b156ac1ec5c781af0a386c4deab4769a4c5479c1	true
TA-Lib Python	Cycle Indicators	HT_DCPHASE: Hilbert Transform Dominant Cycle Phase	HT_DCPHASE	official Python NumPy API	none	4096	float	1	363961.749826558	360947.9123648875	367423.66986193997	11253929.848265385	20	0	0	0	63	4033	fnv1a64:40c013053b1f2864	verified		measured		unavailable	user-facing Python API cost; not aggregated with caller-owned kernels	135	6	direct talib.HT_DCPHASE NumPy API expression including API-owned output; fixture loading excluded	catalogue_fixture_v1:f64le	fnv1a64:06be03be64d63c6c	0.6.4	43f9d5042ecc4bd367941846494ad907bf20ea50	3.12.13	0.6.4	0.6.4	2.2.3	rustc 1.93.0 (254b59607 2026-01-19)	Apple M2	Darwin 25.5.0 Darwin Kernel Version 25.5.0: Tue Jun  9 22:27:52 PDT 2026; root:xnu-12377.121.10~1/RELEASE_ARM64_T8112	aarch64	64	ta-core=default(f64,std); ta-benchmarks=catalogue-matrix	b156ac1ec5c781af0a386c4deab4769a4c5479c1	true
fast-ta	Pattern Recognition	CDLDOJI: Doji	CDLDOJI	Owned Compact Output	candle_settings=TA-Lib defaults	4096	integer	1	19998.053333333333	19653.606666666667	20302.5	204819935.80708522	20	0	0	0	10	4086	fnv1a64:9e4f7ac204492dfc	verified		measured		unavailable	separate Rust execution cost; not aggregated with the direct C kernel	2481	75	IndicatorConfig::compute; API-owned Compact Output allocation included	catalogue_fixture_v1:f64le	fnv1a64:06be03be64d63c6c	0.6.4	43f9d5042ecc4bd367941846494ad907bf20ea50	3.12.13	0.6.4	0.6.4	2.2.3	rustc 1.93.0 (254b59607 2026-01-19)	Apple M2	Darwin 25.5.0 Darwin Kernel Version 25.5.0: Tue Jun  9 22:27:52 PDT 2026; root:xnu-12377.121.10~1/RELEASE_ARM64_T8112	aarch64	64	ta-core=default(f64,std); ta-benchmarks=catalogue-matrix	b156ac1ec5c781af0a386c4deab4769a4c5479c1	true
fast-ta	Pattern Recognition	CDLDOJI: Doji	CDLDOJI	caller-owned Batch Computation	candle_settings=TA-Lib defaults	4096	integer	1	19049.379629629628	18797.25925925926	19194.444444444445	215020125.57033792	20	1	0	1	10	4086	fnv1a64:9e4f7ac204492dfc	verified		measured		comparable	primary caller-owned Rust/C kernel	2620	108	IndicatorConfig::compute_into; caller output allocation excluded	catalogue_fixture_v1:f64le	fnv1a64:06be03be64d63c6c	0.6.4	43f9d5042ecc4bd367941846494ad907bf20ea50	3.12.13	0.6.4	0.6.4	2.2.3	rustc 1.93.0 (254b59607 2026-01-19)	Apple M2	Darwin 25.5.0 Darwin Kernel Version 25.5.0: Tue Jun  9 22:27:52 PDT 2026; root:xnu-12377.121.10~1/RELEASE_ARM64_T8112	aarch64	64	ta-core=default(f64,std); ta-benchmarks=catalogue-matrix	b156ac1ec5c781af0a386c4deab4769a4c5479c1	true
fast-ta	Pattern Recognition	CDLDOJI: Doji	CDLDOJI	Prepared Batch Runner	candle_settings=TA-Lib defaults	4096	integer	1	18770.38829787234	18703.686170212764	19073.585106382976	218216050.46200824	20	3	0	3	10	4086	fnv1a64:9e4f7ac204492dfc	verified		measured		unavailable	separate Rust execution cost; not aggregated with the direct C kernel	2611	94	PreparedBatchRunner::compute_into; preparation and caller output allocation excluded	catalogue_fixture_v1:f64le	fnv1a64:06be03be64d63c6c	0.6.4	43f9d5042ecc4bd367941846494ad907bf20ea50	3.12.13	0.6.4	0.6.4	2.2.3	rustc 1.93.0 (254b59607 2026-01-19)	Apple M2	Darwin 25.5.0 Darwin Kernel Version 25.5.0: Tue Jun  9 22:27:52 PDT 2026; root:xnu-12377.121.10~1/RELEASE_ARM64_T8112	aarch64	64	ta-core=default(f64,std); ta-benchmarks=catalogue-matrix	b156ac1ec5c781af0a386c4deab4769a4c5479c1	true
fast-ta	Pattern Recognition	CDLDOJI: Doji	CDLDOJI	Streaming Computation	candle_settings=TA-Lib defaults	4096	integer	1	42048.88775510204	41839.704081632655	42803.142857142855	97410424.3578478	20	0	0	0	10	4086	fnv1a64:9e4f7ac204492dfc	verified		measured		unavailable	separate Rust execution cost; not aggregated with the direct C kernel	1184	49	StreamingComputation::reset plus one next call per observation; stream and output allocation excluded	catalogue_fixture_v1:f64le	fnv1a64:06be03be64d63c6c	0.6.4	43f9d5042ecc4bd367941846494ad907bf20ea50	3.12.13	0.6.4	0.6.4	2.2.3	rustc 1.93.0 (254b59607 2026-01-19)	Apple M2	Darwin 25.5.0 Darwin Kernel Version 25.5.0: Tue Jun  9 22:27:52 PDT 2026; root:xnu-12377.121.10~1/RELEASE_ARM64_T8112	aarch64	64	ta-core=default(f64,std); ta-benchmarks=catalogue-matrix	b156ac1ec5c781af0a386c4deab4769a4c5479c1	true
TA-Lib C	Pattern Recognition	CDLDOJI: Doji	CDLDOJI	direct C caller-owned	candle_settings=TA-Lib defaults	4096	integer	1	5630.548158640227	5550.990084985835	5702.313031161473	727460255.128904	20	0	0	0	10	4086	fnv1a64:9e4f7ac204492dfc	verified		measured		comparable	primary caller-owned Rust/C kernel	8839	353	direct TA_CDLDOJI call; caller output allocation excluded	catalogue_fixture_v1:f64le	fnv1a64:06be03be64d63c6c	0.6.4	43f9d5042ecc4bd367941846494ad907bf20ea50	3.12.13	0.6.4	0.6.4	2.2.3	rustc 1.93.0 (254b59607 2026-01-19)	Apple M2	Darwin 25.5.0 Darwin Kernel Version 25.5.0: Tue Jun  9 22:27:52 PDT 2026; root:xnu-12377.121.10~1/RELEASE_ARM64_T8112	aarch64	64	ta-core=default(f64,std); ta-benchmarks=catalogue-matrix	b156ac1ec5c781af0a386c4deab4769a4c5479c1	true
TA-Lib Python	Pattern Recognition	CDLDOJI: Doji	CDLDOJI	official Python NumPy API	candle_settings=TA-Lib defaults	4096	integer	1	5736.307434938	5700.7790781905	5784.762014764	714048200.2503185	20	0	0	0	10	4086	fnv1a64:9e4f7ac204492dfc	verified		measured		unavailable	user-facing Python API cost; not aggregated with caller-owned kernels	8149	353	direct talib.CDLDOJI NumPy API expression including API-owned output; fixture loading excluded	catalogue_fixture_v1:f64le	fnv1a64:06be03be64d63c6c	0.6.4	43f9d5042ecc4bd367941846494ad907bf20ea50	3.12.13	0.6.4	0.6.4	2.2.3	rustc 1.93.0 (254b59607 2026-01-19)	Apple M2	Darwin 25.5.0 Darwin Kernel Version 25.5.0: Tue Jun  9 22:27:52 PDT 2026; root:xnu-12377.121.10~1/RELEASE_ARM64_T8112	aarch64	64	ta-core=default(f64,std); ta-benchmarks=catalogue-matrix	b156ac1ec5c781af0a386c4deab4769a4c5479c1	true
fast-ta	Pattern Recognition	CDLENGULFING: Engulfing Pattern	CDLENGULFING	Owned Compact Output	candle_settings=TA-Lib defaults	4096	integer	1	13817.953020134228	13713.365771812081	13880.45302013423	296425960.7795519	20	0	0	0	2	4094	fnv1a64:85650c50e74b19bc	verified		measured		unavailable	separate Rust execution cost; not aggregated with the direct C kernel	3605	149	IndicatorConfig::compute; API-owned Compact Output allocation included	catalogue_fixture_v1:f64le	fnv1a64:06be03be64d63c6c	0.6.4	43f9d5042ecc4bd367941846494ad907bf20ea50	3.12.13	0.6.4	0.6.4	2.2.3	rustc 1.93.0 (254b59607 2026-01-19)	Apple M2	Darwin 25.5.0 Darwin Kernel Version 25.5.0: Tue Jun  9 22:27:52 PDT 2026; root:xnu-12377.121.10~1/RELEASE_ARM64_T8112	aarch64	64	ta-core=default(f64,std); ta-benchmarks=catalogue-matrix	b156ac1ec5c781af0a386c4deab4769a4c5479c1	true
fast-ta	Pattern Recognition	CDLENGULFING: Engulfing Pattern	CDLENGULFING	caller-owned Batch Computation	candle_settings=TA-Lib defaults	4096	integer	1	13739.929530201342	13313.479865771813	14053.691275167785	298109243.64617014	20	0	0	0	2	4094	fnv1a64:85650c50e74b19bc	verified		measured		comparable	primary caller-owned Rust/C kernel	3629	149	IndicatorConfig::compute_into; caller output allocation excluded	catalogue_fixture_v1:f64le	fnv1a64:06be03be64d63c6c	0.6.4	43f9d5042ecc4bd367941846494ad907bf20ea50	3.12.13	0.6.4	0.6.4	2.2.3	rustc 1.93.0 (254b59607 2026-01-19)	Apple M2	Darwin 25.5.0 Darwin Kernel Version 25.5.0: Tue Jun  9 22:27:52 PDT 2026; root:xnu-12377.121.10~1/RELEASE_ARM64_T8112	aarch64	64	ta-core=default(f64,std); ta-benchmarks=catalogue-matrix	b156ac1ec5c781af0a386c4deab4769a4c5479c1	true
fast-ta	Pattern Recognition	CDLENGULFING: Engulfing Pattern	CDLENGULFING	Prepared Batch Runner	candle_settings=TA-Lib defaults	4096	integer	1	14059.3487394958	13877.100840336134	14184.873949579833	291336396.5781314	20	1	0	1	2	4094	fnv1a64:85650c50e74b19bc	verified		measured		unavailable	separate Rust execution cost; not aggregated with the direct C kernel	3537	119	PreparedBatchRunner::compute_into; preparation and caller output allocation excluded	catalogue_fixture_v1:f64le	fnv1a64:06be03be64d63c6c	0.6.4	43f9d5042ecc4bd367941846494ad907bf20ea50	3.12.13	0.6.4	0.6.4	2.2.3	rustc 1.93.0 (254b59607 2026-01-19)	Apple M2	Darwin 25.5.0 Darwin Kernel Version 25.5.0: Tue Jun  9 22:27:52 PDT 2026; root:xnu-12377.121.10~1/RELEASE_ARM64_T8112	aarch64	64	ta-core=default(f64,std); ta-benchmarks=catalogue-matrix	b156ac1ec5c781af0a386c4deab4769a4c5479c1	true
fast-ta	Pattern Recognition	CDLENGULFING: Engulfing Pattern	CDLENGULFING	Streaming Computation	candle_settings=TA-Lib defaults	4096	integer	1	44775.358695652176	44285.77173913043	44929.80434782609	91478887.48008476	20	0	0	0	2	4094	fnv1a64:85650c50e74b19bc	verified		measured		unavailable	separate Rust execution cost; not aggregated with the direct C kernel	1084	46	StreamingComputation::reset plus one next call per observation; stream and output allocation excluded	catalogue_fixture_v1:f64le	fnv1a64:06be03be64d63c6c	0.6.4	43f9d5042ecc4bd367941846494ad907bf20ea50	3.12.13	0.6.4	0.6.4	2.2.3	rustc 1.93.0 (254b59607 2026-01-19)	Apple M2	Darwin 25.5.0 Darwin Kernel Version 25.5.0: Tue Jun  9 22:27:52 PDT 2026; root:xnu-12377.121.10~1/RELEASE_ARM64_T8112	aarch64	64	ta-core=default(f64,std); ta-benchmarks=catalogue-matrix	b156ac1ec5c781af0a386c4deab4769a4c5479c1	true
TA-Lib C	Pattern Recognition	CDLENGULFING: Engulfing Pattern	CDLENGULFING	direct C caller-owned	candle_settings=TA-Lib defaults	4096	integer	1	4002.51185770751	3947.668972332016	4037.054347826087	1023357367.9769275	20	0	0	0	2	4094	fnv1a64:85650c50e74b19bc	verified		measured		comparable	primary caller-owned Rust/C kernel	12373	506	direct TA_CDLENGULFING call; caller output allocation excluded	catalogue_fixture_v1:f64le	fnv1a64:06be03be64d63c6c	0.6.4	43f9d5042ecc4bd367941846494ad907bf20ea50	3.12.13	0.6.4	0.6.4	2.2.3	rustc 1.93.0 (254b59607 2026-01-19)	Apple M2	Darwin 25.5.0 Darwin Kernel Version 25.5.0: Tue Jun  9 22:27:52 PDT 2026; root:xnu-12377.121.10~1/RELEASE_ARM64_T8112	aarch64	64	ta-core=default(f64,std); ta-benchmarks=catalogue-matrix	b156ac1ec5c781af0a386c4deab4769a4c5479c1	true
TA-Lib Python	Pattern Recognition	CDLENGULFING: Engulfing Pattern	CDLENGULFING	official Python NumPy API	candle_settings=TA-Lib defaults	4096	integer	1	4115.8928670295	4083.6351414775	4160.5237410545	995166816.1266168	20	0	0	0	2	4094	fnv1a64:85650c50e74b19bc	verified		measured		unavailable	user-facing Python API cost; not aggregated with caller-owned kernels	11304	485	direct talib.CDLENGULFING NumPy API expression including API-owned output; fixture loading excluded	catalogue_fixture_v1:f64le	fnv1a64:06be03be64d63c6c	0.6.4	43f9d5042ecc4bd367941846494ad907bf20ea50	3.12.13	0.6.4	0.6.4	2.2.3	rustc 1.93.0 (254b59607 2026-01-19)	Apple M2	Darwin 25.5.0 Darwin Kernel Version 25.5.0: Tue Jun  9 22:27:52 PDT 2026; root:xnu-12377.121.10~1/RELEASE_ARM64_T8112	aarch64	64	ta-core=default(f64,std); ta-benchmarks=catalogue-matrix	b156ac1ec5c781af0a386c4deab4769a4c5479c1	true
fast-ta	Pattern Recognition	CDL3BLACKCROWS: Three Black Crows	CDL3BLACKCROWS	Owned Compact Output	candle_settings=TA-Lib defaults	4096	integer	1	29385.421428571426	28918.449999999997	29800.59285714286	139388846.60736775	20	0	0	0	13	4083	fnv1a64:e5a548cfa301085a	verified		measured		unavailable	separate Rust execution cost; not aggregated with the direct C kernel	1685	70	IndicatorConfig::compute; API-owned Compact Output allocation included	catalogue_fixture_v1:f64le	fnv1a64:06be03be64d63c6c	0.6.4	43f9d5042ecc4bd367941846494ad907bf20ea50	3.12.13	0.6.4	0.6.4	2.2.3	rustc 1.93.0 (254b59607 2026-01-19)	Apple M2	Darwin 25.5.0 Darwin Kernel Version 25.5.0: Tue Jun  9 22:27:52 PDT 2026; root:xnu-12377.121.10~1/RELEASE_ARM64_T8112	aarch64	64	ta-core=default(f64,std); ta-benchmarks=catalogue-matrix	b156ac1ec5c781af0a386c4deab4769a4c5479c1	true
fast-ta	Pattern Recognition	CDL3BLACKCROWS: Three Black Crows	CDL3BLACKCROWS	caller-owned Batch Computation	candle_settings=TA-Lib defaults	4096	integer	1	28503.86111111111	28146.59259259259	28871.148148148146	143699830.1399713	20	0	0	0	13	4083	fnv1a64:e5a548cfa301085a	verified		measured		comparable	primary caller-owned Rust/C kernel	1735	54	IndicatorConfig::compute_into; caller output allocation excluded	catalogue_fixture_v1:f64le	fnv1a64:06be03be64d63c6c	0.6.4	43f9d5042ecc4bd367941846494ad907bf20ea50	3.12.13	0.6.4	0.6.4	2.2.3	rustc 1.93.0 (254b59607 2026-01-19)	Apple M2	Darwin 25.5.0 Darwin Kernel Version 25.5.0: Tue Jun  9 22:27:52 PDT 2026; root:xnu-12377.121.10~1/RELEASE_ARM64_T8112	aarch64	64	ta-core=default(f64,std); ta-benchmarks=catalogue-matrix	b156ac1ec5c781af0a386c4deab4769a4c5479c1	true
fast-ta	Pattern Recognition	CDL3BLACKCROWS: Three Black Crows	CDL3BLACKCROWS	Prepared Batch Runner	candle_settings=TA-Lib defaults	4096	integer	1	28567.485915492958	28365.31690140845	28737.380281690137	143379785.4006685	20	2	0	2	13	4083	fnv1a64:e5a548cfa301085a	verified		measured		unavailable	separate Rust execution cost; not aggregated with the direct C kernel	1740	71	PreparedBatchRunner::compute_into; preparation and caller output allocation excluded	catalogue_fixture_v1:f64le	fnv1a64:06be03be64d63c6c	0.6.4	43f9d5042ecc4bd367941846494ad907bf20ea50	3.12.13	0.6.4	0.6.4	2.2.3	rustc 1.93.0 (254b59607 2026-01-19)	Apple M2	Darwin 25.5.0 Darwin Kernel Version 25.5.0: Tue Jun  9 22:27:52 PDT 2026; root:xnu-12377.121.10~1/RELEASE_ARM64_T8112	aarch64	64	ta-core=default(f64,std); ta-benchmarks=catalogue-matrix	b156ac1ec5c781af0a386c4deab4769a4c5479c1	true
fast-ta	Pattern Recognition	CDL3BLACKCROWS: Three Black Crows	CDL3BLACKCROWS	Streaming Computation	candle_settings=TA-Lib defaults	4096	integer	1	77212.05357142858	76269.33928571429	78683.03571428571	53048712.09274088	20	0	0	0	13	4083	fnv1a64:e5a548cfa301085a	verified		measured		unavailable	separate Rust execution cost; not aggregated with the direct C kernel	648	28	StreamingComputation::reset plus one next call per observation; stream and output allocation excluded	catalogue_fixture_v1:f64le	fnv1a64:06be03be64d63c6c	0.6.4	43f9d5042ecc4bd367941846494ad907bf20ea50	3.12.13	0.6.4	0.6.4	2.2.3	rustc 1.93.0 (254b59607 2026-01-19)	Apple M2	Darwin 25.5.0 Darwin Kernel Version 25.5.0: Tue Jun  9 22:27:52 PDT 2026; root:xnu-12377.121.10~1/RELEASE_ARM64_T8112	aarch64	64	ta-core=default(f64,std); ta-benchmarks=catalogue-matrix	b156ac1ec5c781af0a386c4deab4769a4c5479c1	true
TA-Lib C	Pattern Recognition	CDL3BLACKCROWS: Three Black Crows	CDL3BLACKCROWS	direct C caller-owned	candle_settings=TA-Lib defaults	4096	integer	1	6674.185430463576	6584.367549668874	6721.163907284768	613707851.3438156	20	1	0	1	13	4083	fnv1a64:e5a548cfa301085a	verified		measured		comparable	primary caller-owned Rust/C kernel	7455	302	direct TA_CDL3BLACKCROWS call; caller output allocation excluded	catalogue_fixture_v1:f64le	fnv1a64:06be03be64d63c6c	0.6.4	43f9d5042ecc4bd367941846494ad907bf20ea50	3.12.13	0.6.4	0.6.4	2.2.3	rustc 1.93.0 (254b59607 2026-01-19)	Apple M2	Darwin 25.5.0 Darwin Kernel Version 25.5.0: Tue Jun  9 22:27:52 PDT 2026; root:xnu-12377.121.10~1/RELEASE_ARM64_T8112	aarch64	64	ta-core=default(f64,std); ta-benchmarks=catalogue-matrix	b156ac1ec5c781af0a386c4deab4769a4c5479c1	true
TA-Lib Python	Pattern Recognition	CDL3BLACKCROWS: Three Black Crows	CDL3BLACKCROWS	official Python NumPy API	candle_settings=TA-Lib defaults	4096	integer	1	6842.2113273205	6768.6856503495	6909.936340845999	598636873.9657224	20	0	0	0	13	4083	fnv1a64:e5a548cfa301085a	verified		measured		unavailable	user-facing Python API cost; not aggregated with caller-owned kernels	6785	291	direct talib.CDL3BLACKCROWS NumPy API expression including API-owned output; fixture loading excluded	catalogue_fixture_v1:f64le	fnv1a64:06be03be64d63c6c	0.6.4	43f9d5042ecc4bd367941846494ad907bf20ea50	3.12.13	0.6.4	0.6.4	2.2.3	rustc 1.93.0 (254b59607 2026-01-19)	Apple M2	Darwin 25.5.0 Darwin Kernel Version 25.5.0: Tue Jun  9 22:27:52 PDT 2026; root:xnu-12377.121.10~1/RELEASE_ARM64_T8112	aarch64	64	ta-core=default(f64,std); ta-benchmarks=catalogue-matrix	b156ac1ec5c781af0a386c4deab4769a4c5479c1	true
fast-ta	Statistic Functions	LINEARREG: Linear Regression endpoint	LINEARREG	Owned Compact Output	timeperiod=14	4096	float	1	24651.44230769231	24310.628205128203	25021.897435897437	166156606.53339833	20	0	0	0	13	4083	fnv1a64:c686529333828bdb	verified		measured		unavailable	separate Rust execution cost; not aggregated with the direct C kernel	2025	78	IndicatorConfig::compute; API-owned Compact Output allocation included	catalogue_fixture_v1:f64le	fnv1a64:06be03be64d63c6c	0.6.4	43f9d5042ecc4bd367941846494ad907bf20ea50	3.12.13	0.6.4	0.6.4	2.2.3	rustc 1.93.0 (254b59607 2026-01-19)	Apple M2	Darwin 25.5.0 Darwin Kernel Version 25.5.0: Tue Jun  9 22:27:52 PDT 2026; root:xnu-12377.121.10~1/RELEASE_ARM64_T8112	aarch64	64	ta-core=default(f64,std); ta-benchmarks=catalogue-matrix	b156ac1ec5c781af0a386c4deab4769a4c5479c1	true
fast-ta	Statistic Functions	LINEARREG: Linear Regression endpoint	LINEARREG	caller-owned Batch Computation	timeperiod=14	4096	float	1	24634.422619047622	24419.89285714286	24772.07142857143	166271402.55493242	20	0	0	0	13	4083	fnv1a64:c686529333828bdb	verified		measured		comparable	primary caller-owned Rust/C kernel	2036	84	IndicatorConfig::compute_into; caller output allocation excluded	catalogue_fixture_v1:f64le	fnv1a64:06be03be64d63c6c	0.6.4	43f9d5042ecc4bd367941846494ad907bf20ea50	3.12.13	0.6.4	0.6.4	2.2.3	rustc 1.93.0 (254b59607 2026-01-19)	Apple M2	Darwin 25.5.0 Darwin Kernel Version 25.5.0: Tue Jun  9 22:27:52 PDT 2026; root:xnu-12377.121.10~1/RELEASE_ARM64_T8112	aarch64	64	ta-core=default(f64,std); ta-benchmarks=catalogue-matrix	b156ac1ec5c781af0a386c4deab4769a4c5479c1	true
fast-ta	Statistic Functions	LINEARREG: Linear Regression endpoint	LINEARREG	Prepared Batch Runner	timeperiod=14	4096	float	1	25668.19512195122	25360.262195121948	25894.560975609755	159574912.8654993	20	2	0	2	13	4083	fnv1a64:c686529333828bdb	verified		measured		unavailable	separate Rust execution cost; not aggregated with the direct C kernel	1916	82	PreparedBatchRunner::compute_into; preparation and caller output allocation excluded	catalogue_fixture_v1:f64le	fnv1a64:06be03be64d63c6c	0.6.4	43f9d5042ecc4bd367941846494ad907bf20ea50	3.12.13	0.6.4	0.6.4	2.2.3	rustc 1.93.0 (254b59607 2026-01-19)	Apple M2	Darwin 25.5.0 Darwin Kernel Version 25.5.0: Tue Jun  9 22:27:52 PDT 2026; root:xnu-12377.121.10~1/RELEASE_ARM64_T8112	aarch64	64	ta-core=default(f64,std); ta-benchmarks=catalogue-matrix	b156ac1ec5c781af0a386c4deab4769a4c5479c1	true
fast-ta	Statistic Functions	LINEARREG: Linear Regression endpoint	LINEARREG	Streaming Computation	timeperiod=14	4096	float	1	24174.091954022988	23786.402298850575	24666.908045977012	169437594.91732863	20	2	0	2	13	4083	fnv1a64:c686529333828bdb	verified		measured		unavailable	separate Rust execution cost; not aggregated with the direct C kernel	2092	87	StreamingComputation::reset plus one next call per observation; stream and output allocation excluded	catalogue_fixture_v1:f64le	fnv1a64:06be03be64d63c6c	0.6.4	43f9d5042ecc4bd367941846494ad907bf20ea50	3.12.13	0.6.4	0.6.4	2.2.3	rustc 1.93.0 (254b59607 2026-01-19)	Apple M2	Darwin 25.5.0 Darwin Kernel Version 25.5.0: Tue Jun  9 22:27:52 PDT 2026; root:xnu-12377.121.10~1/RELEASE_ARM64_T8112	aarch64	64	ta-core=default(f64,std); ta-benchmarks=catalogue-matrix	b156ac1ec5c781af0a386c4deab4769a4c5479c1	true
TA-Lib C	Statistic Functions	LINEARREG: Linear Regression endpoint	LINEARREG	direct C caller-owned	timeperiod=14	4096	float	1	25714.132911392408	25608.645569620254	26510.54430379747	159289835.44241172	20	3	0	3	13	4083	fnv1a64:2ff73b2ada66f93d	verified		measured		comparable	primary caller-owned Rust/C kernel	1921	79	direct TA_LINEARREG call; caller output allocation excluded	catalogue_fixture_v1:f64le	fnv1a64:06be03be64d63c6c	0.6.4	43f9d5042ecc4bd367941846494ad907bf20ea50	3.12.13	0.6.4	0.6.4	2.2.3	rustc 1.93.0 (254b59607 2026-01-19)	Apple M2	Darwin 25.5.0 Darwin Kernel Version 25.5.0: Tue Jun  9 22:27:52 PDT 2026; root:xnu-12377.121.10~1/RELEASE_ARM64_T8112	aarch64	64	ta-core=default(f64,std); ta-benchmarks=catalogue-matrix	b156ac1ec5c781af0a386c4deab4769a4c5479c1	true
TA-Lib Python	Statistic Functions	LINEARREG: Linear Regression endpoint	LINEARREG	official Python NumPy API	timeperiod=14	4096	float	1	25008.7833559385	24828.0601402045	25301.7046432715	163782457.61513135	20	1	0	1	13	4083	fnv1a64:2ff73b2ada66f93d	verified		measured		unavailable	user-facing Python API cost; not aggregated with caller-owned kernels	1946	83	direct talib.LINEARREG NumPy API expression including API-owned output; fixture loading excluded	catalogue_fixture_v1:f64le	fnv1a64:06be03be64d63c6c	0.6.4	43f9d5042ecc4bd367941846494ad907bf20ea50	3.12.13	0.6.4	0.6.4	2.2.3	rustc 1.93.0 (254b59607 2026-01-19)	Apple M2	Darwin 25.5.0 Darwin Kernel Version 25.5.0: Tue Jun  9 22:27:52 PDT 2026; root:xnu-12377.121.10~1/RELEASE_ARM64_T8112	aarch64	64	ta-core=default(f64,std); ta-benchmarks=catalogue-matrix	b156ac1ec5c781af0a386c4deab4769a4c5479c1	true
fast-ta	Price Transform	TYPPRICE: Typical Price	TYPPRICE	Owned Compact Output	none	4096	float	1	6672.925855513307	6627.614068441065	6767.427756653992	613823694.2368844	20	1	0	1	0	4096	fnv1a64:cc0fe58200a02aee	verified		measured		unavailable	separate Rust execution cost; not aggregated with the direct C kernel	7329	263	IndicatorConfig::compute; API-owned Compact Output allocation included	catalogue_fixture_v1:f64le	fnv1a64:06be03be64d63c6c	0.6.4	43f9d5042ecc4bd367941846494ad907bf20ea50	3.12.13	0.6.4	0.6.4	2.2.3	rustc 1.93.0 (254b59607 2026-01-19)	Apple M2	Darwin 25.5.0 Darwin Kernel Version 25.5.0: Tue Jun  9 22:27:52 PDT 2026; root:xnu-12377.121.10~1/RELEASE_ARM64_T8112	aarch64	64	ta-core=default(f64,std); ta-benchmarks=catalogue-matrix	b156ac1ec5c781af0a386c4deab4769a4c5479c1	true
fast-ta	Price Transform	TYPPRICE: Typical Price	TYPPRICE	caller-owned Batch Computation	none	4096	float	1	6075.797872340426	6044.5167173252285	6185.727963525836	674150142.2630773	20	0	0	0	0	4096	fnv1a64:cc0fe58200a02aee	verified		measured		comparable	primary caller-owned Rust/C kernel	7995	329	IndicatorConfig::compute_into; caller output allocation excluded	catalogue_fixture_v1:f64le	fnv1a64:06be03be64d63c6c	0.6.4	43f9d5042ecc4bd367941846494ad907bf20ea50	3.12.13	0.6.4	0.6.4	2.2.3	rustc 1.93.0 (254b59607 2026-01-19)	Apple M2	Darwin 25.5.0 Darwin Kernel Version 25.5.0: Tue Jun  9 22:27:52 PDT 2026; root:xnu-12377.121.10~1/RELEASE_ARM64_T8112	aarch64	64	ta-core=default(f64,std); ta-benchmarks=catalogue-matrix	b156ac1ec5c781af0a386c4deab4769a4c5479c1	true
fast-ta	Price Transform	TYPPRICE: Typical Price	TYPPRICE	Prepared Batch Runner	none	4096	float	1	5996.21875	5973.337797619048	6064.42261904762	683097160.1894944	20	0	0	0	0	4096	fnv1a64:cc0fe58200a02aee	verified		measured		unavailable	separate Rust execution cost; not aggregated with the direct C kernel	8071	336	PreparedBatchRunner::compute_into; preparation and caller output allocation excluded	catalogue_fixture_v1:f64le	fnv1a64:06be03be64d63c6c	0.6.4	43f9d5042ecc4bd367941846494ad907bf20ea50	3.12.13	0.6.4	0.6.4	2.2.3	rustc 1.93.0 (254b59607 2026-01-19)	Apple M2	Darwin 25.5.0 Darwin Kernel Version 25.5.0: Tue Jun  9 22:27:52 PDT 2026; root:xnu-12377.121.10~1/RELEASE_ARM64_T8112	aarch64	64	ta-core=default(f64,std); ta-benchmarks=catalogue-matrix	b156ac1ec5c781af0a386c4deab4769a4c5479c1	true
fast-ta	Price Transform	TYPPRICE: Typical Price	TYPPRICE	Streaming Computation	none	4096	float	1	14883.865671641792	14810.328358208957	14991.447761194031	275197323.7573692	20	0	0	0	0	4096	fnv1a64:cc0fe58200a02aee	verified		measured		unavailable	separate Rust execution cost; not aggregated with the direct C kernel	3343	134	StreamingComputation::reset plus one next call per observation; stream and output allocation excluded	catalogue_fixture_v1:f64le	fnv1a64:06be03be64d63c6c	0.6.4	43f9d5042ecc4bd367941846494ad907bf20ea50	3.12.13	0.6.4	0.6.4	2.2.3	rustc 1.93.0 (254b59607 2026-01-19)	Apple M2	Darwin 25.5.0 Darwin Kernel Version 25.5.0: Tue Jun  9 22:27:52 PDT 2026; root:xnu-12377.121.10~1/RELEASE_ARM64_T8112	aarch64	64	ta-core=default(f64,std); ta-benchmarks=catalogue-matrix	b156ac1ec5c781af0a386c4deab4769a4c5479c1	true
TA-Lib C	Price Transform	TYPPRICE: Typical Price	TYPPRICE	direct C caller-owned	none	4096	float	1	844.6887576552931	840.9523184601925	853.692694663167	4849123375.77426	20	0	0	0	0	4096	fnv1a64:cc0fe58200a02aee	verified		measured		comparable	primary caller-owned Rust/C kernel	57117	2286	direct TA_TYPPRICE call; caller output allocation excluded	catalogue_fixture_v1:f64le	fnv1a64:06be03be64d63c6c	0.6.4	43f9d5042ecc4bd367941846494ad907bf20ea50	3.12.13	0.6.4	0.6.4	2.2.3	rustc 1.93.0 (254b59607 2026-01-19)	Apple M2	Darwin 25.5.0 Darwin Kernel Version 25.5.0: Tue Jun  9 22:27:52 PDT 2026; root:xnu-12377.121.10~1/RELEASE_ARM64_T8112	aarch64	64	ta-core=default(f64,std); ta-benchmarks=catalogue-matrix	b156ac1ec5c781af0a386c4deab4769a4c5479c1	true
TA-Lib Python	Price Transform	TYPPRICE: Typical Price	TYPPRICE	official Python NumPy API	none	4096	float	1	945.4726506165	931.1783149095	953.836542189	4332224731.544782	20	0	0	0	0	4096	fnv1a64:cc0fe58200a02aee	verified		measured		unavailable	user-facing Python API cost; not aggregated with caller-owned kernels	37578	1918	direct talib.TYPPRICE NumPy API expression including API-owned output; fixture loading excluded	catalogue_fixture_v1:f64le	fnv1a64:06be03be64d63c6c	0.6.4	43f9d5042ecc4bd367941846494ad907bf20ea50	3.12.13	0.6.4	0.6.4	2.2.3	rustc 1.93.0 (254b59607 2026-01-19)	Apple M2	Darwin 25.5.0 Darwin Kernel Version 25.5.0: Tue Jun  9 22:27:52 PDT 2026; root:xnu-12377.121.10~1/RELEASE_ARM64_T8112	aarch64	64	ta-core=default(f64,std); ta-benchmarks=catalogue-matrix	b156ac1ec5c781af0a386c4deab4769a4c5479c1	true
fast-ta	Volume Indicators	OBV: On Balance Volume	OBV	Owned Compact Output	none	4096	float	1	7361.512589928057	7244.753597122302	7431.579136690648	556407389.1015419	20	1	0	1	0	4096	fnv1a64:6576c3bc827e5b5e	verified		measured		unavailable	separate Rust execution cost; not aggregated with the direct C kernel	6765	278	IndicatorConfig::compute; API-owned Compact Output allocation included	catalogue_fixture_v1:f64le	fnv1a64:06be03be64d63c6c	0.6.4	43f9d5042ecc4bd367941846494ad907bf20ea50	3.12.13	0.6.4	0.6.4	2.2.3	rustc 1.93.0 (254b59607 2026-01-19)	Apple M2	Darwin 25.5.0 Darwin Kernel Version 25.5.0: Tue Jun  9 22:27:52 PDT 2026; root:xnu-12377.121.10~1/RELEASE_ARM64_T8112	aarch64	64	ta-core=default(f64,std); ta-benchmarks=catalogue-matrix	b156ac1ec5c781af0a386c4deab4769a4c5479c1	true
fast-ta	Volume Indicators	OBV: On Balance Volume	OBV	caller-owned Batch Computation	none	4096	float	1	6864.508928571429	6806.325000000001	6942.2625	596692355.2173771	20	1	0	1	0	4096	fnv1a64:6576c3bc827e5b5e	verified		measured		comparable	primary caller-owned Rust/C kernel	7184	280	IndicatorConfig::compute_into; caller output allocation excluded	catalogue_fixture_v1:f64le	fnv1a64:06be03be64d63c6c	0.6.4	43f9d5042ecc4bd367941846494ad907bf20ea50	3.12.13	0.6.4	0.6.4	2.2.3	rustc 1.93.0 (254b59607 2026-01-19)	Apple M2	Darwin 25.5.0 Darwin Kernel Version 25.5.0: Tue Jun  9 22:27:52 PDT 2026; root:xnu-12377.121.10~1/RELEASE_ARM64_T8112	aarch64	64	ta-core=default(f64,std); ta-benchmarks=catalogue-matrix	b156ac1ec5c781af0a386c4deab4769a4c5479c1	true
fast-ta	Volume Indicators	OBV: On Balance Volume	OBV	Prepared Batch Runner	none	4096	float	1	7082.1855670103105	6935.996563573883	7117.7697594501715	578352538.3858439	20	0	0	0	0	4096	fnv1a64:6576c3bc827e5b5e	verified		measured		unavailable	separate Rust execution cost; not aggregated with the direct C kernel	7210	291	PreparedBatchRunner::compute_into; preparation and caller output allocation excluded	catalogue_fixture_v1:f64le	fnv1a64:06be03be64d63c6c	0.6.4	43f9d5042ecc4bd367941846494ad907bf20ea50	3.12.13	0.6.4	0.6.4	2.2.3	rustc 1.93.0 (254b59607 2026-01-19)	Apple M2	Darwin 25.5.0 Darwin Kernel Version 25.5.0: Tue Jun  9 22:27:52 PDT 2026; root:xnu-12377.121.10~1/RELEASE_ARM64_T8112	aarch64	64	ta-core=default(f64,std); ta-benchmarks=catalogue-matrix	b156ac1ec5c781af0a386c4deab4769a4c5479c1	true
fast-ta	Volume Indicators	OBV: On Balance Volume	OBV	Streaming Computation	none	4096	float	1	23658.576470588236	23488.970588235294	23863.482352941177	173129605.0331704	20	2	0	2	0	4096	fnv1a64:6576c3bc827e5b5e	verified		measured		unavailable	separate Rust execution cost; not aggregated with the direct C kernel	2052	85	StreamingComputation::reset plus one next call per observation; stream and output allocation excluded	catalogue_fixture_v1:f64le	fnv1a64:06be03be64d63c6c	0.6.4	43f9d5042ecc4bd367941846494ad907bf20ea50	3.12.13	0.6.4	0.6.4	2.2.3	rustc 1.93.0 (254b59607 2026-01-19)	Apple M2	Darwin 25.5.0 Darwin Kernel Version 25.5.0: Tue Jun  9 22:27:52 PDT 2026; root:xnu-12377.121.10~1/RELEASE_ARM64_T8112	aarch64	64	ta-core=default(f64,std); ta-benchmarks=catalogue-matrix	b156ac1ec5c781af0a386c4deab4769a4c5479c1	true
TA-Lib C	Volume Indicators	OBV: On Balance Volume	OBV	direct C caller-owned	none	4096	float	1	3726.572344322344	3688.301282051282	3750.038461538461	1099133364.8038528	20	1	0	1	0	4096	fnv1a64:6576c3bc827e5b5e	verified		measured		comparable	primary caller-owned Rust/C kernel	13338	546	direct TA_OBV call; caller output allocation excluded	catalogue_fixture_v1:f64le	fnv1a64:06be03be64d63c6c	0.6.4	43f9d5042ecc4bd367941846494ad907bf20ea50	3.12.13	0.6.4	0.6.4	2.2.3	rustc 1.93.0 (254b59607 2026-01-19)	Apple M2	Darwin 25.5.0 Darwin Kernel Version 25.5.0: Tue Jun  9 22:27:52 PDT 2026; root:xnu-12377.121.10~1/RELEASE_ARM64_T8112	aarch64	64	ta-core=default(f64,std); ta-benchmarks=catalogue-matrix	b156ac1ec5c781af0a386c4deab4769a4c5479c1	true
TA-Lib Python	Volume Indicators	OBV: On Balance Volume	OBV	official Python NumPy API	none	4096	float	1	3812.5009980785	3767.8449492279997	3850.452505799	1074360374.4797401	20	1	0	1	0	4096	fnv1a64:6576c3bc827e5b5e	verified		measured		unavailable	user-facing Python API cost; not aggregated with caller-owned kernels	12107	516	direct talib.OBV NumPy API expression including API-owned output; fixture loading excluded	catalogue_fixture_v1:f64le	fnv1a64:06be03be64d63c6c	0.6.4	43f9d5042ecc4bd367941846494ad907bf20ea50	3.12.13	0.6.4	0.6.4	2.2.3	rustc 1.93.0 (254b59607 2026-01-19)	Apple M2	Darwin 25.5.0 Darwin Kernel Version 25.5.0: Tue Jun  9 22:27:52 PDT 2026; root:xnu-12377.121.10~1/RELEASE_ARM64_T8112	aarch64	64	ta-core=default(f64,std); ta-benchmarks=catalogue-matrix	b156ac1ec5c781af0a386c4deab4769a4c5479c1	true
fast-ta	Math Transform	SIN: Vector Trigonometric Sine	SIN	Owned Compact Output	none	4096	float	1	16022.964566929135	15895.834645669293	16230.149606299212	255633093.54462454	20	0	0	0	0	4096	fnv1a64:91be4763beb470e2	verified		measured		unavailable	separate Rust execution cost; not aggregated with the direct C kernel	3051	127	IndicatorConfig::compute; API-owned Compact Output allocation included	catalogue_fixture_v1:f64le	fnv1a64:06be03be64d63c6c	0.6.4	43f9d5042ecc4bd367941846494ad907bf20ea50	3.12.13	0.6.4	0.6.4	2.2.3	rustc 1.93.0 (254b59607 2026-01-19)	Apple M2	Darwin 25.5.0 Darwin Kernel Version 25.5.0: Tue Jun  9 22:27:52 PDT 2026; root:xnu-12377.121.10~1/RELEASE_ARM64_T8112	aarch64	64	ta-core=default(f64,std); ta-benchmarks=catalogue-matrix	b156ac1ec5c781af0a386c4deab4769a4c5479c1	true
fast-ta	Math Transform	SIN: Vector Trigonometric Sine	SIN	caller-owned Batch Computation	none	4096	float	1	15617.944881889764	15476.047244094487	15683.562992125986	262262418.7097519	20	0	0	0	0	4096	fnv1a64:91be4763beb470e2	verified		measured		comparable	primary caller-owned Rust/C kernel	3187	127	IndicatorConfig::compute_into; caller output allocation excluded	catalogue_fixture_v1:f64le	fnv1a64:06be03be64d63c6c	0.6.4	43f9d5042ecc4bd367941846494ad907bf20ea50	3.12.13	0.6.4	0.6.4	2.2.3	rustc 1.93.0 (254b59607 2026-01-19)	Apple M2	Darwin 25.5.0 Darwin Kernel Version 25.5.0: Tue Jun  9 22:27:52 PDT 2026; root:xnu-12377.121.10~1/RELEASE_ARM64_T8112	aarch64	64	ta-core=default(f64,std); ta-benchmarks=catalogue-matrix	b156ac1ec5c781af0a386c4deab4769a4c5479c1	true
fast-ta	Math Transform	SIN: Vector Trigonometric Sine	SIN	Prepared Batch Runner	none	4096	float	1	15657.0625	15466.79296875	15715.16796875	261607182.06240794	20	2	0	2	0	4096	fnv1a64:91be4763beb470e2	verified		measured		unavailable	separate Rust execution cost; not aggregated with the direct C kernel	3133	128	PreparedBatchRunner::compute_into; preparation and caller output allocation excluded	catalogue_fixture_v1:f64le	fnv1a64:06be03be64d63c6c	0.6.4	43f9d5042ecc4bd367941846494ad907bf20ea50	3.12.13	0.6.4	0.6.4	2.2.3	rustc 1.93.0 (254b59607 2026-01-19)	Apple M2	Darwin 25.5.0 Darwin Kernel Version 25.5.0: Tue Jun  9 22:27:52 PDT 2026; root:xnu-12377.121.10~1/RELEASE_ARM64_T8112	aarch64	64	ta-core=default(f64,std); ta-benchmarks=catalogue-matrix	b156ac1ec5c781af0a386c4deab4769a4c5479c1	true
fast-ta	Math Transform	SIN: Vector Trigonometric Sine	SIN	Streaming Computation	none	4096	float	1	15021.144444444442	14812.344444444445	15179.31851851852	272682285.6373572	20	0	0	0	0	4096	fnv1a64:91be4763beb470e2	verified		measured		unavailable	separate Rust execution cost; not aggregated with the direct C kernel	3312	135	StreamingComputation::reset plus one next call per observation; stream and output allocation excluded	catalogue_fixture_v1:f64le	fnv1a64:06be03be64d63c6c	0.6.4	43f9d5042ecc4bd367941846494ad907bf20ea50	3.12.13	0.6.4	0.6.4	2.2.3	rustc 1.93.0 (254b59607 2026-01-19)	Apple M2	Darwin 25.5.0 Darwin Kernel Version 25.5.0: Tue Jun  9 22:27:52 PDT 2026; root:xnu-12377.121.10~1/RELEASE_ARM64_T8112	aarch64	64	ta-core=default(f64,std); ta-benchmarks=catalogue-matrix	b156ac1ec5c781af0a386c4deab4769a4c5479c1	true
TA-Lib C	Math Transform	SIN: Vector Trigonometric Sine	SIN	direct C caller-owned	none	4096	float	1	15577.816176470587	15191.172794117647	15979.16911764706	262938010.92522693	20	0	0	0	0	4096	fnv1a64:91be4763beb470e2	verified		measured		comparable	primary caller-owned Rust/C kernel	3510	136	direct TA_SIN call; caller output allocation excluded	catalogue_fixture_v1:f64le	fnv1a64:06be03be64d63c6c	0.6.4	43f9d5042ecc4bd367941846494ad907bf20ea50	3.12.13	0.6.4	0.6.4	2.2.3	rustc 1.93.0 (254b59607 2026-01-19)	Apple M2	Darwin 25.5.0 Darwin Kernel Version 25.5.0: Tue Jun  9 22:27:52 PDT 2026; root:xnu-12377.121.10~1/RELEASE_ARM64_T8112	aarch64	64	ta-core=default(f64,std); ta-benchmarks=catalogue-matrix	b156ac1ec5c781af0a386c4deab4769a4c5479c1	true
TA-Lib Python	Math Transform	SIN: Vector Trigonometric Sine	SIN	official Python NumPy API	none	4096	float	1	16333.9692252605	15475.3780048905	22311.242487789998	250765747.35218257	20	1	0	1	0	4096	fnv1a64:91be4763beb470e2	verified		measured		unavailable	user-facing Python API cost; not aggregated with caller-owned kernels	1792	33	direct talib.SIN NumPy API expression including API-owned output; fixture loading excluded	catalogue_fixture_v1:f64le	fnv1a64:06be03be64d63c6c	0.6.4	43f9d5042ecc4bd367941846494ad907bf20ea50	3.12.13	0.6.4	0.6.4	2.2.3	rustc 1.93.0 (254b59607 2026-01-19)	Apple M2	Darwin 25.5.0 Darwin Kernel Version 25.5.0: Tue Jun  9 22:27:52 PDT 2026; root:xnu-12377.121.10~1/RELEASE_ARM64_T8112	aarch64	64	ta-core=default(f64,std); ta-benchmarks=catalogue-matrix	b156ac1ec5c781af0a386c4deab4769a4c5479c1	true
fast-ta	Math Operators	ADD: Vector Arithmetic Add	ADD	Owned Compact Output	none	4096	float	1	4530.619047619048	4426.5865800865795	4664.817099567099	904070714.6085366	20	1	0	1	0	4096	fnv1a64:d50f71f555286fae	verified		measured		unavailable	separate Rust execution cost; not aggregated with the direct C kernel	10763	462	IndicatorConfig::compute; API-owned Compact Output allocation included	catalogue_fixture_v1:f64le	fnv1a64:06be03be64d63c6c	0.6.4	43f9d5042ecc4bd367941846494ad907bf20ea50	3.12.13	0.6.4	0.6.4	2.2.3	rustc 1.93.0 (254b59607 2026-01-19)	Apple M2	Darwin 25.5.0 Darwin Kernel Version 25.5.0: Tue Jun  9 22:27:52 PDT 2026; root:xnu-12377.121.10~1/RELEASE_ARM64_T8112	aarch64	64	ta-core=default(f64,std); ta-benchmarks=catalogue-matrix	b156ac1ec5c781af0a386c4deab4769a4c5479c1	true
fast-ta	Math Operators	ADD: Vector Arithmetic Add	ADD	caller-owned Batch Computation	none	4096	float	1	4248.681818181818	4230.731225296442	4307.76581027668	964063720.2982744	20	0	0	0	0	4096	fnv1a64:d50f71f555286fae	verified		measured		comparable	primary caller-owned Rust/C kernel	12039	506	IndicatorConfig::compute_into; caller output allocation excluded	catalogue_fixture_v1:f64le	fnv1a64:06be03be64d63c6c	0.6.4	43f9d5042ecc4bd367941846494ad907bf20ea50	3.12.13	0.6.4	0.6.4	2.2.3	rustc 1.93.0 (254b59607 2026-01-19)	Apple M2	Darwin 25.5.0 Darwin Kernel Version 25.5.0: Tue Jun  9 22:27:52 PDT 2026; root:xnu-12377.121.10~1/RELEASE_ARM64_T8112	aarch64	64	ta-core=default(f64,std); ta-benchmarks=catalogue-matrix	b156ac1ec5c781af0a386c4deab4769a4c5479c1	true
fast-ta	Math Operators	ADD: Vector Arithmetic Add	ADD	Prepared Batch Runner	none	4096	float	1	4102.0419999999995	4016.0830000000005	4151.626	998527075.051889	20	0	0	0	0	4096	fnv1a64:d50f71f555286fae	verified		measured		unavailable	separate Rust execution cost; not aggregated with the direct C kernel	11849	500	PreparedBatchRunner::compute_into; preparation and caller output allocation excluded	catalogue_fixture_v1:f64le	fnv1a64:06be03be64d63c6c	0.6.4	43f9d5042ecc4bd367941846494ad907bf20ea50	3.12.13	0.6.4	0.6.4	2.2.3	rustc 1.93.0 (254b59607 2026-01-19)	Apple M2	Darwin 25.5.0 Darwin Kernel Version 25.5.0: Tue Jun  9 22:27:52 PDT 2026; root:xnu-12377.121.10~1/RELEASE_ARM64_T8112	aarch64	64	ta-core=default(f64,std); ta-benchmarks=catalogue-matrix	b156ac1ec5c781af0a386c4deab4769a4c5479c1	true
fast-ta	Math Operators	ADD: Vector Arithmetic Add	ADD	Streaming Computation	none	4096	float	1	4930.153381642513	4876.86231884058	5064.010869565217	830805795.0593398	20	0	0	0	0	4096	fnv1a64:d50f71f555286fae	verified		measured		unavailable	separate Rust execution cost; not aggregated with the direct C kernel	9872	414	StreamingComputation::reset plus one next call per observation; stream and output allocation excluded	catalogue_fixture_v1:f64le	fnv1a64:06be03be64d63c6c	0.6.4	43f9d5042ecc4bd367941846494ad907bf20ea50	3.12.13	0.6.4	0.6.4	2.2.3	rustc 1.93.0 (254b59607 2026-01-19)	Apple M2	Darwin 25.5.0 Darwin Kernel Version 25.5.0: Tue Jun  9 22:27:52 PDT 2026; root:xnu-12377.121.10~1/RELEASE_ARM64_T8112	aarch64	64	ta-core=default(f64,std); ta-benchmarks=catalogue-matrix	b156ac1ec5c781af0a386c4deab4769a4c5479c1	true
TA-Lib C	Math Operators	ADD: Vector Arithmetic Add	ADD	direct C caller-owned	none	4096	float	1	551.5450150050017	540.7982660886962	611.7317439146382	7426411060.86845	20	0	0	0	0	4096	fnv1a64:d50f71f555286fae	verified		measured		comparable	primary caller-owned Rust/C kernel	68240	2999	direct TA_ADD call; caller output allocation excluded	catalogue_fixture_v1:f64le	fnv1a64:06be03be64d63c6c	0.6.4	43f9d5042ecc4bd367941846494ad907bf20ea50	3.12.13	0.6.4	0.6.4	2.2.3	rustc 1.93.0 (254b59607 2026-01-19)	Apple M2	Darwin 25.5.0 Darwin Kernel Version 25.5.0: Tue Jun  9 22:27:52 PDT 2026; root:xnu-12377.121.10~1/RELEASE_ARM64_T8112	aarch64	64	ta-core=default(f64,std); ta-benchmarks=catalogue-matrix	b156ac1ec5c781af0a386c4deab4769a4c5479c1	true
TA-Lib Python	Math Operators	ADD: Vector Arithmetic Add	ADD	official Python NumPy API	none	4096	float	1	777.1491864785	710.1190087995001	835.9475520045	5270545310.045585	20	0	0	0	0	4096	fnv1a64:d50f71f555286fae	verified		measured		unavailable	user-facing Python API cost; not aggregated with caller-owned kernels	46661	2088	direct talib.ADD NumPy API expression including API-owned output; fixture loading excluded	catalogue_fixture_v1:f64le	fnv1a64:06be03be64d63c6c	0.6.4	43f9d5042ecc4bd367941846494ad907bf20ea50	3.12.13	0.6.4	0.6.4	2.2.3	rustc 1.93.0 (254b59607 2026-01-19)	Apple M2	Darwin 25.5.0 Darwin Kernel Version 25.5.0: Tue Jun  9 22:27:52 PDT 2026; root:xnu-12377.121.10~1/RELEASE_ARM64_T8112	aarch64	64	ta-core=default(f64,std); ta-benchmarks=catalogue-matrix	b156ac1ec5c781af0a386c4deab4769a4c5479c1	true
fast-ta	Overlap Studies	SMA: Simple Moving Average	SMA	Owned Compact Output	timeperiod=14	65536	float	1	97872.02380952382	96876	99742.07142857142	669609122.7003193	20	0	0	0	13	65523	fnv1a64:af3bde69a6a8b06c	verified		measured		unavailable	separate Rust execution cost; not aggregated with the direct C kernel	497	21	IndicatorConfig::compute; API-owned Compact Output allocation included	catalogue_fixture_v1:f64le	fnv1a64:a4171d0a7611733a	0.6.4	43f9d5042ecc4bd367941846494ad907bf20ea50	3.12.13	0.6.4	0.6.4	2.2.3	rustc 1.93.0 (254b59607 2026-01-19)	Apple M2	Darwin 25.5.0 Darwin Kernel Version 25.5.0: Tue Jun  9 22:27:52 PDT 2026; root:xnu-12377.121.10~1/RELEASE_ARM64_T8112	aarch64	64	ta-core=default(f64,std); ta-benchmarks=catalogue-matrix	b156ac1ec5c781af0a386c4deab4769a4c5479c1	true
fast-ta	Overlap Studies	SMA: Simple Moving Average	SMA	caller-owned Batch Computation	timeperiod=14	65536	float	1	94737.525	94002.075	96758.325	691763902.4240923	20	0	0	0	13	65523	fnv1a64:af3bde69a6a8b06c	verified		measured		comparable	primary caller-owned Rust/C kernel	528	20	IndicatorConfig::compute_into; caller output allocation excluded	catalogue_fixture_v1:f64le	fnv1a64:a4171d0a7611733a	0.6.4	43f9d5042ecc4bd367941846494ad907bf20ea50	3.12.13	0.6.4	0.6.4	2.2.3	rustc 1.93.0 (254b59607 2026-01-19)	Apple M2	Darwin 25.5.0 Darwin Kernel Version 25.5.0: Tue Jun  9 22:27:52 PDT 2026; root:xnu-12377.121.10~1/RELEASE_ARM64_T8112	aarch64	64	ta-core=default(f64,std); ta-benchmarks=catalogue-matrix	b156ac1ec5c781af0a386c4deab4769a4c5479c1	true
fast-ta	Overlap Studies	SMA: Simple Moving Average	SMA	Prepared Batch Runner	timeperiod=14	65536	float	1	97745.04761904762	97093.2619047619	98452.38095238095	670478981.7630512	20	0	0	0	13	65523	fnv1a64:af3bde69a6a8b06c	verified		measured		unavailable	separate Rust execution cost; not aggregated with the direct C kernel	522	21	PreparedBatchRunner::compute_into; preparation and caller output allocation excluded	catalogue_fixture_v1:f64le	fnv1a64:a4171d0a7611733a	0.6.4	43f9d5042ecc4bd367941846494ad907bf20ea50	3.12.13	0.6.4	0.6.4	2.2.3	rustc 1.93.0 (254b59607 2026-01-19)	Apple M2	Darwin 25.5.0 Darwin Kernel Version 25.5.0: Tue Jun  9 22:27:52 PDT 2026; root:xnu-12377.121.10~1/RELEASE_ARM64_T8112	aarch64	64	ta-core=default(f64,std); ta-benchmarks=catalogue-matrix	b156ac1ec5c781af0a386c4deab4769a4c5479c1	true
fast-ta	Overlap Studies	SMA: Simple Moving Average	SMA	Streaming Computation	timeperiod=14	65536	float	1	354385.4166666667	351347.1666666666	357090.25	184928602.9217248	20	1	0	1	13	65523	fnv1a64:af3bde69a6a8b06c	verified		measured		unavailable	separate Rust execution cost; not aggregated with the direct C kernel	142	6	StreamingComputation::reset plus one next call per observation; stream and output allocation excluded	catalogue_fixture_v1:f64le	fnv1a64:a4171d0a7611733a	0.6.4	43f9d5042ecc4bd367941846494ad907bf20ea50	3.12.13	0.6.4	0.6.4	2.2.3	rustc 1.93.0 (254b59607 2026-01-19)	Apple M2	Darwin 25.5.0 Darwin Kernel Version 25.5.0: Tue Jun  9 22:27:52 PDT 2026; root:xnu-12377.121.10~1/RELEASE_ARM64_T8112	aarch64	64	ta-core=default(f64,std); ta-benchmarks=catalogue-matrix	b156ac1ec5c781af0a386c4deab4769a4c5479c1	true
TA-Lib C	Overlap Studies	SMA: Simple Moving Average	SMA	direct C caller-owned	timeperiod=14	65536	float	1	130434.53571428571	126287.17857142857	133522.32142857142	502443617.72065735	20	0	0	0	13	65523	fnv1a64:f15ad23244873212	verified		measured		comparable	primary caller-owned Rust/C kernel	389	14	direct TA_SMA call; caller output allocation excluded	catalogue_fixture_v1:f64le	fnv1a64:a4171d0a7611733a	0.6.4	43f9d5042ecc4bd367941846494ad907bf20ea50	3.12.13	0.6.4	0.6.4	2.2.3	rustc 1.93.0 (254b59607 2026-01-19)	Apple M2	Darwin 25.5.0 Darwin Kernel Version 25.5.0: Tue Jun  9 22:27:52 PDT 2026; root:xnu-12377.121.10~1/RELEASE_ARM64_T8112	aarch64	64	ta-core=default(f64,std); ta-benchmarks=catalogue-matrix	b156ac1ec5c781af0a386c4deab4769a4c5479c1	true
TA-Lib Python	Overlap Studies	SMA: Simple Moving Average	SMA	official Python NumPy API	timeperiod=14	65536	float	1	128558.824893416	127012.2661748355	130446.08845923349	509774416.92029935	20	0	0	0	13	65523	fnv1a64:f15ad23244873212	verified		measured		unavailable	user-facing Python API cost; not aggregated with caller-owned kernels	388	17	direct talib.SMA NumPy API expression including API-owned output; fixture loading excluded	catalogue_fixture_v1:f64le	fnv1a64:a4171d0a7611733a	0.6.4	43f9d5042ecc4bd367941846494ad907bf20ea50	3.12.13	0.6.4	0.6.4	2.2.3	rustc 1.93.0 (254b59607 2026-01-19)	Apple M2	Darwin 25.5.0 Darwin Kernel Version 25.5.0: Tue Jun  9 22:27:52 PDT 2026; root:xnu-12377.121.10~1/RELEASE_ARM64_T8112	aarch64	64	ta-core=default(f64,std); ta-benchmarks=catalogue-matrix	b156ac1ec5c781af0a386c4deab4769a4c5479c1	true
fast-ta	Overlap Studies	BBANDS: Bollinger Bands	BBANDS	Owned Compact Output	timeperiod=20;nbdevup=2;nbdevdn=2;matype=SMA	65536	float	3	288190.5	284741.07142857136	303345.28571428574	227405136.53295302	20	0	0	0	19	65517	fnv1a64:d9001fec0702c969	verified		measured		unavailable	separate Rust execution cost; not aggregated with the direct C kernel	173	7	IndicatorConfig::compute; API-owned Compact Output allocation included	catalogue_fixture_v1:f64le	fnv1a64:a4171d0a7611733a	0.6.4	43f9d5042ecc4bd367941846494ad907bf20ea50	3.12.13	0.6.4	0.6.4	2.2.3	rustc 1.93.0 (254b59607 2026-01-19)	Apple M2	Darwin 25.5.0 Darwin Kernel Version 25.5.0: Tue Jun  9 22:27:52 PDT 2026; root:xnu-12377.121.10~1/RELEASE_ARM64_T8112	aarch64	64	ta-core=default(f64,std); ta-benchmarks=catalogue-matrix	b156ac1ec5c781af0a386c4deab4769a4c5479c1	true
fast-ta	Overlap Studies	BBANDS: Bollinger Bands	BBANDS	caller-owned Batch Computation	timeperiod=20;nbdevup=2;nbdevdn=2;matype=SMA	65536	float	3	279666.6875	275093.8125	284203.125	234336096.96542782	20	2	0	2	19	65517	fnv1a64:d9001fec0702c969	verified		measured		comparable	primary caller-owned Rust/C kernel	176	8	IndicatorConfig::compute_into; caller output allocation excluded	catalogue_fixture_v1:f64le	fnv1a64:a4171d0a7611733a	0.6.4	43f9d5042ecc4bd367941846494ad907bf20ea50	3.12.13	0.6.4	0.6.4	2.2.3	rustc 1.93.0 (254b59607 2026-01-19)	Apple M2	Darwin 25.5.0 Darwin Kernel Version 25.5.0: Tue Jun  9 22:27:52 PDT 2026; root:xnu-12377.121.10~1/RELEASE_ARM64_T8112	aarch64	64	ta-core=default(f64,std); ta-benchmarks=catalogue-matrix	b156ac1ec5c781af0a386c4deab4769a4c5479c1	true
fast-ta	Overlap Studies	BBANDS: Bollinger Bands	BBANDS	Prepared Batch Runner	timeperiod=20;nbdevup=2;nbdevdn=2;matype=SMA	65536	float	3	286723.9375	281632.8125	290171.875	228568289.66364205	20	0	0	0	19	65517	fnv1a64:d9001fec0702c969	verified		measured		unavailable	separate Rust execution cost; not aggregated with the direct C kernel	176	8	PreparedBatchRunner::compute_into; preparation and caller output allocation excluded	catalogue_fixture_v1:f64le	fnv1a64:a4171d0a7611733a	0.6.4	43f9d5042ecc4bd367941846494ad907bf20ea50	3.12.13	0.6.4	0.6.4	2.2.3	rustc 1.93.0 (254b59607 2026-01-19)	Apple M2	Darwin 25.5.0 Darwin Kernel Version 25.5.0: Tue Jun  9 22:27:52 PDT 2026; root:xnu-12377.121.10~1/RELEASE_ARM64_T8112	aarch64	64	ta-core=default(f64,std); ta-benchmarks=catalogue-matrix	b156ac1ec5c781af0a386c4deab4769a4c5479c1	true
fast-ta	Overlap Studies	BBANDS: Bollinger Bands	BBANDS	Streaming Computation	timeperiod=20;nbdevup=2;nbdevdn=2;matype=SMA	65536	float	3	498716.6	479812.5	509375	131409301.39482023	20	2	0	2	19	65517	fnv1a64:d9001fec0702c969	verified		measured		unavailable	separate Rust execution cost; not aggregated with the direct C kernel	104	5	StreamingComputation::reset plus one next call per observation; stream and output allocation excluded	catalogue_fixture_v1:f64le	fnv1a64:a4171d0a7611733a	0.6.4	43f9d5042ecc4bd367941846494ad907bf20ea50	3.12.13	0.6.4	0.6.4	2.2.3	rustc 1.93.0 (254b59607 2026-01-19)	Apple M2	Darwin 25.5.0 Darwin Kernel Version 25.5.0: Tue Jun  9 22:27:52 PDT 2026; root:xnu-12377.121.10~1/RELEASE_ARM64_T8112	aarch64	64	ta-core=default(f64,std); ta-benchmarks=catalogue-matrix	b156ac1ec5c781af0a386c4deab4769a4c5479c1	true
TA-Lib C	Overlap Studies	BBANDS: Bollinger Bands	BBANDS	direct C caller-owned	timeperiod=20;nbdevup=2;nbdevdn=2;matype=SMA	65536	float	3	380241.6	367391.6	386587.5	172353577.30453482	20	0	0	0	19	65517	fnv1a64:25bf9c5b84b4c3ac	verified		measured		comparable	primary caller-owned Rust/C kernel	133	5	direct TA_BBANDS call; caller output allocation excluded	catalogue_fixture_v1:f64le	fnv1a64:a4171d0a7611733a	0.6.4	43f9d5042ecc4bd367941846494ad907bf20ea50	3.12.13	0.6.4	0.6.4	2.2.3	rustc 1.93.0 (254b59607 2026-01-19)	Apple M2	Darwin 25.5.0 Darwin Kernel Version 25.5.0: Tue Jun  9 22:27:52 PDT 2026; root:xnu-12377.121.10~1/RELEASE_ARM64_T8112	aarch64	64	ta-core=default(f64,std); ta-benchmarks=catalogue-matrix	b156ac1ec5c781af0a386c4deab4769a4c5479c1	true
TA-Lib Python	Overlap Studies	BBANDS: Bollinger Bands	BBANDS	official Python NumPy API	timeperiod=20;nbdevup=2;nbdevdn=2;matype=SMA	65536	float	3	362781.2499568485	354635.422506059	368322.920015392	180648806.98160467	20	1	0	1	19	65517	fnv1a64:25bf9c5b84b4c3ac	verified		measured		unavailable	user-facing Python API cost; not aggregated with caller-owned kernels	143	6	direct talib.BBANDS NumPy API expression including API-owned output; fixture loading excluded	catalogue_fixture_v1:f64le	fnv1a64:a4171d0a7611733a	0.6.4	43f9d5042ecc4bd367941846494ad907bf20ea50	3.12.13	0.6.4	0.6.4	2.2.3	rustc 1.93.0 (254b59607 2026-01-19)	Apple M2	Darwin 25.5.0 Darwin Kernel Version 25.5.0: Tue Jun  9 22:27:52 PDT 2026; root:xnu-12377.121.10~1/RELEASE_ARM64_T8112	aarch64	64	ta-core=default(f64,std); ta-benchmarks=catalogue-matrix	b156ac1ec5c781af0a386c4deab4769a4c5479c1	true
fast-ta	Momentum Indicators	RSI: Relative Strength Index	RSI	Owned Compact Output	timeperiod=14	65536	float	1	391621.5833333334	387645.8333333333	399597.1666666666	167345219.94978568	20	3	1	2	14	65522	fnv1a64:b3cd1ba41e0575e9	verified		measured		unavailable	separate Rust execution cost; not aggregated with the direct C kernel	132	6	IndicatorConfig::compute; API-owned Compact Output allocation included	catalogue_fixture_v1:f64le	fnv1a64:a4171d0a7611733a	0.6.4	43f9d5042ecc4bd367941846494ad907bf20ea50	3.12.13	0.6.4	0.6.4	2.2.3	rustc 1.93.0 (254b59607 2026-01-19)	Apple M2	Darwin 25.5.0 Darwin Kernel Version 25.5.0: Tue Jun  9 22:27:52 PDT 2026; root:xnu-12377.121.10~1/RELEASE_ARM64_T8112	aarch64	64	ta-core=default(f64,std); ta-benchmarks=catalogue-matrix	b156ac1ec5c781af0a386c4deab4769a4c5479c1	true
fast-ta	Momentum Indicators	RSI: Relative Strength Index	RSI	caller-owned Batch Computation	timeperiod=14	65536	float	1	375357.6666666667	370309.0833333333	377909.75	174596140.74753588	20	2	0	2	14	65522	fnv1a64:b3cd1ba41e0575e9	verified		measured		comparable	primary caller-owned Rust/C kernel	126	6	IndicatorConfig::compute_into; caller output allocation excluded	catalogue_fixture_v1:f64le	fnv1a64:a4171d0a7611733a	0.6.4	43f9d5042ecc4bd367941846494ad907bf20ea50	3.12.13	0.6.4	0.6.4	2.2.3	rustc 1.93.0 (254b59607 2026-01-19)	Apple M2	Darwin 25.5.0 Darwin Kernel Version 25.5.0: Tue Jun  9 22:27:52 PDT 2026; root:xnu-12377.121.10~1/RELEASE_ARM64_T8112	aarch64	64	ta-core=default(f64,std); ta-benchmarks=catalogue-matrix	b156ac1ec5c781af0a386c4deab4769a4c5479c1	true
fast-ta	Momentum Indicators	RSI: Relative Strength Index	RSI	Prepared Batch Runner	timeperiod=14	65536	float	1	376166.6666666666	369656.25	378899.25	174220646.8763846	20	2	0	2	14	65522	fnv1a64:b3cd1ba41e0575e9	verified		measured		unavailable	separate Rust execution cost; not aggregated with the direct C kernel	133	6	PreparedBatchRunner::compute_into; preparation and caller output allocation excluded	catalogue_fixture_v1:f64le	fnv1a64:a4171d0a7611733a	0.6.4	43f9d5042ecc4bd367941846494ad907bf20ea50	3.12.13	0.6.4	0.6.4	2.2.3	rustc 1.93.0 (254b59607 2026-01-19)	Apple M2	Darwin 25.5.0 Darwin Kernel Version 25.5.0: Tue Jun  9 22:27:52 PDT 2026; root:xnu-12377.121.10~1/RELEASE_ARM64_T8112	aarch64	64	ta-core=default(f64,std); ta-benchmarks=catalogue-matrix	b156ac1ec5c781af0a386c4deab4769a4c5479c1	true
fast-ta	Momentum Indicators	RSI: Relative Strength Index	RSI	Streaming Computation	timeperiod=14	65536	float	1	599421.875	592213.5	611249.875	109332012.61632302	20	2	0	2	14	65522	fnv1a64:b3cd1ba41e0575e9	verified		measured		unavailable	separate Rust execution cost; not aggregated with the direct C kernel	83	4	StreamingComputation::reset plus one next call per observation; stream and output allocation excluded	catalogue_fixture_v1:f64le	fnv1a64:a4171d0a7611733a	0.6.4	43f9d5042ecc4bd367941846494ad907bf20ea50	3.12.13	0.6.4	0.6.4	2.2.3	rustc 1.93.0 (254b59607 2026-01-19)	Apple M2	Darwin 25.5.0 Darwin Kernel Version 25.5.0: Tue Jun  9 22:27:52 PDT 2026; root:xnu-12377.121.10~1/RELEASE_ARM64_T8112	aarch64	64	ta-core=default(f64,std); ta-benchmarks=catalogue-matrix	b156ac1ec5c781af0a386c4deab4769a4c5479c1	true
TA-Lib C	Momentum Indicators	RSI: Relative Strength Index	RSI	direct C caller-owned	timeperiod=14	65536	float	1	380416.6666666666	377375	390180.5	172274260.67907998	20	0	0	0	14	65522	fnv1a64:b3cd1ba41e0575e9	verified		measured		comparable	primary caller-owned Rust/C kernel	131	6	direct TA_RSI call; caller output allocation excluded	catalogue_fixture_v1:f64le	fnv1a64:a4171d0a7611733a	0.6.4	43f9d5042ecc4bd367941846494ad907bf20ea50	3.12.13	0.6.4	0.6.4	2.2.3	rustc 1.93.0 (254b59607 2026-01-19)	Apple M2	Darwin 25.5.0 Darwin Kernel Version 25.5.0: Tue Jun  9 22:27:52 PDT 2026; root:xnu-12377.121.10~1/RELEASE_ARM64_T8112	aarch64	64	ta-core=default(f64,std); ta-benchmarks=catalogue-matrix	b156ac1ec5c781af0a386c4deab4769a4c5479c1	true
TA-Lib Python	Momentum Indicators	RSI: Relative Strength Index	RSI	official Python NumPy API	timeperiod=14	65536	float	1	387420.164770447	378000.001849917	392333.250298786	169160012.7185718	20	0	0	0	14	65522	fnv1a64:b3cd1ba41e0575e9	verified		measured		unavailable	user-facing Python API cost; not aggregated with caller-owned kernels	130	6	direct talib.RSI NumPy API expression including API-owned output; fixture loading excluded	catalogue_fixture_v1:f64le	fnv1a64:a4171d0a7611733a	0.6.4	43f9d5042ecc4bd367941846494ad907bf20ea50	3.12.13	0.6.4	0.6.4	2.2.3	rustc 1.93.0 (254b59607 2026-01-19)	Apple M2	Darwin 25.5.0 Darwin Kernel Version 25.5.0: Tue Jun  9 22:27:52 PDT 2026; root:xnu-12377.121.10~1/RELEASE_ARM64_T8112	aarch64	64	ta-core=default(f64,std); ta-benchmarks=catalogue-matrix	b156ac1ec5c781af0a386c4deab4769a4c5479c1	true
fast-ta	Momentum Indicators	MACD: Moving Average Convergence/Divergence	MACD	Owned Compact Output	fastperiod=12;slowperiod=26;signalperiod=9	65536	float	3	245766.1666666667	242583.33333333334	249819.44444444444	266659975.57298705	20	0	0	0	33	65503	fnv1a64:69846d5bb019b909	verified		measured		unavailable	separate Rust execution cost; not aggregated with the direct C kernel	206	9	IndicatorConfig::compute; API-owned Compact Output allocation included	catalogue_fixture_v1:f64le	fnv1a64:a4171d0a7611733a	0.6.4	43f9d5042ecc4bd367941846494ad907bf20ea50	3.12.13	0.6.4	0.6.4	2.2.3	rustc 1.93.0 (254b59607 2026-01-19)	Apple M2	Darwin 25.5.0 Darwin Kernel Version 25.5.0: Tue Jun  9 22:27:52 PDT 2026; root:xnu-12377.121.10~1/RELEASE_ARM64_T8112	aarch64	64	ta-core=default(f64,std); ta-benchmarks=catalogue-matrix	b156ac1ec5c781af0a386c4deab4769a4c5479c1	true
fast-ta	Momentum Indicators	MACD: Moving Average Convergence/Divergence	MACD	caller-owned Batch Computation	fastperiod=12;slowperiod=26;signalperiod=9	65536	float	3	234405.05555555556	230368.05555555556	237523.1666666667	279584413.58986616	20	2	0	2	33	65503	fnv1a64:69846d5bb019b909	verified		measured		comparable	primary caller-owned Rust/C kernel	210	9	IndicatorConfig::compute_into; caller output allocation excluded	catalogue_fixture_v1:f64le	fnv1a64:a4171d0a7611733a	0.6.4	43f9d5042ecc4bd367941846494ad907bf20ea50	3.12.13	0.6.4	0.6.4	2.2.3	rustc 1.93.0 (254b59607 2026-01-19)	Apple M2	Darwin 25.5.0 Darwin Kernel Version 25.5.0: Tue Jun  9 22:27:52 PDT 2026; root:xnu-12377.121.10~1/RELEASE_ARM64_T8112	aarch64	64	ta-core=default(f64,std); ta-benchmarks=catalogue-matrix	b156ac1ec5c781af0a386c4deab4769a4c5479c1	true
fast-ta	Momentum Indicators	MACD: Moving Average Convergence/Divergence	MACD	Prepared Batch Runner	fastperiod=12;slowperiod=26;signalperiod=9	65536	float	3	233514.6	230593.7	242475	280650546.04722786	20	0	0	0	33	65503	fnv1a64:69846d5bb019b909	verified		measured		unavailable	separate Rust execution cost; not aggregated with the direct C kernel	217	10	PreparedBatchRunner::compute_into; preparation and caller output allocation excluded	catalogue_fixture_v1:f64le	fnv1a64:a4171d0a7611733a	0.6.4	43f9d5042ecc4bd367941846494ad907bf20ea50	3.12.13	0.6.4	0.6.4	2.2.3	rustc 1.93.0 (254b59607 2026-01-19)	Apple M2	Darwin 25.5.0 Darwin Kernel Version 25.5.0: Tue Jun  9 22:27:52 PDT 2026; root:xnu-12377.121.10~1/RELEASE_ARM64_T8112	aarch64	64	ta-core=default(f64,std); ta-benchmarks=catalogue-matrix	b156ac1ec5c781af0a386c4deab4769a4c5479c1	true
fast-ta	Momentum Indicators	MACD: Moving Average Convergence/Divergence	MACD	Streaming Computation	fastperiod=12;slowperiod=26;signalperiod=9	65536	float	3	685557.375	674697.875	697364.625	95595208.205586	20	2	0	2	33	65503	fnv1a64:69846d5bb019b909	verified		measured		unavailable	separate Rust execution cost; not aggregated with the direct C kernel	75	4	StreamingComputation::reset plus one next call per observation; stream and output allocation excluded	catalogue_fixture_v1:f64le	fnv1a64:a4171d0a7611733a	0.6.4	43f9d5042ecc4bd367941846494ad907bf20ea50	3.12.13	0.6.4	0.6.4	2.2.3	rustc 1.93.0 (254b59607 2026-01-19)	Apple M2	Darwin 25.5.0 Darwin Kernel Version 25.5.0: Tue Jun  9 22:27:52 PDT 2026; root:xnu-12377.121.10~1/RELEASE_ARM64_T8112	aarch64	64	ta-core=default(f64,std); ta-benchmarks=catalogue-matrix	b156ac1ec5c781af0a386c4deab4769a4c5479c1	true
TA-Lib C	Momentum Indicators	MACD: Moving Average Convergence/Divergence	MACD	direct C caller-owned	fastperiod=12;slowperiod=26;signalperiod=9	65536	float	3	456062.5	452541.7	469516.6	143699602.57640126	20	1	0	1	33	65503	fnv1a64:3d060218c024f918	verified		measured		comparable	primary caller-owned Rust/C kernel	106	5	direct TA_MACD call; caller output allocation excluded	catalogue_fixture_v1:f64le	fnv1a64:a4171d0a7611733a	0.6.4	43f9d5042ecc4bd367941846494ad907bf20ea50	3.12.13	0.6.4	0.6.4	2.2.3	rustc 1.93.0 (254b59607 2026-01-19)	Apple M2	Darwin 25.5.0 Darwin Kernel Version 25.5.0: Tue Jun  9 22:27:52 PDT 2026; root:xnu-12377.121.10~1/RELEASE_ARM64_T8112	aarch64	64	ta-core=default(f64,std); ta-benchmarks=catalogue-matrix	b156ac1ec5c781af0a386c4deab4769a4c5479c1	true
TA-Lib Python	Momentum Indicators	MACD: Moving Average Convergence/Divergence	MACD	official Python NumPy API	fastperiod=12;slowperiod=26;signalperiod=9	65536	float	3	458800.001069903	454824.9999061225	467395.79993300105	142842196.70264322	20	0	0	0	33	65503	fnv1a64:3d060218c024f918	verified		measured		unavailable	user-facing Python API cost; not aggregated with caller-owned kernels	106	5	direct talib.MACD NumPy API expression including API-owned output; fixture loading excluded	catalogue_fixture_v1:f64le	fnv1a64:a4171d0a7611733a	0.6.4	43f9d5042ecc4bd367941846494ad907bf20ea50	3.12.13	0.6.4	0.6.4	2.2.3	rustc 1.93.0 (254b59607 2026-01-19)	Apple M2	Darwin 25.5.0 Darwin Kernel Version 25.5.0: Tue Jun  9 22:27:52 PDT 2026; root:xnu-12377.121.10~1/RELEASE_ARM64_T8112	aarch64	64	ta-core=default(f64,std); ta-benchmarks=catalogue-matrix	b156ac1ec5c781af0a386c4deab4769a4c5479c1	true
fast-ta	Volatility Indicators	ATR: Average True Range	ATR	Owned Compact Output	timeperiod=14	65536	float	1	425245.8	418466.70000000007	427379.1	154113221.10647535	20	1	0	1	14	65522	fnv1a64:a4ba80c09e461d2a	verified		measured		unavailable	separate Rust execution cost; not aggregated with the direct C kernel	116	5	IndicatorConfig::compute; API-owned Compact Output allocation included	catalogue_fixture_v1:f64le	fnv1a64:a4171d0a7611733a	0.6.4	43f9d5042ecc4bd367941846494ad907bf20ea50	3.12.13	0.6.4	0.6.4	2.2.3	rustc 1.93.0 (254b59607 2026-01-19)	Apple M2	Darwin 25.5.0 Darwin Kernel Version 25.5.0: Tue Jun  9 22:27:52 PDT 2026; root:xnu-12377.121.10~1/RELEASE_ARM64_T8112	aarch64	64	ta-core=default(f64,std); ta-benchmarks=catalogue-matrix	b156ac1ec5c781af0a386c4deab4769a4c5479c1	true
fast-ta	Volatility Indicators	ATR: Average True Range	ATR	caller-owned Batch Computation	timeperiod=14	65536	float	1	420041.69999999995	417012.4	431141.6	156022604.42237046	20	1	0	1	14	65522	fnv1a64:a4ba80c09e461d2a	verified		measured		comparable	primary caller-owned Rust/C kernel	120	5	IndicatorConfig::compute_into; caller output allocation excluded	catalogue_fixture_v1:f64le	fnv1a64:a4171d0a7611733a	0.6.4	43f9d5042ecc4bd367941846494ad907bf20ea50	3.12.13	0.6.4	0.6.4	2.2.3	rustc 1.93.0 (254b59607 2026-01-19)	Apple M2	Darwin 25.5.0 Darwin Kernel Version 25.5.0: Tue Jun  9 22:27:52 PDT 2026; root:xnu-12377.121.10~1/RELEASE_ARM64_T8112	aarch64	64	ta-core=default(f64,std); ta-benchmarks=catalogue-matrix	b156ac1ec5c781af0a386c4deab4769a4c5479c1	true
fast-ta	Volatility Indicators	ATR: Average True Range	ATR	Prepared Batch Runner	timeperiod=14	65536	float	1	417737.5	416575.10000000003	424179.3	156883210.1499147	20	1	0	1	14	65522	fnv1a64:a4ba80c09e461d2a	verified		measured		unavailable	separate Rust execution cost; not aggregated with the direct C kernel	119	5	PreparedBatchRunner::compute_into; preparation and caller output allocation excluded	catalogue_fixture_v1:f64le	fnv1a64:a4171d0a7611733a	0.6.4	43f9d5042ecc4bd367941846494ad907bf20ea50	3.12.13	0.6.4	0.6.4	2.2.3	rustc 1.93.0 (254b59607 2026-01-19)	Apple M2	Darwin 25.5.0 Darwin Kernel Version 25.5.0: Tue Jun  9 22:27:52 PDT 2026; root:xnu-12377.121.10~1/RELEASE_ARM64_T8112	aarch64	64	ta-core=default(f64,std); ta-benchmarks=catalogue-matrix	b156ac1ec5c781af0a386c4deab4769a4c5479c1	true
fast-ta	Volatility Indicators	ATR: Average True Range	ATR	Streaming Computation	timeperiod=14	65536	float	1	480220.8	474983.4	485104.1	136470556.87716985	20	2	0	2	14	65522	fnv1a64:a4ba80c09e461d2a	verified		measured		unavailable	separate Rust execution cost; not aggregated with the direct C kernel	102	5	StreamingComputation::reset plus one next call per observation; stream and output allocation excluded	catalogue_fixture_v1:f64le	fnv1a64:a4171d0a7611733a	0.6.4	43f9d5042ecc4bd367941846494ad907bf20ea50	3.12.13	0.6.4	0.6.4	2.2.3	rustc 1.93.0 (254b59607 2026-01-19)	Apple M2	Darwin 25.5.0 Darwin Kernel Version 25.5.0: Tue Jun  9 22:27:52 PDT 2026; root:xnu-12377.121.10~1/RELEASE_ARM64_T8112	aarch64	64	ta-core=default(f64,std); ta-benchmarks=catalogue-matrix	b156ac1ec5c781af0a386c4deab4769a4c5479c1	true
TA-Lib C	Volatility Indicators	ATR: Average True Range	ATR	direct C caller-owned	timeperiod=14	65536	float	1	367861.1666666666	361031.25	373666.6666666666	178154167.76347238	20	0	0	0	14	65522	fnv1a64:a4ba80c09e461d2a	verified		measured		comparable	primary caller-owned Rust/C kernel	138	6	direct TA_ATR call; caller output allocation excluded	catalogue_fixture_v1:f64le	fnv1a64:a4171d0a7611733a	0.6.4	43f9d5042ecc4bd367941846494ad907bf20ea50	3.12.13	0.6.4	0.6.4	2.2.3	rustc 1.93.0 (254b59607 2026-01-19)	Apple M2	Darwin 25.5.0 Darwin Kernel Version 25.5.0: Tue Jun  9 22:27:52 PDT 2026; root:xnu-12377.121.10~1/RELEASE_ARM64_T8112	aarch64	64	ta-core=default(f64,std); ta-benchmarks=catalogue-matrix	b156ac1ec5c781af0a386c4deab4769a4c5479c1	true
TA-Lib Python	Volatility Indicators	ATR: Average True Range	ATR	official Python NumPy API	timeperiod=14	65536	float	1	360099.0094128065	353942.74891587	364036.49573912856	181994391.2283067	20	1	0	1	14	65522	fnv1a64:a4ba80c09e461d2a	verified		measured		unavailable	user-facing Python API cost; not aggregated with caller-owned kernels	136	4	direct talib.ATR NumPy API expression including API-owned output; fixture loading excluded	catalogue_fixture_v1:f64le	fnv1a64:a4171d0a7611733a	0.6.4	43f9d5042ecc4bd367941846494ad907bf20ea50	3.12.13	0.6.4	0.6.4	2.2.3	rustc 1.93.0 (254b59607 2026-01-19)	Apple M2	Darwin 25.5.0 Darwin Kernel Version 25.5.0: Tue Jun  9 22:27:52 PDT 2026; root:xnu-12377.121.10~1/RELEASE_ARM64_T8112	aarch64	64	ta-core=default(f64,std); ta-benchmarks=catalogue-matrix	b156ac1ec5c781af0a386c4deab4769a4c5479c1	true
fast-ta	Momentum Indicators	ADX: Average Directional Movement Index	ADX	Owned Compact Output	timeperiod=14	65536	float	1	491050	485054.2	497166.69999999995	133460951.02331738	20	0	0	0	27	65509	fnv1a64:a2c7455499facb3b	verified		measured		unavailable	separate Rust execution cost; not aggregated with the direct C kernel	101	5	IndicatorConfig::compute; API-owned Compact Output allocation included	catalogue_fixture_v1:f64le	fnv1a64:a4171d0a7611733a	0.6.4	43f9d5042ecc4bd367941846494ad907bf20ea50	3.12.13	0.6.4	0.6.4	2.2.3	rustc 1.93.0 (254b59607 2026-01-19)	Apple M2	Darwin 25.5.0 Darwin Kernel Version 25.5.0: Tue Jun  9 22:27:52 PDT 2026; root:xnu-12377.121.10~1/RELEASE_ARM64_T8112	aarch64	64	ta-core=default(f64,std); ta-benchmarks=catalogue-matrix	b156ac1ec5c781af0a386c4deab4769a4c5479c1	true
fast-ta	Momentum Indicators	ADX: Average Directional Movement Index	ADX	caller-owned Batch Computation	timeperiod=14	65536	float	1	488829.1	482962.5	491550	134067304.9129031	20	1	0	1	27	65509	fnv1a64:a2c7455499facb3b	verified		measured		comparable	primary caller-owned Rust/C kernel	103	5	IndicatorConfig::compute_into; caller output allocation excluded	catalogue_fixture_v1:f64le	fnv1a64:a4171d0a7611733a	0.6.4	43f9d5042ecc4bd367941846494ad907bf20ea50	3.12.13	0.6.4	0.6.4	2.2.3	rustc 1.93.0 (254b59607 2026-01-19)	Apple M2	Darwin 25.5.0 Darwin Kernel Version 25.5.0: Tue Jun  9 22:27:52 PDT 2026; root:xnu-12377.121.10~1/RELEASE_ARM64_T8112	aarch64	64	ta-core=default(f64,std); ta-benchmarks=catalogue-matrix	b156ac1ec5c781af0a386c4deab4769a4c5479c1	true
fast-ta	Momentum Indicators	ADX: Average Directional Movement Index	ADX	Prepared Batch Runner	timeperiod=14	65536	float	1	482554.2	477316.6	492195.9	135810650.90719342	20	1	0	1	27	65509	fnv1a64:a2c7455499facb3b	verified		measured		unavailable	separate Rust execution cost; not aggregated with the direct C kernel	102	5	PreparedBatchRunner::compute_into; preparation and caller output allocation excluded	catalogue_fixture_v1:f64le	fnv1a64:a4171d0a7611733a	0.6.4	43f9d5042ecc4bd367941846494ad907bf20ea50	3.12.13	0.6.4	0.6.4	2.2.3	rustc 1.93.0 (254b59607 2026-01-19)	Apple M2	Darwin 25.5.0 Darwin Kernel Version 25.5.0: Tue Jun  9 22:27:52 PDT 2026; root:xnu-12377.121.10~1/RELEASE_ARM64_T8112	aarch64	64	ta-core=default(f64,std); ta-benchmarks=catalogue-matrix	b156ac1ec5c781af0a386c4deab4769a4c5479c1	true
fast-ta	Momentum Indicators	ADX: Average Directional Movement Index	ADX	Streaming Computation	timeperiod=14	65536	float	1	636421.875	623604.125	650385.375	102975718.74002603	20	1	0	1	27	65509	fnv1a64:a2c7455499facb3b	verified		measured		unavailable	separate Rust execution cost; not aggregated with the direct C kernel	81	4	StreamingComputation::reset plus one next call per observation; stream and output allocation excluded	catalogue_fixture_v1:f64le	fnv1a64:a4171d0a7611733a	0.6.4	43f9d5042ecc4bd367941846494ad907bf20ea50	3.12.13	0.6.4	0.6.4	2.2.3	rustc 1.93.0 (254b59607 2026-01-19)	Apple M2	Darwin 25.5.0 Darwin Kernel Version 25.5.0: Tue Jun  9 22:27:52 PDT 2026; root:xnu-12377.121.10~1/RELEASE_ARM64_T8112	aarch64	64	ta-core=default(f64,std); ta-benchmarks=catalogue-matrix	b156ac1ec5c781af0a386c4deab4769a4c5479c1	true
TA-Lib C	Momentum Indicators	ADX: Average Directional Movement Index	ADX	direct C caller-owned	timeperiod=14	65536	float	1	414620.79999999993	403808.3	423229.1	158062499.51763156	20	1	0	1	27	65509	fnv1a64:afebef904b1e6370	verified		measured		comparable	primary caller-owned Rust/C kernel	83	5	direct TA_ADX call; caller output allocation excluded	catalogue_fixture_v1:f64le	fnv1a64:a4171d0a7611733a	0.6.4	43f9d5042ecc4bd367941846494ad907bf20ea50	3.12.13	0.6.4	0.6.4	2.2.3	rustc 1.93.0 (254b59607 2026-01-19)	Apple M2	Darwin 25.5.0 Darwin Kernel Version 25.5.0: Tue Jun  9 22:27:52 PDT 2026; root:xnu-12377.121.10~1/RELEASE_ARM64_T8112	aarch64	64	ta-core=default(f64,std); ta-benchmarks=catalogue-matrix	b156ac1ec5c781af0a386c4deab4769a4c5479c1	true
TA-Lib Python	Momentum Indicators	ADX: Average Directional Movement Index	ADX	official Python NumPy API	timeperiod=14	65536	float	1	401090.24848789	397954.83462512505	405291.745361562	163394648.08000365	20	0	0	0	27	65509	fnv1a64:afebef904b1e6370	verified		measured		unavailable	user-facing Python API cost; not aggregated with caller-owned kernels	123	6	direct talib.ADX NumPy API expression including API-owned output; fixture loading excluded	catalogue_fixture_v1:f64le	fnv1a64:a4171d0a7611733a	0.6.4	43f9d5042ecc4bd367941846494ad907bf20ea50	3.12.13	0.6.4	0.6.4	2.2.3	rustc 1.93.0 (254b59607 2026-01-19)	Apple M2	Darwin 25.5.0 Darwin Kernel Version 25.5.0: Tue Jun  9 22:27:52 PDT 2026; root:xnu-12377.121.10~1/RELEASE_ARM64_T8112	aarch64	64	ta-core=default(f64,std); ta-benchmarks=catalogue-matrix	b156ac1ec5c781af0a386c4deab4769a4c5479c1	true
fast-ta	Cycle Indicators	HT_DCPHASE: Hilbert Transform Dominant Cycle Phase	HT_DCPHASE	Owned Compact Output	none	65536	float	1	7425917	7350896	7484916.5	8825307.366080176	20	0	0	0	63	65473	fnv1a64:26f4c48e9a13e773	verified		measured		unavailable	separate Rust execution cost; not aggregated with the direct C kernel	7	1	IndicatorConfig::compute; API-owned Compact Output allocation included	catalogue_fixture_v1:f64le	fnv1a64:a4171d0a7611733a	0.6.4	43f9d5042ecc4bd367941846494ad907bf20ea50	3.12.13	0.6.4	0.6.4	2.2.3	rustc 1.93.0 (254b59607 2026-01-19)	Apple M2	Darwin 25.5.0 Darwin Kernel Version 25.5.0: Tue Jun  9 22:27:52 PDT 2026; root:xnu-12377.121.10~1/RELEASE_ARM64_T8112	aarch64	64	ta-core=default(f64,std); ta-benchmarks=catalogue-matrix	b156ac1ec5c781af0a386c4deab4769a4c5479c1	true
fast-ta	Cycle Indicators	HT_DCPHASE: Hilbert Transform Dominant Cycle Phase	HT_DCPHASE	caller-owned Batch Computation	none	65536	float	1	7408979	7361979.5	7468083.5	8845483.298036072	20	2	0	2	63	65473	fnv1a64:26f4c48e9a13e773	verified		measured		comparable	primary caller-owned Rust/C kernel	7	1	IndicatorConfig::compute_into; caller output allocation excluded	catalogue_fixture_v1:f64le	fnv1a64:a4171d0a7611733a	0.6.4	43f9d5042ecc4bd367941846494ad907bf20ea50	3.12.13	0.6.4	0.6.4	2.2.3	rustc 1.93.0 (254b59607 2026-01-19)	Apple M2	Darwin 25.5.0 Darwin Kernel Version 25.5.0: Tue Jun  9 22:27:52 PDT 2026; root:xnu-12377.121.10~1/RELEASE_ARM64_T8112	aarch64	64	ta-core=default(f64,std); ta-benchmarks=catalogue-matrix	b156ac1ec5c781af0a386c4deab4769a4c5479c1	true
fast-ta	Cycle Indicators	HT_DCPHASE: Hilbert Transform Dominant Cycle Phase	HT_DCPHASE	Prepared Batch Runner	none	65536	float	1	7470500.5	7431687.5	7541750	8772638.459765848	20	1	0	1	63	65473	fnv1a64:26f4c48e9a13e773	verified		measured		unavailable	separate Rust execution cost; not aggregated with the direct C kernel	7	1	PreparedBatchRunner::compute_into; preparation and caller output allocation excluded	catalogue_fixture_v1:f64le	fnv1a64:a4171d0a7611733a	0.6.4	43f9d5042ecc4bd367941846494ad907bf20ea50	3.12.13	0.6.4	0.6.4	2.2.3	rustc 1.93.0 (254b59607 2026-01-19)	Apple M2	Darwin 25.5.0 Darwin Kernel Version 25.5.0: Tue Jun  9 22:27:52 PDT 2026; root:xnu-12377.121.10~1/RELEASE_ARM64_T8112	aarch64	64	ta-core=default(f64,std); ta-benchmarks=catalogue-matrix	b156ac1ec5c781af0a386c4deab4769a4c5479c1	true
fast-ta	Cycle Indicators	HT_DCPHASE: Hilbert Transform Dominant Cycle Phase	HT_DCPHASE	Streaming Computation	none	65536	float	1	7078333	7057104	7149145.5	9258677.14898409	20	0	0	0	63	65473	fnv1a64:26f4c48e9a13e773	verified		measured		unavailable	separate Rust execution cost; not aggregated with the direct C kernel	8	1	StreamingComputation::reset plus one next call per observation; stream and output allocation excluded	catalogue_fixture_v1:f64le	fnv1a64:a4171d0a7611733a	0.6.4	43f9d5042ecc4bd367941846494ad907bf20ea50	3.12.13	0.6.4	0.6.4	2.2.3	rustc 1.93.0 (254b59607 2026-01-19)	Apple M2	Darwin 25.5.0 Darwin Kernel Version 25.5.0: Tue Jun  9 22:27:52 PDT 2026; root:xnu-12377.121.10~1/RELEASE_ARM64_T8112	aarch64	64	ta-core=default(f64,std); ta-benchmarks=catalogue-matrix	b156ac1ec5c781af0a386c4deab4769a4c5479c1	true
TA-Lib C	Cycle Indicators	HT_DCPHASE: Hilbert Transform Dominant Cycle Phase	HT_DCPHASE	direct C caller-owned	none	65536	float	1	5920604	5882021	5991645.5	11069140.918730589	20	0	0	0	63	65473	fnv1a64:01c2e65ea4391c50	verified		measured		comparable	primary caller-owned Rust/C kernel	9	1	direct TA_HT_DCPHASE call; caller output allocation excluded	catalogue_fixture_v1:f64le	fnv1a64:a4171d0a7611733a	0.6.4	43f9d5042ecc4bd367941846494ad907bf20ea50	3.12.13	0.6.4	0.6.4	2.2.3	rustc 1.93.0 (254b59607 2026-01-19)	Apple M2	Darwin 25.5.0 Darwin Kernel Version 25.5.0: Tue Jun  9 22:27:52 PDT 2026; root:xnu-12377.121.10~1/RELEASE_ARM64_T8112	aarch64	64	ta-core=default(f64,std); ta-benchmarks=catalogue-matrix	b156ac1ec5c781af0a386c4deab4769a4c5479c1	true
TA-Lib Python	Cycle Indicators	HT_DCPHASE: Hilbert Transform Dominant Cycle Phase	HT_DCPHASE	official Python NumPy API	none	65536	float	1	5991249.985527247	5956187.524134293	6021145.993145183	10938618.84553506	20	0	0	0	63	65473	fnv1a64:01c2e65ea4391c50	verified		measured		unavailable	user-facing Python API cost; not aggregated with caller-owned kernels	9	1	direct talib.HT_DCPHASE NumPy API expression including API-owned output; fixture loading excluded	catalogue_fixture_v1:f64le	fnv1a64:a4171d0a7611733a	0.6.4	43f9d5042ecc4bd367941846494ad907bf20ea50	3.12.13	0.6.4	0.6.4	2.2.3	rustc 1.93.0 (254b59607 2026-01-19)	Apple M2	Darwin 25.5.0 Darwin Kernel Version 25.5.0: Tue Jun  9 22:27:52 PDT 2026; root:xnu-12377.121.10~1/RELEASE_ARM64_T8112	aarch64	64	ta-core=default(f64,std); ta-benchmarks=catalogue-matrix	b156ac1ec5c781af0a386c4deab4769a4c5479c1	true
fast-ta	Pattern Recognition	CDLDOJI: Doji	CDLDOJI	Owned Compact Output	candle_settings=TA-Lib defaults	65536	integer	1	316586.35714285716	313363	317895.78571428574	207008288.64342812	20	3	0	3	10	65526	fnv1a64:b84f1c58fca059ac	verified		measured		unavailable	separate Rust execution cost; not aggregated with the direct C kernel	157	7	IndicatorConfig::compute; API-owned Compact Output allocation included	catalogue_fixture_v1:f64le	fnv1a64:a4171d0a7611733a	0.6.4	43f9d5042ecc4bd367941846494ad907bf20ea50	3.12.13	0.6.4	0.6.4	2.2.3	rustc 1.93.0 (254b59607 2026-01-19)	Apple M2	Darwin 25.5.0 Darwin Kernel Version 25.5.0: Tue Jun  9 22:27:52 PDT 2026; root:xnu-12377.121.10~1/RELEASE_ARM64_T8112	aarch64	64	ta-core=default(f64,std); ta-benchmarks=catalogue-matrix	b156ac1ec5c781af0a386c4deab4769a4c5479c1	true
fast-ta	Pattern Recognition	CDLDOJI: Doji	CDLDOJI	caller-owned Batch Computation	candle_settings=TA-Lib defaults	65536	integer	1	305104.14285714284	302154.7857142857	307401.7142857143	214798787.67390433	20	3	0	3	10	65526	fnv1a64:b84f1c58fca059ac	verified		measured		comparable	primary caller-owned Rust/C kernel	165	7	IndicatorConfig::compute_into; caller output allocation excluded	catalogue_fixture_v1:f64le	fnv1a64:a4171d0a7611733a	0.6.4	43f9d5042ecc4bd367941846494ad907bf20ea50	3.12.13	0.6.4	0.6.4	2.2.3	rustc 1.93.0 (254b59607 2026-01-19)	Apple M2	Darwin 25.5.0 Darwin Kernel Version 25.5.0: Tue Jun  9 22:27:52 PDT 2026; root:xnu-12377.121.10~1/RELEASE_ARM64_T8112	aarch64	64	ta-core=default(f64,std); ta-benchmarks=catalogue-matrix	b156ac1ec5c781af0a386c4deab4769a4c5479c1	true
fast-ta	Pattern Recognition	CDLDOJI: Doji	CDLDOJI	Prepared Batch Runner	candle_settings=TA-Lib defaults	65536	integer	1	309006	305708.35714285716	321017.85714285716	212086496.7023294	20	0	0	0	10	65526	fnv1a64:b84f1c58fca059ac	verified		measured		unavailable	separate Rust execution cost; not aggregated with the direct C kernel	165	7	PreparedBatchRunner::compute_into; preparation and caller output allocation excluded	catalogue_fixture_v1:f64le	fnv1a64:a4171d0a7611733a	0.6.4	43f9d5042ecc4bd367941846494ad907bf20ea50	3.12.13	0.6.4	0.6.4	2.2.3	rustc 1.93.0 (254b59607 2026-01-19)	Apple M2	Darwin 25.5.0 Darwin Kernel Version 25.5.0: Tue Jun  9 22:27:52 PDT 2026; root:xnu-12377.121.10~1/RELEASE_ARM64_T8112	aarch64	64	ta-core=default(f64,std); ta-benchmarks=catalogue-matrix	b156ac1ec5c781af0a386c4deab4769a4c5479c1	true
fast-ta	Pattern Recognition	CDLDOJI: Doji	CDLDOJI	Streaming Computation	candle_settings=TA-Lib defaults	65536	integer	1	782180.6666666666	741659.6666666667	902534.8333333333	83786269.3273762	20	2	0	2	10	65526	fnv1a64:b84f1c58fca059ac	verified		measured		unavailable	separate Rust execution cost; not aggregated with the direct C kernel	64	3	StreamingComputation::reset plus one next call per observation; stream and output allocation excluded	catalogue_fixture_v1:f64le	fnv1a64:a4171d0a7611733a	0.6.4	43f9d5042ecc4bd367941846494ad907bf20ea50	3.12.13	0.6.4	0.6.4	2.2.3	rustc 1.93.0 (254b59607 2026-01-19)	Apple M2	Darwin 25.5.0 Darwin Kernel Version 25.5.0: Tue Jun  9 22:27:52 PDT 2026; root:xnu-12377.121.10~1/RELEASE_ARM64_T8112	aarch64	64	ta-core=default(f64,std); ta-benchmarks=catalogue-matrix	b156ac1ec5c781af0a386c4deab4769a4c5479c1	true
TA-Lib C	Pattern Recognition	CDLDOJI: Doji	CDLDOJI	direct C caller-owned	candle_settings=TA-Lib defaults	65536	integer	1	95567.04347826086	92452.91304347827	98096.02173913043	685759416.790034	20	1	0	1	10	65526	fnv1a64:b84f1c58fca059ac	verified		measured		comparable	primary caller-owned Rust/C kernel	516	23	direct TA_CDLDOJI call; caller output allocation excluded	catalogue_fixture_v1:f64le	fnv1a64:a4171d0a7611733a	0.6.4	43f9d5042ecc4bd367941846494ad907bf20ea50	3.12.13	0.6.4	0.6.4	2.2.3	rustc 1.93.0 (254b59607 2026-01-19)	Apple M2	Darwin 25.5.0 Darwin Kernel Version 25.5.0: Tue Jun  9 22:27:52 PDT 2026; root:xnu-12377.121.10~1/RELEASE_ARM64_T8112	aarch64	64	ta-core=default(f64,std); ta-benchmarks=catalogue-matrix	b156ac1ec5c781af0a386c4deab4769a4c5479c1	true
TA-Lib Python	Pattern Recognition	CDLDOJI: Doji	CDLDOJI	official Python NumPy API	candle_settings=TA-Lib defaults	65536	integer	1	93325.7503096355	91699.7947073965	95432.7948751265	702228482.3059566	20	2	0	2	10	65526	fnv1a64:b84f1c58fca059ac	verified		measured		unavailable	user-facing Python API cost; not aggregated with caller-owned kernels	527	22	direct talib.CDLDOJI NumPy API expression including API-owned output; fixture loading excluded	catalogue_fixture_v1:f64le	fnv1a64:a4171d0a7611733a	0.6.4	43f9d5042ecc4bd367941846494ad907bf20ea50	3.12.13	0.6.4	0.6.4	2.2.3	rustc 1.93.0 (254b59607 2026-01-19)	Apple M2	Darwin 25.5.0 Darwin Kernel Version 25.5.0: Tue Jun  9 22:27:52 PDT 2026; root:xnu-12377.121.10~1/RELEASE_ARM64_T8112	aarch64	64	ta-core=default(f64,std); ta-benchmarks=catalogue-matrix	b156ac1ec5c781af0a386c4deab4769a4c5479c1	true
fast-ta	Pattern Recognition	CDLENGULFING: Engulfing Pattern	CDLENGULFING	Owned Compact Output	candle_settings=TA-Lib defaults	65536	integer	1	222543.94444444444	221486.1111111111	226838	294485658.3880687	20	1	0	1	2	65534	fnv1a64:cea047aad4b8716c	verified		measured		unavailable	separate Rust execution cost; not aggregated with the direct C kernel	217	9	IndicatorConfig::compute; API-owned Compact Output allocation included	catalogue_fixture_v1:f64le	fnv1a64:a4171d0a7611733a	0.6.4	43f9d5042ecc4bd367941846494ad907bf20ea50	3.12.13	0.6.4	0.6.4	2.2.3	rustc 1.93.0 (254b59607 2026-01-19)	Apple M2	Darwin 25.5.0 Darwin Kernel Version 25.5.0: Tue Jun  9 22:27:52 PDT 2026; root:xnu-12377.121.10~1/RELEASE_ARM64_T8112	aarch64	64	ta-core=default(f64,std); ta-benchmarks=catalogue-matrix	b156ac1ec5c781af0a386c4deab4769a4c5479c1	true
fast-ta	Pattern Recognition	CDLENGULFING: Engulfing Pattern	CDLENGULFING	caller-owned Batch Computation	candle_settings=TA-Lib defaults	65536	integer	1	215504.2	211547.90000000002	218150.05	304105442.028508	20	1	0	1	2	65534	fnv1a64:cea047aad4b8716c	verified		measured		comparable	primary caller-owned Rust/C kernel	231	10	IndicatorConfig::compute_into; caller output allocation excluded	catalogue_fixture_v1:f64le	fnv1a64:a4171d0a7611733a	0.6.4	43f9d5042ecc4bd367941846494ad907bf20ea50	3.12.13	0.6.4	0.6.4	2.2.3	rustc 1.93.0 (254b59607 2026-01-19)	Apple M2	Darwin 25.5.0 Darwin Kernel Version 25.5.0: Tue Jun  9 22:27:52 PDT 2026; root:xnu-12377.121.10~1/RELEASE_ARM64_T8112	aarch64	64	ta-core=default(f64,std); ta-benchmarks=catalogue-matrix	b156ac1ec5c781af0a386c4deab4769a4c5479c1	true
fast-ta	Pattern Recognition	CDLENGULFING: Engulfing Pattern	CDLENGULFING	Prepared Batch Runner	candle_settings=TA-Lib defaults	65536	integer	1	216604.15	214556.25	219368.75	302561146.68163097	20	0	0	0	2	65534	fnv1a64:cea047aad4b8716c	verified		measured		unavailable	separate Rust execution cost; not aggregated with the direct C kernel	228	10	PreparedBatchRunner::compute_into; preparation and caller output allocation excluded	catalogue_fixture_v1:f64le	fnv1a64:a4171d0a7611733a	0.6.4	43f9d5042ecc4bd367941846494ad907bf20ea50	3.12.13	0.6.4	0.6.4	2.2.3	rustc 1.93.0 (254b59607 2026-01-19)	Apple M2	Darwin 25.5.0 Darwin Kernel Version 25.5.0: Tue Jun  9 22:27:52 PDT 2026; root:xnu-12377.121.10~1/RELEASE_ARM64_T8112	aarch64	64	ta-core=default(f64,std); ta-benchmarks=catalogue-matrix	b156ac1ec5c781af0a386c4deab4769a4c5479c1	true
fast-ta	Pattern Recognition	CDLENGULFING: Engulfing Pattern	CDLENGULFING	Streaming Computation	candle_settings=TA-Lib defaults	65536	integer	1	719020.8333333333	715194.5	731923.6666666667	91146176.80294383	20	1	0	1	2	65534	fnv1a64:cea047aad4b8716c	verified		measured		unavailable	separate Rust execution cost; not aggregated with the direct C kernel	70	3	StreamingComputation::reset plus one next call per observation; stream and output allocation excluded	catalogue_fixture_v1:f64le	fnv1a64:a4171d0a7611733a	0.6.4	43f9d5042ecc4bd367941846494ad907bf20ea50	3.12.13	0.6.4	0.6.4	2.2.3	rustc 1.93.0 (254b59607 2026-01-19)	Apple M2	Darwin 25.5.0 Darwin Kernel Version 25.5.0: Tue Jun  9 22:27:52 PDT 2026; root:xnu-12377.121.10~1/RELEASE_ARM64_T8112	aarch64	64	ta-core=default(f64,std); ta-benchmarks=catalogue-matrix	b156ac1ec5c781af0a386c4deab4769a4c5479c1	true
TA-Lib C	Pattern Recognition	CDLENGULFING: Engulfing Pattern	CDLENGULFING	direct C caller-owned	candle_settings=TA-Lib defaults	65536	integer	1	64126.893939393936	63030.303030303025	65219.06060606061	1021973714.5219883	20	0	0	0	2	65534	fnv1a64:cea047aad4b8716c	verified		measured		comparable	primary caller-owned Rust/C kernel	780	33	direct TA_CDLENGULFING call; caller output allocation excluded	catalogue_fixture_v1:f64le	fnv1a64:a4171d0a7611733a	0.6.4	43f9d5042ecc4bd367941846494ad907bf20ea50	3.12.13	0.6.4	0.6.4	2.2.3	rustc 1.93.0 (254b59607 2026-01-19)	Apple M2	Darwin 25.5.0 Darwin Kernel Version 25.5.0: Tue Jun  9 22:27:52 PDT 2026; root:xnu-12377.121.10~1/RELEASE_ARM64_T8112	aarch64	64	ta-core=default(f64,std); ta-benchmarks=catalogue-matrix	b156ac1ec5c781af0a386c4deab4769a4c5479c1	true
TA-Lib Python	Pattern Recognition	CDLENGULFING: Engulfing Pattern	CDLENGULFING	official Python NumPy API	candle_settings=TA-Lib defaults	65536	integer	1	64738.9379082595	63928.3753116615	65363.922658434996	1012311942.6653247	20	0	0	0	2	65534	fnv1a64:cea047aad4b8716c	verified		measured		unavailable	user-facing Python API cost; not aggregated with caller-owned kernels	772	32	direct talib.CDLENGULFING NumPy API expression including API-owned output; fixture loading excluded	catalogue_fixture_v1:f64le	fnv1a64:a4171d0a7611733a	0.6.4	43f9d5042ecc4bd367941846494ad907bf20ea50	3.12.13	0.6.4	0.6.4	2.2.3	rustc 1.93.0 (254b59607 2026-01-19)	Apple M2	Darwin 25.5.0 Darwin Kernel Version 25.5.0: Tue Jun  9 22:27:52 PDT 2026; root:xnu-12377.121.10~1/RELEASE_ARM64_T8112	aarch64	64	ta-core=default(f64,std); ta-benchmarks=catalogue-matrix	b156ac1ec5c781af0a386c4deab4769a4c5479c1	true
fast-ta	Pattern Recognition	CDL3BLACKCROWS: Three Black Crows	CDL3BLACKCROWS	Owned Compact Output	candle_settings=TA-Lib defaults	65536	integer	1	479029.1	474937.5	483308.3	136810060.1821476	20	1	0	1	13	65523	fnv1a64:c45b932a0586a1aa	verified		measured		unavailable	separate Rust execution cost; not aggregated with the direct C kernel	105	5	IndicatorConfig::compute; API-owned Compact Output allocation included	catalogue_fixture_v1:f64le	fnv1a64:a4171d0a7611733a	0.6.4	43f9d5042ecc4bd367941846494ad907bf20ea50	3.12.13	0.6.4	0.6.4	2.2.3	rustc 1.93.0 (254b59607 2026-01-19)	Apple M2	Darwin 25.5.0 Darwin Kernel Version 25.5.0: Tue Jun  9 22:27:52 PDT 2026; root:xnu-12377.121.10~1/RELEASE_ARM64_T8112	aarch64	64	ta-core=default(f64,std); ta-benchmarks=catalogue-matrix	b156ac1ec5c781af0a386c4deab4769a4c5479c1	true
fast-ta	Pattern Recognition	CDL3BLACKCROWS: Three Black Crows	CDL3BLACKCROWS	caller-owned Batch Computation	candle_settings=TA-Lib defaults	65536	integer	1	474466.6	461987.5	486087.6	138125634.1331508	20	1	0	1	13	65523	fnv1a64:c45b932a0586a1aa	verified		measured		comparable	primary caller-owned Rust/C kernel	108	5	IndicatorConfig::compute_into; caller output allocation excluded	catalogue_fixture_v1:f64le	fnv1a64:a4171d0a7611733a	0.6.4	43f9d5042ecc4bd367941846494ad907bf20ea50	3.12.13	0.6.4	0.6.4	2.2.3	rustc 1.93.0 (254b59607 2026-01-19)	Apple M2	Darwin 25.5.0 Darwin Kernel Version 25.5.0: Tue Jun  9 22:27:52 PDT 2026; root:xnu-12377.121.10~1/RELEASE_ARM64_T8112	aarch64	64	ta-core=default(f64,std); ta-benchmarks=catalogue-matrix	b156ac1ec5c781af0a386c4deab4769a4c5479c1	true
fast-ta	Pattern Recognition	CDL3BLACKCROWS: Three Black Crows	CDL3BLACKCROWS	Prepared Batch Runner	candle_settings=TA-Lib defaults	65536	integer	1	466191.7	459795.8	471662.5	140577363.34645167	20	0	0	0	13	65523	fnv1a64:c45b932a0586a1aa	verified		measured		unavailable	separate Rust execution cost; not aggregated with the direct C kernel	107	5	PreparedBatchRunner::compute_into; preparation and caller output allocation excluded	catalogue_fixture_v1:f64le	fnv1a64:a4171d0a7611733a	0.6.4	43f9d5042ecc4bd367941846494ad907bf20ea50	3.12.13	0.6.4	0.6.4	2.2.3	rustc 1.93.0 (254b59607 2026-01-19)	Apple M2	Darwin 25.5.0 Darwin Kernel Version 25.5.0: Tue Jun  9 22:27:52 PDT 2026; root:xnu-12377.121.10~1/RELEASE_ARM64_T8112	aarch64	64	ta-core=default(f64,std); ta-benchmarks=catalogue-matrix	b156ac1ec5c781af0a386c4deab4769a4c5479c1	true
fast-ta	Pattern Recognition	CDL3BLACKCROWS: Three Black Crows	CDL3BLACKCROWS	Streaming Computation	candle_settings=TA-Lib defaults	65536	integer	1	1251073	1234937.5	1268249.75	52383833.71713721	20	0	0	0	13	65523	fnv1a64:c45b932a0586a1aa	verified		measured		unavailable	separate Rust execution cost; not aggregated with the direct C kernel	41	2	StreamingComputation::reset plus one next call per observation; stream and output allocation excluded	catalogue_fixture_v1:f64le	fnv1a64:a4171d0a7611733a	0.6.4	43f9d5042ecc4bd367941846494ad907bf20ea50	3.12.13	0.6.4	0.6.4	2.2.3	rustc 1.93.0 (254b59607 2026-01-19)	Apple M2	Darwin 25.5.0 Darwin Kernel Version 25.5.0: Tue Jun  9 22:27:52 PDT 2026; root:xnu-12377.121.10~1/RELEASE_ARM64_T8112	aarch64	64	ta-core=default(f64,std); ta-benchmarks=catalogue-matrix	b156ac1ec5c781af0a386c4deab4769a4c5479c1	true
TA-Lib C	Pattern Recognition	CDL3BLACKCROWS: Three Black Crows	CDL3BLACKCROWS	direct C caller-owned	candle_settings=TA-Lib defaults	65536	integer	1	111737.70588235295	109810.05882352941	112746.32352941176	586516426.863121	20	0	0	0	13	65523	fnv1a64:c45b932a0586a1aa	verified		measured		comparable	primary caller-owned Rust/C kernel	448	17	direct TA_CDL3BLACKCROWS call; caller output allocation excluded	catalogue_fixture_v1:f64le	fnv1a64:a4171d0a7611733a	0.6.4	43f9d5042ecc4bd367941846494ad907bf20ea50	3.12.13	0.6.4	0.6.4	2.2.3	rustc 1.93.0 (254b59607 2026-01-19)	Apple M2	Darwin 25.5.0 Darwin Kernel Version 25.5.0: Tue Jun  9 22:27:52 PDT 2026; root:xnu-12377.121.10~1/RELEASE_ARM64_T8112	aarch64	64	ta-core=default(f64,std); ta-benchmarks=catalogue-matrix	b156ac1ec5c781af0a386c4deab4769a4c5479c1	true
TA-Lib Python	Pattern Recognition	CDL3BLACKCROWS: Three Black Crows	CDL3BLACKCROWS	official Python NumPy API	candle_settings=TA-Lib defaults	65536	integer	1	111399.132660345	110491.23713746699	112848.7117392455	588299014.8569531	20	0	0	0	13	65523	fnv1a64:c45b932a0586a1aa	verified		measured		unavailable	user-facing Python API cost; not aggregated with caller-owned kernels	446	19	direct talib.CDL3BLACKCROWS NumPy API expression including API-owned output; fixture loading excluded	catalogue_fixture_v1:f64le	fnv1a64:a4171d0a7611733a	0.6.4	43f9d5042ecc4bd367941846494ad907bf20ea50	3.12.13	0.6.4	0.6.4	2.2.3	rustc 1.93.0 (254b59607 2026-01-19)	Apple M2	Darwin 25.5.0 Darwin Kernel Version 25.5.0: Tue Jun  9 22:27:52 PDT 2026; root:xnu-12377.121.10~1/RELEASE_ARM64_T8112	aarch64	64	ta-core=default(f64,std); ta-benchmarks=catalogue-matrix	b156ac1ec5c781af0a386c4deab4769a4c5479c1	true
fast-ta	Statistic Functions	LINEARREG: Linear Regression endpoint	LINEARREG	Owned Compact Output	timeperiod=14	65536	float	1	407870.80000000005	402691.7	410633.30000000005	160678332.4523354	20	0	0	0	13	65523	fnv1a64:6e3590c0494b4248	verified		measured		unavailable	separate Rust execution cost; not aggregated with the direct C kernel	124	5	IndicatorConfig::compute; API-owned Compact Output allocation included	catalogue_fixture_v1:f64le	fnv1a64:a4171d0a7611733a	0.6.4	43f9d5042ecc4bd367941846494ad907bf20ea50	3.12.13	0.6.4	0.6.4	2.2.3	rustc 1.93.0 (254b59607 2026-01-19)	Apple M2	Darwin 25.5.0 Darwin Kernel Version 25.5.0: Tue Jun  9 22:27:52 PDT 2026; root:xnu-12377.121.10~1/RELEASE_ARM64_T8112	aarch64	64	ta-core=default(f64,std); ta-benchmarks=catalogue-matrix	b156ac1ec5c781af0a386c4deab4769a4c5479c1	true
fast-ta	Statistic Functions	LINEARREG: Linear Regression endpoint	LINEARREG	caller-owned Batch Computation	timeperiod=14	65536	float	1	408074.9	400666.6	411420.8	160597968.65722445	20	0	0	0	13	65523	fnv1a64:6e3590c0494b4248	verified		measured		comparable	primary caller-owned Rust/C kernel	124	5	IndicatorConfig::compute_into; caller output allocation excluded	catalogue_fixture_v1:f64le	fnv1a64:a4171d0a7611733a	0.6.4	43f9d5042ecc4bd367941846494ad907bf20ea50	3.12.13	0.6.4	0.6.4	2.2.3	rustc 1.93.0 (254b59607 2026-01-19)	Apple M2	Darwin 25.5.0 Darwin Kernel Version 25.5.0: Tue Jun  9 22:27:52 PDT 2026; root:xnu-12377.121.10~1/RELEASE_ARM64_T8112	aarch64	64	ta-core=default(f64,std); ta-benchmarks=catalogue-matrix	b156ac1ec5c781af0a386c4deab4769a4c5479c1	true
fast-ta	Statistic Functions	LINEARREG: Linear Regression endpoint	LINEARREG	Prepared Batch Runner	timeperiod=14	65536	float	1	402925	399945.89999999997	407679.2	162650617.36055097	20	0	0	0	13	65523	fnv1a64:6e3590c0494b4248	verified		measured		unavailable	separate Rust execution cost; not aggregated with the direct C kernel	124	5	PreparedBatchRunner::compute_into; preparation and caller output allocation excluded	catalogue_fixture_v1:f64le	fnv1a64:a4171d0a7611733a	0.6.4	43f9d5042ecc4bd367941846494ad907bf20ea50	3.12.13	0.6.4	0.6.4	2.2.3	rustc 1.93.0 (254b59607 2026-01-19)	Apple M2	Darwin 25.5.0 Darwin Kernel Version 25.5.0: Tue Jun  9 22:27:52 PDT 2026; root:xnu-12377.121.10~1/RELEASE_ARM64_T8112	aarch64	64	ta-core=default(f64,std); ta-benchmarks=catalogue-matrix	b156ac1ec5c781af0a386c4deab4769a4c5479c1	true
fast-ta	Statistic Functions	LINEARREG: Linear Regression endpoint	LINEARREG	Streaming Computation	timeperiod=14	65536	float	1	375677.0833333333	372194.4166666666	377003.5	174447691.667822	20	1	0	1	13	65523	fnv1a64:6e3590c0494b4248	verified		measured		unavailable	separate Rust execution cost; not aggregated with the direct C kernel	134	6	StreamingComputation::reset plus one next call per observation; stream and output allocation excluded	catalogue_fixture_v1:f64le	fnv1a64:a4171d0a7611733a	0.6.4	43f9d5042ecc4bd367941846494ad907bf20ea50	3.12.13	0.6.4	0.6.4	2.2.3	rustc 1.93.0 (254b59607 2026-01-19)	Apple M2	Darwin 25.5.0 Darwin Kernel Version 25.5.0: Tue Jun  9 22:27:52 PDT 2026; root:xnu-12377.121.10~1/RELEASE_ARM64_T8112	aarch64	64	ta-core=default(f64,std); ta-benchmarks=catalogue-matrix	b156ac1ec5c781af0a386c4deab4769a4c5479c1	true
TA-Lib C	Statistic Functions	LINEARREG: Linear Regression endpoint	LINEARREG	direct C caller-owned	timeperiod=14	65536	float	1	402347.3333333334	400885.4166666667	405166.6666666666	162884141.5625968	20	2	0	2	13	65523	fnv1a64:a5ae9e210bf80e82	verified		measured		comparable	primary caller-owned Rust/C kernel	123	6	direct TA_LINEARREG call; caller output allocation excluded	catalogue_fixture_v1:f64le	fnv1a64:a4171d0a7611733a	0.6.4	43f9d5042ecc4bd367941846494ad907bf20ea50	3.12.13	0.6.4	0.6.4	2.2.3	rustc 1.93.0 (254b59607 2026-01-19)	Apple M2	Darwin 25.5.0 Darwin Kernel Version 25.5.0: Tue Jun  9 22:27:52 PDT 2026; root:xnu-12377.121.10~1/RELEASE_ARM64_T8112	aarch64	64	ta-core=default(f64,std); ta-benchmarks=catalogue-matrix	b156ac1ec5c781af0a386c4deab4769a4c5479c1	true
TA-Lib Python	Statistic Functions	LINEARREG: Linear Regression endpoint	LINEARREG	official Python NumPy API	timeperiod=14	65536	float	1	410211.8303611255	404888.9192442095	413503.502689612	159761360.2277294	20	0	0	0	13	65523	fnv1a64:a5ae9e210bf80e82	verified		measured		unavailable	user-facing Python API cost; not aggregated with caller-owned kernels	123	6	direct talib.LINEARREG NumPy API expression including API-owned output; fixture loading excluded	catalogue_fixture_v1:f64le	fnv1a64:a4171d0a7611733a	0.6.4	43f9d5042ecc4bd367941846494ad907bf20ea50	3.12.13	0.6.4	0.6.4	2.2.3	rustc 1.93.0 (254b59607 2026-01-19)	Apple M2	Darwin 25.5.0 Darwin Kernel Version 25.5.0: Tue Jun  9 22:27:52 PDT 2026; root:xnu-12377.121.10~1/RELEASE_ARM64_T8112	aarch64	64	ta-core=default(f64,std); ta-benchmarks=catalogue-matrix	b156ac1ec5c781af0a386c4deab4769a4c5479c1	true
fast-ta	Price Transform	TYPPRICE: Typical Price	TYPPRICE	Owned Compact Output	none	65536	float	1	110173.26315789473	109559.21052631579	111344.28947368421	594844866.3636034	20	2	0	2	0	65536	fnv1a64:4353ac99036ca1fd	verified		measured		unavailable	separate Rust execution cost; not aggregated with the direct C kernel	447	19	IndicatorConfig::compute; API-owned Compact Output allocation included	catalogue_fixture_v1:f64le	fnv1a64:a4171d0a7611733a	0.6.4	43f9d5042ecc4bd367941846494ad907bf20ea50	3.12.13	0.6.4	0.6.4	2.2.3	rustc 1.93.0 (254b59607 2026-01-19)	Apple M2	Darwin 25.5.0 Darwin Kernel Version 25.5.0: Tue Jun  9 22:27:52 PDT 2026; root:xnu-12377.121.10~1/RELEASE_ARM64_T8112	aarch64	64	ta-core=default(f64,std); ta-benchmarks=catalogue-matrix	b156ac1ec5c781af0a386c4deab4769a4c5479c1	true
fast-ta	Price Transform	TYPPRICE: Typical Price	TYPPRICE	caller-owned Batch Computation	none	65536	float	1	102643.725	101815.625	103970.82499999998	638480335.7438557	20	0	0	0	0	65536	fnv1a64:4353ac99036ca1fd	verified		measured		comparable	primary caller-owned Rust/C kernel	486	20	IndicatorConfig::compute_into; caller output allocation excluded	catalogue_fixture_v1:f64le	fnv1a64:a4171d0a7611733a	0.6.4	43f9d5042ecc4bd367941846494ad907bf20ea50	3.12.13	0.6.4	0.6.4	2.2.3	rustc 1.93.0 (254b59607 2026-01-19)	Apple M2	Darwin 25.5.0 Darwin Kernel Version 25.5.0: Tue Jun  9 22:27:52 PDT 2026; root:xnu-12377.121.10~1/RELEASE_ARM64_T8112	aarch64	64	ta-core=default(f64,std); ta-benchmarks=catalogue-matrix	b156ac1ec5c781af0a386c4deab4769a4c5479c1	true
fast-ta	Price Transform	TYPPRICE: Typical Price	TYPPRICE	Prepared Batch Runner	none	65536	float	1	102615.6	100837.5	103177.07500000001	638655331.1582254	20	1	0	1	0	65536	fnv1a64:4353ac99036ca1fd	verified		measured		unavailable	separate Rust execution cost; not aggregated with the direct C kernel	493	20	PreparedBatchRunner::compute_into; preparation and caller output allocation excluded	catalogue_fixture_v1:f64le	fnv1a64:a4171d0a7611733a	0.6.4	43f9d5042ecc4bd367941846494ad907bf20ea50	3.12.13	0.6.4	0.6.4	2.2.3	rustc 1.93.0 (254b59607 2026-01-19)	Apple M2	Darwin 25.5.0 Darwin Kernel Version 25.5.0: Tue Jun  9 22:27:52 PDT 2026; root:xnu-12377.121.10~1/RELEASE_ARM64_T8112	aarch64	64	ta-core=default(f64,std); ta-benchmarks=catalogue-matrix	b156ac1ec5c781af0a386c4deab4769a4c5479c1	true
fast-ta	Price Transform	TYPPRICE: Typical Price	TYPPRICE	Streaming Computation	none	65536	float	1	240333.3333333333	237699.05555555556	242268.5	272687933.4257975	20	0	0	0	0	65536	fnv1a64:4353ac99036ca1fd	verified		measured		unavailable	separate Rust execution cost; not aggregated with the direct C kernel	210	9	StreamingComputation::reset plus one next call per observation; stream and output allocation excluded	catalogue_fixture_v1:f64le	fnv1a64:a4171d0a7611733a	0.6.4	43f9d5042ecc4bd367941846494ad907bf20ea50	3.12.13	0.6.4	0.6.4	2.2.3	rustc 1.93.0 (254b59607 2026-01-19)	Apple M2	Darwin 25.5.0 Darwin Kernel Version 25.5.0: Tue Jun  9 22:27:52 PDT 2026; root:xnu-12377.121.10~1/RELEASE_ARM64_T8112	aarch64	64	ta-core=default(f64,std); ta-benchmarks=catalogue-matrix	b156ac1ec5c781af0a386c4deab4769a4c5479c1	true
TA-Lib C	Price Transform	TYPPRICE: Typical Price	TYPPRICE	direct C caller-owned	none	65536	float	1	20018	18808.85922330097	20409.38349514563	3273853531.8213606	20	0	0	0	0	65536	fnv1a64:4353ac99036ca1fd	verified		measured		comparable	primary caller-owned Rust/C kernel	2490	103	direct TA_TYPPRICE call; caller output allocation excluded	catalogue_fixture_v1:f64le	fnv1a64:a4171d0a7611733a	0.6.4	43f9d5042ecc4bd367941846494ad907bf20ea50	3.12.13	0.6.4	0.6.4	2.2.3	rustc 1.93.0 (254b59607 2026-01-19)	Apple M2	Darwin 25.5.0 Darwin Kernel Version 25.5.0: Tue Jun  9 22:27:52 PDT 2026; root:xnu-12377.121.10~1/RELEASE_ARM64_T8112	aarch64	64	ta-core=default(f64,std); ta-benchmarks=catalogue-matrix	b156ac1ec5c781af0a386c4deab4769a4c5479c1	true
TA-Lib Python	Price Transform	TYPPRICE: Typical Price	TYPPRICE	official Python NumPy API	none	65536	float	1	20851.8316384825	20764.459266650498	21014.239624789	3142937327.3401995	20	2	0	2	0	65536	fnv1a64:4353ac99036ca1fd	verified		measured		unavailable	user-facing Python API cost; not aggregated with caller-owned kernels	2347	98	direct talib.TYPPRICE NumPy API expression including API-owned output; fixture loading excluded	catalogue_fixture_v1:f64le	fnv1a64:a4171d0a7611733a	0.6.4	43f9d5042ecc4bd367941846494ad907bf20ea50	3.12.13	0.6.4	0.6.4	2.2.3	rustc 1.93.0 (254b59607 2026-01-19)	Apple M2	Darwin 25.5.0 Darwin Kernel Version 25.5.0: Tue Jun  9 22:27:52 PDT 2026; root:xnu-12377.121.10~1/RELEASE_ARM64_T8112	aarch64	64	ta-core=default(f64,std); ta-benchmarks=catalogue-matrix	b156ac1ec5c781af0a386c4deab4769a4c5479c1	true
fast-ta	Volume Indicators	OBV: On Balance Volume	OBV	Owned Compact Output	none	65536	float	1	116204.86111111111	115357.63888888889	117211.80555555556	563969522.2159142	20	2	0	2	0	65536	fnv1a64:e593c37485616ce2	verified		measured		unavailable	separate Rust execution cost; not aggregated with the direct C kernel	430	18	IndicatorConfig::compute; API-owned Compact Output allocation included	catalogue_fixture_v1:f64le	fnv1a64:a4171d0a7611733a	0.6.4	43f9d5042ecc4bd367941846494ad907bf20ea50	3.12.13	0.6.4	0.6.4	2.2.3	rustc 1.93.0 (254b59607 2026-01-19)	Apple M2	Darwin 25.5.0 Darwin Kernel Version 25.5.0: Tue Jun  9 22:27:52 PDT 2026; root:xnu-12377.121.10~1/RELEASE_ARM64_T8112	aarch64	64	ta-core=default(f64,std); ta-benchmarks=catalogue-matrix	b156ac1ec5c781af0a386c4deab4769a4c5479c1	true
fast-ta	Volume Indicators	OBV: On Balance Volume	OBV	caller-owned Batch Computation	none	65536	float	1	113667.78947368421	112512.07894736843	115444.05263157895	576557354.5808469	20	0	0	0	0	65536	fnv1a64:e593c37485616ce2	verified		measured		comparable	primary caller-owned Rust/C kernel	444	19	IndicatorConfig::compute_into; caller output allocation excluded	catalogue_fixture_v1:f64le	fnv1a64:a4171d0a7611733a	0.6.4	43f9d5042ecc4bd367941846494ad907bf20ea50	3.12.13	0.6.4	0.6.4	2.2.3	rustc 1.93.0 (254b59607 2026-01-19)	Apple M2	Darwin 25.5.0 Darwin Kernel Version 25.5.0: Tue Jun  9 22:27:52 PDT 2026; root:xnu-12377.121.10~1/RELEASE_ARM64_T8112	aarch64	64	ta-core=default(f64,std); ta-benchmarks=catalogue-matrix	b156ac1ec5c781af0a386c4deab4769a4c5479c1	true
fast-ta	Volume Indicators	OBV: On Balance Volume	OBV	Prepared Batch Runner	none	65536	float	1	114872.5588235294	113634.79411764706	116601.70588235294	570510491.549843	20	1	0	1	0	65536	fnv1a64:e593c37485616ce2	verified		measured		unavailable	separate Rust execution cost; not aggregated with the direct C kernel	434	17	PreparedBatchRunner::compute_into; preparation and caller output allocation excluded	catalogue_fixture_v1:f64le	fnv1a64:a4171d0a7611733a	0.6.4	43f9d5042ecc4bd367941846494ad907bf20ea50	3.12.13	0.6.4	0.6.4	2.2.3	rustc 1.93.0 (254b59607 2026-01-19)	Apple M2	Darwin 25.5.0 Darwin Kernel Version 25.5.0: Tue Jun  9 22:27:52 PDT 2026; root:xnu-12377.121.10~1/RELEASE_ARM64_T8112	aarch64	64	ta-core=default(f64,std); ta-benchmarks=catalogue-matrix	b156ac1ec5c781af0a386c4deab4769a4c5479c1	true
fast-ta	Volume Indicators	OBV: On Balance Volume	OBV	Streaming Computation	none	65536	float	1	379541.75	376371.5	382809.0833333334	172671385.95424613	20	0	0	0	0	65536	fnv1a64:e593c37485616ce2	verified		measured		unavailable	separate Rust execution cost; not aggregated with the direct C kernel	132	6	StreamingComputation::reset plus one next call per observation; stream and output allocation excluded	catalogue_fixture_v1:f64le	fnv1a64:a4171d0a7611733a	0.6.4	43f9d5042ecc4bd367941846494ad907bf20ea50	3.12.13	0.6.4	0.6.4	2.2.3	rustc 1.93.0 (254b59607 2026-01-19)	Apple M2	Darwin 25.5.0 Darwin Kernel Version 25.5.0: Tue Jun  9 22:27:52 PDT 2026; root:xnu-12377.121.10~1/RELEASE_ARM64_T8112	aarch64	64	ta-core=default(f64,std); ta-benchmarks=catalogue-matrix	b156ac1ec5c781af0a386c4deab4769a4c5479c1	true
TA-Lib C	Volume Indicators	OBV: On Balance Volume	OBV	direct C caller-owned	none	65536	float	1	60052.07352941176	59277.57352941177	60675.867647058825	1091319519.015482	20	0	0	0	0	65536	fnv1a64:e593c37485616ce2	verified		measured		comparable	primary caller-owned Rust/C kernel	839	34	direct TA_OBV call; caller output allocation excluded	catalogue_fixture_v1:f64le	fnv1a64:a4171d0a7611733a	0.6.4	43f9d5042ecc4bd367941846494ad907bf20ea50	3.12.13	0.6.4	0.6.4	2.2.3	rustc 1.93.0 (254b59607 2026-01-19)	Apple M2	Darwin 25.5.0 Darwin Kernel Version 25.5.0: Tue Jun  9 22:27:52 PDT 2026; root:xnu-12377.121.10~1/RELEASE_ARM64_T8112	aarch64	64	ta-core=default(f64,std); ta-benchmarks=catalogue-matrix	b156ac1ec5c781af0a386c4deab4769a4c5479c1	true
TA-Lib Python	Volume Indicators	OBV: On Balance Volume	OBV	official Python NumPy API	none	65536	float	1	60069.8532413365	59133.5881515135	60513.470089063005	1090996505.9628615	20	0	0	0	0	65536	fnv1a64:e593c37485616ce2	verified		measured		unavailable	user-facing Python API cost; not aggregated with caller-owned kernels	823	34	direct talib.OBV NumPy API expression including API-owned output; fixture loading excluded	catalogue_fixture_v1:f64le	fnv1a64:a4171d0a7611733a	0.6.4	43f9d5042ecc4bd367941846494ad907bf20ea50	3.12.13	0.6.4	0.6.4	2.2.3	rustc 1.93.0 (254b59607 2026-01-19)	Apple M2	Darwin 25.5.0 Darwin Kernel Version 25.5.0: Tue Jun  9 22:27:52 PDT 2026; root:xnu-12377.121.10~1/RELEASE_ARM64_T8112	aarch64	64	ta-core=default(f64,std); ta-benchmarks=catalogue-matrix	b156ac1ec5c781af0a386c4deab4769a4c5479c1	true
fast-ta	Math Transform	SIN: Vector Trigonometric Sine	SIN	Owned Compact Output	none	65536	float	1	268568.4285714286	261485.14285714284	270755.9285714286	244019747.02908915	20	1	0	1	0	65536	fnv1a64:30b1808cf18aee44	verified		measured		unavailable	separate Rust execution cost; not aggregated with the direct C kernel	189	7	IndicatorConfig::compute; API-owned Compact Output allocation included	catalogue_fixture_v1:f64le	fnv1a64:a4171d0a7611733a	0.6.4	43f9d5042ecc4bd367941846494ad907bf20ea50	3.12.13	0.6.4	0.6.4	2.2.3	rustc 1.93.0 (254b59607 2026-01-19)	Apple M2	Darwin 25.5.0 Darwin Kernel Version 25.5.0: Tue Jun  9 22:27:52 PDT 2026; root:xnu-12377.121.10~1/RELEASE_ARM64_T8112	aarch64	64	ta-core=default(f64,std); ta-benchmarks=catalogue-matrix	b156ac1ec5c781af0a386c4deab4769a4c5479c1	true
fast-ta	Math Transform	SIN: Vector Trigonometric Sine	SIN	caller-owned Batch Computation	none	65536	float	1	260020.8125	258320.3125	261466.125	252041363.03512242	20	1	0	1	0	65536	fnv1a64:30b1808cf18aee44	verified		measured		comparable	primary caller-owned Rust/C kernel	192	8	IndicatorConfig::compute_into; caller output allocation excluded	catalogue_fixture_v1:f64le	fnv1a64:a4171d0a7611733a	0.6.4	43f9d5042ecc4bd367941846494ad907bf20ea50	3.12.13	0.6.4	0.6.4	2.2.3	rustc 1.93.0 (254b59607 2026-01-19)	Apple M2	Darwin 25.5.0 Darwin Kernel Version 25.5.0: Tue Jun  9 22:27:52 PDT 2026; root:xnu-12377.121.10~1/RELEASE_ARM64_T8112	aarch64	64	ta-core=default(f64,std); ta-benchmarks=catalogue-matrix	b156ac1ec5c781af0a386c4deab4769a4c5479c1	true
fast-ta	Math Transform	SIN: Vector Trigonometric Sine	SIN	Prepared Batch Runner	none	65536	float	1	269118.1111111111	265937.5	273256.94444444444	243521328.71853456	20	1	0	1	0	65536	fnv1a64:30b1808cf18aee44	verified		measured		unavailable	separate Rust execution cost; not aggregated with the direct C kernel	192	9	PreparedBatchRunner::compute_into; preparation and caller output allocation excluded	catalogue_fixture_v1:f64le	fnv1a64:a4171d0a7611733a	0.6.4	43f9d5042ecc4bd367941846494ad907bf20ea50	3.12.13	0.6.4	0.6.4	2.2.3	rustc 1.93.0 (254b59607 2026-01-19)	Apple M2	Darwin 25.5.0 Darwin Kernel Version 25.5.0: Tue Jun  9 22:27:52 PDT 2026; root:xnu-12377.121.10~1/RELEASE_ARM64_T8112	aarch64	64	ta-core=default(f64,std); ta-benchmarks=catalogue-matrix	b156ac1ec5c781af0a386c4deab4769a4c5479c1	true
fast-ta	Math Transform	SIN: Vector Trigonometric Sine	SIN	Streaming Computation	none	65536	float	1	250809.875	245421.8125	253947.93750000003	261297526.66237724	20	0	0	0	0	65536	fnv1a64:30b1808cf18aee44	verified		measured		unavailable	separate Rust execution cost; not aggregated with the direct C kernel	196	8	StreamingComputation::reset plus one next call per observation; stream and output allocation excluded	catalogue_fixture_v1:f64le	fnv1a64:a4171d0a7611733a	0.6.4	43f9d5042ecc4bd367941846494ad907bf20ea50	3.12.13	0.6.4	0.6.4	2.2.3	rustc 1.93.0 (254b59607 2026-01-19)	Apple M2	Darwin 25.5.0 Darwin Kernel Version 25.5.0: Tue Jun  9 22:27:52 PDT 2026; root:xnu-12377.121.10~1/RELEASE_ARM64_T8112	aarch64	64	ta-core=default(f64,std); ta-benchmarks=catalogue-matrix	b156ac1ec5c781af0a386c4deab4769a4c5479c1	true
TA-Lib C	Math Transform	SIN: Vector Trigonometric Sine	SIN	direct C caller-owned	none	65536	float	1	228368.05555555556	227055.61111111112	232400.5	286975338.3001368	20	1	0	1	0	65536	fnv1a64:30b1808cf18aee44	verified		measured		comparable	primary caller-owned Rust/C kernel	216	9	direct TA_SIN call; caller output allocation excluded	catalogue_fixture_v1:f64le	fnv1a64:a4171d0a7611733a	0.6.4	43f9d5042ecc4bd367941846494ad907bf20ea50	3.12.13	0.6.4	0.6.4	2.2.3	rustc 1.93.0 (254b59607 2026-01-19)	Apple M2	Darwin 25.5.0 Darwin Kernel Version 25.5.0: Tue Jun  9 22:27:52 PDT 2026; root:xnu-12377.121.10~1/RELEASE_ARM64_T8112	aarch64	64	ta-core=default(f64,std); ta-benchmarks=catalogue-matrix	b156ac1ec5c781af0a386c4deab4769a4c5479c1	true
TA-Lib Python	Math Transform	SIN: Vector Trigonometric Sine	SIN	official Python NumPy API	none	65536	float	1	228872.723204808	225902.8325271275	231370.3880645335	286342553.54822147	20	1	0	1	0	65536	fnv1a64:30b1808cf18aee44	verified		measured		unavailable	user-facing Python API cost; not aggregated with caller-owned kernels	217	9	direct talib.SIN NumPy API expression including API-owned output; fixture loading excluded	catalogue_fixture_v1:f64le	fnv1a64:a4171d0a7611733a	0.6.4	43f9d5042ecc4bd367941846494ad907bf20ea50	3.12.13	0.6.4	0.6.4	2.2.3	rustc 1.93.0 (254b59607 2026-01-19)	Apple M2	Darwin 25.5.0 Darwin Kernel Version 25.5.0: Tue Jun  9 22:27:52 PDT 2026; root:xnu-12377.121.10~1/RELEASE_ARM64_T8112	aarch64	64	ta-core=default(f64,std); ta-benchmarks=catalogue-matrix	b156ac1ec5c781af0a386c4deab4769a4c5479c1	true
fast-ta	Math Operators	ADD: Vector Arithmetic Add	ADD	Owned Compact Output	none	65536	float	1	76320.67857142858	75212.80357142857	77349.67857142858	858692574.8919384	20	0	0	0	0	65536	fnv1a64:9215e92ad1f1444b	verified		measured		unavailable	separate Rust execution cost; not aggregated with the direct C kernel	679	28	IndicatorConfig::compute; API-owned Compact Output allocation included	catalogue_fixture_v1:f64le	fnv1a64:a4171d0a7611733a	0.6.4	43f9d5042ecc4bd367941846494ad907bf20ea50	3.12.13	0.6.4	0.6.4	2.2.3	rustc 1.93.0 (254b59607 2026-01-19)	Apple M2	Darwin 25.5.0 Darwin Kernel Version 25.5.0: Tue Jun  9 22:27:52 PDT 2026; root:xnu-12377.121.10~1/RELEASE_ARM64_T8112	aarch64	64	ta-core=default(f64,std); ta-benchmarks=catalogue-matrix	b156ac1ec5c781af0a386c4deab4769a4c5479c1	true
fast-ta	Math Operators	ADD: Vector Arithmetic Add	ADD	caller-owned Batch Computation	none	65536	float	1	69086.20689655172	68155.89655172414	70058.89655172414	948611929.124033	20	0	0	0	0	65536	fnv1a64:9215e92ad1f1444b	verified		measured		comparable	primary caller-owned Rust/C kernel	724	29	IndicatorConfig::compute_into; caller output allocation excluded	catalogue_fixture_v1:f64le	fnv1a64:a4171d0a7611733a	0.6.4	43f9d5042ecc4bd367941846494ad907bf20ea50	3.12.13	0.6.4	0.6.4	2.2.3	rustc 1.93.0 (254b59607 2026-01-19)	Apple M2	Darwin 25.5.0 Darwin Kernel Version 25.5.0: Tue Jun  9 22:27:52 PDT 2026; root:xnu-12377.121.10~1/RELEASE_ARM64_T8112	aarch64	64	ta-core=default(f64,std); ta-benchmarks=catalogue-matrix	b156ac1ec5c781af0a386c4deab4769a4c5479c1	true
fast-ta	Math Operators	ADD: Vector Arithmetic Add	ADD	Prepared Batch Runner	none	65536	float	1	68534.03333333333	67153.48333333334	69359.03333333334	956254824.2454723	20	0	0	0	0	65536	fnv1a64:9215e92ad1f1444b	verified		measured		unavailable	separate Rust execution cost; not aggregated with the direct C kernel	704	30	PreparedBatchRunner::compute_into; preparation and caller output allocation excluded	catalogue_fixture_v1:f64le	fnv1a64:a4171d0a7611733a	0.6.4	43f9d5042ecc4bd367941846494ad907bf20ea50	3.12.13	0.6.4	0.6.4	2.2.3	rustc 1.93.0 (254b59607 2026-01-19)	Apple M2	Darwin 25.5.0 Darwin Kernel Version 25.5.0: Tue Jun  9 22:27:52 PDT 2026; root:xnu-12377.121.10~1/RELEASE_ARM64_T8112	aarch64	64	ta-core=default(f64,std); ta-benchmarks=catalogue-matrix	b156ac1ec5c781af0a386c4deab4769a4c5479c1	true
fast-ta	Math Operators	ADD: Vector Arithmetic Add	ADD	Streaming Computation	none	65536	float	1	96449.07407407407	95964.51851851851	97686.74074074074	679488119.809917	20	0	0	0	0	65536	fnv1a64:9215e92ad1f1444b	verified		measured		unavailable	separate Rust execution cost; not aggregated with the direct C kernel	494	27	StreamingComputation::reset plus one next call per observation; stream and output allocation excluded	catalogue_fixture_v1:f64le	fnv1a64:a4171d0a7611733a	0.6.4	43f9d5042ecc4bd367941846494ad907bf20ea50	3.12.13	0.6.4	0.6.4	2.2.3	rustc 1.93.0 (254b59607 2026-01-19)	Apple M2	Darwin 25.5.0 Darwin Kernel Version 25.5.0: Tue Jun  9 22:27:52 PDT 2026; root:xnu-12377.121.10~1/RELEASE_ARM64_T8112	aarch64	64	ta-core=default(f64,std); ta-benchmarks=catalogue-matrix	b156ac1ec5c781af0a386c4deab4769a4c5479c1	true
TA-Lib C	Math Operators	ADD: Vector Arithmetic Add	ADD	direct C caller-owned	none	65536	float	1	15553.365384615387	15480.292307692307	15713.303846153845	4213621835.491947	20	2	0	2	0	65536	fnv1a64:9215e92ad1f1444b	verified		measured		comparable	primary caller-owned Rust/C kernel	3260	130	direct TA_ADD call; caller output allocation excluded	catalogue_fixture_v1:f64le	fnv1a64:a4171d0a7611733a	0.6.4	43f9d5042ecc4bd367941846494ad907bf20ea50	3.12.13	0.6.4	0.6.4	2.2.3	rustc 1.93.0 (254b59607 2026-01-19)	Apple M2	Darwin 25.5.0 Darwin Kernel Version 25.5.0: Tue Jun  9 22:27:52 PDT 2026; root:xnu-12377.121.10~1/RELEASE_ARM64_T8112	aarch64	64	ta-core=default(f64,std); ta-benchmarks=catalogue-matrix	b156ac1ec5c781af0a386c4deab4769a4c5479c1	true
TA-Lib Python	Math Operators	ADD: Vector Arithmetic Add	ADD	official Python NumPy API	none	65536	float	1	16057.6925666715	15911.699917454	16292.1498905725	4081283766.512199	20	0	0	0	0	65536	fnv1a64:9215e92ad1f1444b	verified		measured		unavailable	user-facing Python API cost; not aggregated with caller-owned kernels	3027	130	direct talib.ADD NumPy API expression including API-owned output; fixture loading excluded	catalogue_fixture_v1:f64le	fnv1a64:a4171d0a7611733a	0.6.4	43f9d5042ecc4bd367941846494ad907bf20ea50	3.12.13	0.6.4	0.6.4	2.2.3	rustc 1.93.0 (254b59607 2026-01-19)	Apple M2	Darwin 25.5.0 Darwin Kernel Version 25.5.0: Tue Jun  9 22:27:52 PDT 2026; root:xnu-12377.121.10~1/RELEASE_ARM64_T8112	aarch64	64	ta-core=default(f64,std); ta-benchmarks=catalogue-matrix	b156ac1ec5c781af0a386c4deab4769a4c5479c1	true
