implementation	indicator_family	indicator_definition	case_id	mode	parameters	input_length	output_kind	output_arity	median_ns	ci95_lower_ns	ci95_upper_ns	throughput_observations_per_second	sample_count	outlier_count	outlier_low_count	outlier_high_count	output_begin	output_count	output_checksum	semantic_status	semantic_reason	timing_status	timing_reason	comparison_status	comparison_reason	warmup_iterations	iterations_per_sample	timed_boundary	fixture	input_checksum	ta_lib_version	ta_lib_revision	python_version	python_binding_version	python_ta_lib_version	numpy_version	rustc	cpu	os	arch	float_width	features	commit	dirty
fast-ta	Overlap Studies	SMA: Simple Moving Average	SMA	Owned Compact Output	timeperiod=14	256	float	1	856.1571611956721	766.2218962039244	857.5631762332661	299010522.37007684	31	6	0	6	13	243	fnv1a64:3e37ece299fccaa3	verified		measured		unavailable	separate Rust execution cost; not aggregated with the direct C kernel	118375	5453	IndicatorConfig::compute; API-owned Compact Output allocation included	catalogue_fixture_v1:f64le	fnv1a64:73fedfe0ae0a803f	0.6.4	43f9d5042ecc4bd367941846494ad907bf20ea50	3.12.13	0.6.4	0.6.4	2.2.3	rustc 1.93.0 (254b59607 2026-01-19)	Apple M2	Darwin 25.5.0 Darwin Kernel Version 25.5.0: Tue Jun  9 22:27:52 PDT 2026; root:xnu-12377.121.10~1/RELEASE_ARM64_T8112	aarch64	64	ta-core=default(f64,std); ta-benchmarks=catalogue-matrix	b156ac1ec5c781af0a386c4deab4769a4c5479c1	true
fast-ta	Overlap Studies	SMA: Simple Moving Average	SMA	caller-owned Batch Computation	timeperiod=14	256	float	1	856.9444444444445	733.7404214559386	931.7687739463602	298735818.4764992	31	6	0	6	13	243	fnv1a64:3e37ece299fccaa3	verified		measured		comparable	primary caller-owned Rust/C kernel	80607	5220	IndicatorConfig::compute_into; caller output allocation excluded	catalogue_fixture_v1:f64le	fnv1a64:73fedfe0ae0a803f	0.6.4	43f9d5042ecc4bd367941846494ad907bf20ea50	3.12.13	0.6.4	0.6.4	2.2.3	rustc 1.93.0 (254b59607 2026-01-19)	Apple M2	Darwin 25.5.0 Darwin Kernel Version 25.5.0: Tue Jun  9 22:27:52 PDT 2026; root:xnu-12377.121.10~1/RELEASE_ARM64_T8112	aarch64	64	ta-core=default(f64,std); ta-benchmarks=catalogue-matrix	b156ac1ec5c781af0a386c4deab4769a4c5479c1	true
fast-ta	Overlap Studies	SMA: Simple Moving Average	SMA	Prepared Batch Runner	timeperiod=14	256	float	1	962.375	733.5916	963.5	266008572.54188856	31	6	0	6	13	243	fnv1a64:3e37ece299fccaa3	verified		measured		unavailable	separate Rust execution cost; not aggregated with the direct C kernel	77251	5000	PreparedBatchRunner::compute_into; preparation and caller output allocation excluded	catalogue_fixture_v1:f64le	fnv1a64:73fedfe0ae0a803f	0.6.4	43f9d5042ecc4bd367941846494ad907bf20ea50	3.12.13	0.6.4	0.6.4	2.2.3	rustc 1.93.0 (254b59607 2026-01-19)	Apple M2	Darwin 25.5.0 Darwin Kernel Version 25.5.0: Tue Jun  9 22:27:52 PDT 2026; root:xnu-12377.121.10~1/RELEASE_ARM64_T8112	aarch64	64	ta-core=default(f64,std); ta-benchmarks=catalogue-matrix	b156ac1ec5c781af0a386c4deab4769a4c5479c1	true
fast-ta	Overlap Studies	SMA: Simple Moving Average	SMA	Streaming Computation	timeperiod=14	256	float	1	2544.4650186567164	2017.607276119403	3582.6725746268658	100610540.1815068	31	2	0	2	13	243	fnv1a64:3e37ece299fccaa3	verified		measured		unavailable	separate Rust execution cost; not aggregated with the direct C kernel	26125	2144	StreamingComputation::reset plus one next call per observation; stream and output allocation excluded	catalogue_fixture_v1:f64le	fnv1a64:73fedfe0ae0a803f	0.6.4	43f9d5042ecc4bd367941846494ad907bf20ea50	3.12.13	0.6.4	0.6.4	2.2.3	rustc 1.93.0 (254b59607 2026-01-19)	Apple M2	Darwin 25.5.0 Darwin Kernel Version 25.5.0: Tue Jun  9 22:27:52 PDT 2026; root:xnu-12377.121.10~1/RELEASE_ARM64_T8112	aarch64	64	ta-core=default(f64,std); ta-benchmarks=catalogue-matrix	b156ac1ec5c781af0a386c4deab4769a4c5479c1	true
TA-Lib C	Overlap Studies	SMA: Simple Moving Average	SMA	direct C caller-owned	timeperiod=14	256	float	1	1272.4054934163953	1058.886733682571	1316.0719241115673	201193724.26838768	31	6	0	6	13	243	fnv1a64:5ba01d7e61357601	verified		measured		comparable	primary caller-owned Rust/C kernel	60216	7063	direct TA_SMA call; caller output allocation excluded	catalogue_fixture_v1:f64le	fnv1a64:73fedfe0ae0a803f	0.6.4	43f9d5042ecc4bd367941846494ad907bf20ea50	3.12.13	0.6.4	0.6.4	2.2.3	rustc 1.93.0 (254b59607 2026-01-19)	Apple M2	Darwin 25.5.0 Darwin Kernel Version 25.5.0: Tue Jun  9 22:27:52 PDT 2026; root:xnu-12377.121.10~1/RELEASE_ARM64_T8112	aarch64	64	ta-core=default(f64,std); ta-benchmarks=catalogue-matrix	b156ac1ec5c781af0a386c4deab4769a4c5479c1	true
TA-Lib Python	Overlap Studies	SMA: Simple Moving Average	SMA	official Python NumPy API	timeperiod=14	256	float	1	1604.741842607	1257.469719987	1606.624231194	159527216.9036937	31	7	0	7	13	243	fnv1a64:5ba01d7e61357601	verified		measured		unavailable	user-facing Python API cost; not aggregated with caller-owned kernels	29085	2789	direct talib.SMA NumPy API expression including API-owned output; fixture loading excluded	catalogue_fixture_v1:f64le	fnv1a64:73fedfe0ae0a803f	0.6.4	43f9d5042ecc4bd367941846494ad907bf20ea50	3.12.13	0.6.4	0.6.4	2.2.3	rustc 1.93.0 (254b59607 2026-01-19)	Apple M2	Darwin 25.5.0 Darwin Kernel Version 25.5.0: Tue Jun  9 22:27:52 PDT 2026; root:xnu-12377.121.10~1/RELEASE_ARM64_T8112	aarch64	64	ta-core=default(f64,std); ta-benchmarks=catalogue-matrix	b156ac1ec5c781af0a386c4deab4769a4c5479c1	true
fast-ta	Overlap Studies	BBANDS: Bollinger Bands	BBANDS	Owned Compact Output	timeperiod=20;nbdevup=2;nbdevdn=2;matype=SMA	256	float	3	3161.8647568287806	3158.2558294470355	3172.3850766155897	80964879.80616774	31	5	2	3	19	237	fnv1a64:452fee1cda830f1b	verified		measured		unavailable	separate Rust execution cost; not aggregated with the direct C kernel	31769	1501	IndicatorConfig::compute; API-owned Compact Output allocation included	catalogue_fixture_v1:f64le	fnv1a64:73fedfe0ae0a803f	0.6.4	43f9d5042ecc4bd367941846494ad907bf20ea50	3.12.13	0.6.4	0.6.4	2.2.3	rustc 1.93.0 (254b59607 2026-01-19)	Apple M2	Darwin 25.5.0 Darwin Kernel Version 25.5.0: Tue Jun  9 22:27:52 PDT 2026; root:xnu-12377.121.10~1/RELEASE_ARM64_T8112	aarch64	64	ta-core=default(f64,std); ta-benchmarks=catalogue-matrix	b156ac1ec5c781af0a386c4deab4769a4c5479c1	true
fast-ta	Overlap Studies	BBANDS: Bollinger Bands	BBANDS	caller-owned Batch Computation	timeperiod=20;nbdevup=2;nbdevdn=2;matype=SMA	256	float	3	2261.358524516419	2253.7300944669364	2310.1853351327036	113206286.05530138	31	5	0	5	19	237	fnv1a64:452fee1cda830f1b	verified		measured		comparable	primary caller-owned Rust/C kernel	37289	2223	IndicatorConfig::compute_into; caller output allocation excluded	catalogue_fixture_v1:f64le	fnv1a64:73fedfe0ae0a803f	0.6.4	43f9d5042ecc4bd367941846494ad907bf20ea50	3.12.13	0.6.4	0.6.4	2.2.3	rustc 1.93.0 (254b59607 2026-01-19)	Apple M2	Darwin 25.5.0 Darwin Kernel Version 25.5.0: Tue Jun  9 22:27:52 PDT 2026; root:xnu-12377.121.10~1/RELEASE_ARM64_T8112	aarch64	64	ta-core=default(f64,std); ta-benchmarks=catalogue-matrix	b156ac1ec5c781af0a386c4deab4769a4c5479c1	true
fast-ta	Overlap Studies	BBANDS: Bollinger Bands	BBANDS	Prepared Batch Runner	timeperiod=20;nbdevup=2;nbdevdn=2;matype=SMA	256	float	3	2298.3747083527765	2281.614559029398	2346.788147456836	111383056.5005968	31	0	0	0	19	237	fnv1a64:452fee1cda830f1b	verified		measured		unavailable	separate Rust execution cost; not aggregated with the direct C kernel	41213	2143	PreparedBatchRunner::compute_into; preparation and caller output allocation excluded	catalogue_fixture_v1:f64le	fnv1a64:73fedfe0ae0a803f	0.6.4	43f9d5042ecc4bd367941846494ad907bf20ea50	3.12.13	0.6.4	0.6.4	2.2.3	rustc 1.93.0 (254b59607 2026-01-19)	Apple M2	Darwin 25.5.0 Darwin Kernel Version 25.5.0: Tue Jun  9 22:27:52 PDT 2026; root:xnu-12377.121.10~1/RELEASE_ARM64_T8112	aarch64	64	ta-core=default(f64,std); ta-benchmarks=catalogue-matrix	b156ac1ec5c781af0a386c4deab4769a4c5479c1	true
fast-ta	Overlap Studies	BBANDS: Bollinger Bands	BBANDS	Streaming Computation	timeperiod=20;nbdevup=2;nbdevdn=2;matype=SMA	256	float	3	4359.4193825042885	4350.98627787307	4402.229845626072	58723416.47775572	31	5	0	5	19	237	fnv1a64:452fee1cda830f1b	verified		measured		unavailable	separate Rust execution cost; not aggregated with the direct C kernel	19809	1166	StreamingComputation::reset plus one next call per observation; stream and output allocation excluded	catalogue_fixture_v1:f64le	fnv1a64:73fedfe0ae0a803f	0.6.4	43f9d5042ecc4bd367941846494ad907bf20ea50	3.12.13	0.6.4	0.6.4	2.2.3	rustc 1.93.0 (254b59607 2026-01-19)	Apple M2	Darwin 25.5.0 Darwin Kernel Version 25.5.0: Tue Jun  9 22:27:52 PDT 2026; root:xnu-12377.121.10~1/RELEASE_ARM64_T8112	aarch64	64	ta-core=default(f64,std); ta-benchmarks=catalogue-matrix	b156ac1ec5c781af0a386c4deab4769a4c5479c1	true
TA-Lib C	Overlap Studies	BBANDS: Bollinger Bands	BBANDS	direct C caller-owned	timeperiod=20;nbdevup=2;nbdevdn=2;matype=SMA	256	float	3	2296.454415954416	2293.3485280151945	2301.2027540360873	111476194.87739988	31	0	0	0	19	237	fnv1a64:1fe927e3fb52b1e4	verified		measured		comparable	primary caller-owned Rust/C kernel	45235	2106	direct TA_BBANDS call; caller output allocation excluded	catalogue_fixture_v1:f64le	fnv1a64:73fedfe0ae0a803f	0.6.4	43f9d5042ecc4bd367941846494ad907bf20ea50	3.12.13	0.6.4	0.6.4	2.2.3	rustc 1.93.0 (254b59607 2026-01-19)	Apple M2	Darwin 25.5.0 Darwin Kernel Version 25.5.0: Tue Jun  9 22:27:52 PDT 2026; root:xnu-12377.121.10~1/RELEASE_ARM64_T8112	aarch64	64	ta-core=default(f64,std); ta-benchmarks=catalogue-matrix	b156ac1ec5c781af0a386c4deab4769a4c5479c1	true
TA-Lib Python	Overlap Studies	BBANDS: Bollinger Bands	BBANDS	official Python NumPy API	timeperiod=20;nbdevup=2;nbdevdn=2;matype=SMA	256	float	3	2743.285596963	2720.205373817	3165.514549733	93318756.269274	31	0	0	0	19	237	fnv1a64:1fe927e3fb52b1e4	verified		measured		unavailable	user-facing Python API cost; not aggregated with caller-owned kernels	25948	1446	direct talib.BBANDS NumPy API expression including API-owned output; fixture loading excluded	catalogue_fixture_v1:f64le	fnv1a64:73fedfe0ae0a803f	0.6.4	43f9d5042ecc4bd367941846494ad907bf20ea50	3.12.13	0.6.4	0.6.4	2.2.3	rustc 1.93.0 (254b59607 2026-01-19)	Apple M2	Darwin 25.5.0 Darwin Kernel Version 25.5.0: Tue Jun  9 22:27:52 PDT 2026; root:xnu-12377.121.10~1/RELEASE_ARM64_T8112	aarch64	64	ta-core=default(f64,std); ta-benchmarks=catalogue-matrix	b156ac1ec5c781af0a386c4deab4769a4c5479c1	true
fast-ta	Momentum Indicators	RSI: Relative Strength Index	RSI	Owned Compact Output	timeperiod=14	256	float	1	2741.4233236151604	2739.795918367347	2742.6868804664723	93382148.53385305	31	4	0	4	14	242	fnv1a64:704911d19149ae89	verified		measured		unavailable	separate Rust execution cost; not aggregated with the direct C kernel	34225	1715	IndicatorConfig::compute; API-owned Compact Output allocation included	catalogue_fixture_v1:f64le	fnv1a64:73fedfe0ae0a803f	0.6.4	43f9d5042ecc4bd367941846494ad907bf20ea50	3.12.13	0.6.4	0.6.4	2.2.3	rustc 1.93.0 (254b59607 2026-01-19)	Apple M2	Darwin 25.5.0 Darwin Kernel Version 25.5.0: Tue Jun  9 22:27:52 PDT 2026; root:xnu-12377.121.10~1/RELEASE_ARM64_T8112	aarch64	64	ta-core=default(f64,std); ta-benchmarks=catalogue-matrix	b156ac1ec5c781af0a386c4deab4769a4c5479c1	true
fast-ta	Momentum Indicators	RSI: Relative Strength Index	RSI	caller-owned Batch Computation	timeperiod=14	256	float	1	2675.9664650907093	2675.3941726223197	2677.5926333150082	95666370.76347747	31	9	5	4	14	242	fnv1a64:704911d19149ae89	verified		measured		comparable	primary caller-owned Rust/C kernel	36906	1819	IndicatorConfig::compute_into; caller output allocation excluded	catalogue_fixture_v1:f64le	fnv1a64:73fedfe0ae0a803f	0.6.4	43f9d5042ecc4bd367941846494ad907bf20ea50	3.12.13	0.6.4	0.6.4	2.2.3	rustc 1.93.0 (254b59607 2026-01-19)	Apple M2	Darwin 25.5.0 Darwin Kernel Version 25.5.0: Tue Jun  9 22:27:52 PDT 2026; root:xnu-12377.121.10~1/RELEASE_ARM64_T8112	aarch64	64	ta-core=default(f64,std); ta-benchmarks=catalogue-matrix	b156ac1ec5c781af0a386c4deab4769a4c5479c1	true
fast-ta	Momentum Indicators	RSI: Relative Strength Index	RSI	Prepared Batch Runner	timeperiod=14	256	float	1	3820.4743856726363	3590.6568096626406	4145.443148688047	67007385.51213409	31	2	0	2	14	242	fnv1a64:704911d19149ae89	verified		measured		unavailable	separate Rust execution cost; not aggregated with the direct C kernel	25000	2401	PreparedBatchRunner::compute_into; preparation and caller output allocation excluded	catalogue_fixture_v1:f64le	fnv1a64:73fedfe0ae0a803f	0.6.4	43f9d5042ecc4bd367941846494ad907bf20ea50	3.12.13	0.6.4	0.6.4	2.2.3	rustc 1.93.0 (254b59607 2026-01-19)	Apple M2	Darwin 25.5.0 Darwin Kernel Version 25.5.0: Tue Jun  9 22:27:52 PDT 2026; root:xnu-12377.121.10~1/RELEASE_ARM64_T8112	aarch64	64	ta-core=default(f64,std); ta-benchmarks=catalogue-matrix	b156ac1ec5c781af0a386c4deab4769a4c5479c1	true
fast-ta	Momentum Indicators	RSI: Relative Strength Index	RSI	Streaming Computation	timeperiod=14	256	float	1	6251.4346978557505	5127.355425601039	6253.600389863548	40950599.72198195	31	1	0	1	14	242	fnv1a64:704911d19149ae89	verified		measured		unavailable	separate Rust execution cost; not aggregated with the direct C kernel	12323	1539	StreamingComputation::reset plus one next call per observation; stream and output allocation excluded	catalogue_fixture_v1:f64le	fnv1a64:73fedfe0ae0a803f	0.6.4	43f9d5042ecc4bd367941846494ad907bf20ea50	3.12.13	0.6.4	0.6.4	2.2.3	rustc 1.93.0 (254b59607 2026-01-19)	Apple M2	Darwin 25.5.0 Darwin Kernel Version 25.5.0: Tue Jun  9 22:27:52 PDT 2026; root:xnu-12377.121.10~1/RELEASE_ARM64_T8112	aarch64	64	ta-core=default(f64,std); ta-benchmarks=catalogue-matrix	b156ac1ec5c781af0a386c4deab4769a4c5479c1	true
TA-Lib C	Momentum Indicators	RSI: Relative Strength Index	RSI	direct C caller-owned	timeperiod=14	256	float	1	2787.0833333333335	2786.1386666666667	2789.3333333333335	91852294.81237853	31	0	0	0	14	242	fnv1a64:704911d19149ae89	verified		measured		comparable	primary caller-owned Rust/C kernel	32142	1500	direct TA_RSI call; caller output allocation excluded	catalogue_fixture_v1:f64le	fnv1a64:73fedfe0ae0a803f	0.6.4	43f9d5042ecc4bd367941846494ad907bf20ea50	3.12.13	0.6.4	0.6.4	2.2.3	rustc 1.93.0 (254b59607 2026-01-19)	Apple M2	Darwin 25.5.0 Darwin Kernel Version 25.5.0: Tue Jun  9 22:27:52 PDT 2026; root:xnu-12377.121.10~1/RELEASE_ARM64_T8112	aarch64	64	ta-core=default(f64,std); ta-benchmarks=catalogue-matrix	b156ac1ec5c781af0a386c4deab4769a4c5479c1	true
TA-Lib Python	Momentum Indicators	RSI: Relative Strength Index	RSI	official Python NumPy API	timeperiod=14	256	float	1	2992.700716286	2985.959249456	2994.981755552	85541463.80454007	31	2	0	2	14	242	fnv1a64:704911d19149ae89	verified		measured		unavailable	user-facing Python API cost; not aggregated with caller-owned kernels	27826	1644	direct talib.RSI NumPy API expression including API-owned output; fixture loading excluded	catalogue_fixture_v1:f64le	fnv1a64:73fedfe0ae0a803f	0.6.4	43f9d5042ecc4bd367941846494ad907bf20ea50	3.12.13	0.6.4	0.6.4	2.2.3	rustc 1.93.0 (254b59607 2026-01-19)	Apple M2	Darwin 25.5.0 Darwin Kernel Version 25.5.0: Tue Jun  9 22:27:52 PDT 2026; root:xnu-12377.121.10~1/RELEASE_ARM64_T8112	aarch64	64	ta-core=default(f64,std); ta-benchmarks=catalogue-matrix	b156ac1ec5c781af0a386c4deab4769a4c5479c1	true
fast-ta	Momentum Indicators	MACD: Moving Average Convergence/Divergence	MACD	Owned Compact Output	fastperiod=12;slowperiod=26;signalperiod=9	256	float	3	5295.814935064935	5273.99025974026	5321.699134199134	48340057.78883228	31	0	0	0	33	223	fnv1a64:fb88d74066d8bf54	verified		measured		unavailable	separate Rust execution cost; not aggregated with the direct C kernel	21932	924	IndicatorConfig::compute; API-owned Compact Output allocation included	catalogue_fixture_v1:f64le	fnv1a64:73fedfe0ae0a803f	0.6.4	43f9d5042ecc4bd367941846494ad907bf20ea50	3.12.13	0.6.4	0.6.4	2.2.3	rustc 1.93.0 (254b59607 2026-01-19)	Apple M2	Darwin 25.5.0 Darwin Kernel Version 25.5.0: Tue Jun  9 22:27:52 PDT 2026; root:xnu-12377.121.10~1/RELEASE_ARM64_T8112	aarch64	64	ta-core=default(f64,std); ta-benchmarks=catalogue-matrix	b156ac1ec5c781af0a386c4deab4769a4c5479c1	true
fast-ta	Momentum Indicators	MACD: Moving Average Convergence/Divergence	MACD	caller-owned Batch Computation	fastperiod=12;slowperiod=26;signalperiod=9	256	float	3	5104.923387096775	5061.323588709677	5145.370967741936	50147667.37676547	31	1	0	1	33	223	fnv1a64:fb88d74066d8bf54	verified		measured		comparable	primary caller-owned Rust/C kernel	20659	992	IndicatorConfig::compute_into; caller output allocation excluded	catalogue_fixture_v1:f64le	fnv1a64:73fedfe0ae0a803f	0.6.4	43f9d5042ecc4bd367941846494ad907bf20ea50	3.12.13	0.6.4	0.6.4	2.2.3	rustc 1.93.0 (254b59607 2026-01-19)	Apple M2	Darwin 25.5.0 Darwin Kernel Version 25.5.0: Tue Jun  9 22:27:52 PDT 2026; root:xnu-12377.121.10~1/RELEASE_ARM64_T8112	aarch64	64	ta-core=default(f64,std); ta-benchmarks=catalogue-matrix	b156ac1ec5c781af0a386c4deab4769a4c5479c1	true
fast-ta	Momentum Indicators	MACD: Moving Average Convergence/Divergence	MACD	Prepared Batch Runner	fastperiod=12;slowperiod=26;signalperiod=9	256	float	3	5555.87729468599	5020.0888888888885	6187.80193236715	46077331.52149624	31	6	0	6	33	223	fnv1a64:fb88d74066d8bf54	verified		measured		unavailable	separate Rust execution cost; not aggregated with the direct C kernel	20501	1035	PreparedBatchRunner::compute_into; preparation and caller output allocation excluded	catalogue_fixture_v1:f64le	fnv1a64:73fedfe0ae0a803f	0.6.4	43f9d5042ecc4bd367941846494ad907bf20ea50	3.12.13	0.6.4	0.6.4	2.2.3	rustc 1.93.0 (254b59607 2026-01-19)	Apple M2	Darwin 25.5.0 Darwin Kernel Version 25.5.0: Tue Jun  9 22:27:52 PDT 2026; root:xnu-12377.121.10~1/RELEASE_ARM64_T8112	aarch64	64	ta-core=default(f64,std); ta-benchmarks=catalogue-matrix	b156ac1ec5c781af0a386c4deab4769a4c5479c1	true
fast-ta	Momentum Indicators	MACD: Moving Average Convergence/Divergence	MACD	Streaming Computation	fastperiod=12;slowperiod=26;signalperiod=9	256	float	3	7104.26690821256	6866.898550724638	9458.584541062803	36034682.157572515	31	3	0	3	33	223	fnv1a64:fb88d74066d8bf54	verified		measured		unavailable	separate Rust execution cost; not aggregated with the direct C kernel	9153	828	StreamingComputation::reset plus one next call per observation; stream and output allocation excluded	catalogue_fixture_v1:f64le	fnv1a64:73fedfe0ae0a803f	0.6.4	43f9d5042ecc4bd367941846494ad907bf20ea50	3.12.13	0.6.4	0.6.4	2.2.3	rustc 1.93.0 (254b59607 2026-01-19)	Apple M2	Darwin 25.5.0 Darwin Kernel Version 25.5.0: Tue Jun  9 22:27:52 PDT 2026; root:xnu-12377.121.10~1/RELEASE_ARM64_T8112	aarch64	64	ta-core=default(f64,std); ta-benchmarks=catalogue-matrix	b156ac1ec5c781af0a386c4deab4769a4c5479c1	true
TA-Lib C	Momentum Indicators	MACD: Moving Average Convergence/Divergence	MACD	direct C caller-owned	fastperiod=12;slowperiod=26;signalperiod=9	256	float	3	4362.7104316546765	3052.8327338129498	4365.257194244605	58679117.949825756	31	0	0	0	33	223	fnv1a64:ae8cc7092892ecc8	verified		measured		comparable	primary caller-owned Rust/C kernel	25597	1112	direct TA_MACD call; caller output allocation excluded	catalogue_fixture_v1:f64le	fnv1a64:73fedfe0ae0a803f	0.6.4	43f9d5042ecc4bd367941846494ad907bf20ea50	3.12.13	0.6.4	0.6.4	2.2.3	rustc 1.93.0 (254b59607 2026-01-19)	Apple M2	Darwin 25.5.0 Darwin Kernel Version 25.5.0: Tue Jun  9 22:27:52 PDT 2026; root:xnu-12377.121.10~1/RELEASE_ARM64_T8112	aarch64	64	ta-core=default(f64,std); ta-benchmarks=catalogue-matrix	b156ac1ec5c781af0a386c4deab4769a4c5479c1	true
TA-Lib Python	Momentum Indicators	MACD: Moving Average Convergence/Divergence	MACD	official Python NumPy API	fastperiod=12;slowperiod=26;signalperiod=9	256	float	3	5398.386946897	3794.150681552	5413.057372661	47421572.87319857	31	6	0	6	33	223	fnv1a64:ae8cc7092892ecc8	verified		measured		unavailable	user-facing Python API cost; not aggregated with caller-owned kernels	15605	889	direct talib.MACD NumPy API expression including API-owned output; fixture loading excluded	catalogue_fixture_v1:f64le	fnv1a64:73fedfe0ae0a803f	0.6.4	43f9d5042ecc4bd367941846494ad907bf20ea50	3.12.13	0.6.4	0.6.4	2.2.3	rustc 1.93.0 (254b59607 2026-01-19)	Apple M2	Darwin 25.5.0 Darwin Kernel Version 25.5.0: Tue Jun  9 22:27:52 PDT 2026; root:xnu-12377.121.10~1/RELEASE_ARM64_T8112	aarch64	64	ta-core=default(f64,std); ta-benchmarks=catalogue-matrix	b156ac1ec5c781af0a386c4deab4769a4c5479c1	true
fast-ta	Volatility Indicators	ATR: Average True Range	ATR	Owned Compact Output	timeperiod=14	256	float	1	4476.570289855073	3119.534782608696	4478.653623188406	57186636.96181746	31	4	0	4	14	242	fnv1a64:e201ee4cd8bdbc90	verified		measured		unavailable	separate Rust execution cost; not aggregated with the direct C kernel	22670	1380	IndicatorConfig::compute; API-owned Compact Output allocation included	catalogue_fixture_v1:f64le	fnv1a64:73fedfe0ae0a803f	0.6.4	43f9d5042ecc4bd367941846494ad907bf20ea50	3.12.13	0.6.4	0.6.4	2.2.3	rustc 1.93.0 (254b59607 2026-01-19)	Apple M2	Darwin 25.5.0 Darwin Kernel Version 25.5.0: Tue Jun  9 22:27:52 PDT 2026; root:xnu-12377.121.10~1/RELEASE_ARM64_T8112	aarch64	64	ta-core=default(f64,std); ta-benchmarks=catalogue-matrix	b156ac1ec5c781af0a386c4deab4769a4c5479c1	true
fast-ta	Volatility Indicators	ATR: Average True Range	ATR	caller-owned Batch Computation	timeperiod=14	256	float	1	4376.260311640696	4374.46471127406	4376.794683776352	58497434.28631271	31	1	0	1	14	242	fnv1a64:e201ee4cd8bdbc90	verified		measured		comparable	primary caller-owned Rust/C kernel	13437	1091	IndicatorConfig::compute_into; caller output allocation excluded	catalogue_fixture_v1:f64le	fnv1a64:73fedfe0ae0a803f	0.6.4	43f9d5042ecc4bd367941846494ad907bf20ea50	3.12.13	0.6.4	0.6.4	2.2.3	rustc 1.93.0 (254b59607 2026-01-19)	Apple M2	Darwin 25.5.0 Darwin Kernel Version 25.5.0: Tue Jun  9 22:27:52 PDT 2026; root:xnu-12377.121.10~1/RELEASE_ARM64_T8112	aarch64	64	ta-core=default(f64,std); ta-benchmarks=catalogue-matrix	b156ac1ec5c781af0a386c4deab4769a4c5479c1	true
fast-ta	Volatility Indicators	ATR: Average True Range	ATR	Prepared Batch Runner	timeperiod=14	256	float	1	3607.726618705036	3466.988309352518	4405.35071942446	70958813.41804361	31	0	0	0	14	242	fnv1a64:e201ee4cd8bdbc90	verified		measured		unavailable	separate Rust execution cost; not aggregated with the direct C kernel	26077	1112	PreparedBatchRunner::compute_into; preparation and caller output allocation excluded	catalogue_fixture_v1:f64le	fnv1a64:73fedfe0ae0a803f	0.6.4	43f9d5042ecc4bd367941846494ad907bf20ea50	3.12.13	0.6.4	0.6.4	2.2.3	rustc 1.93.0 (254b59607 2026-01-19)	Apple M2	Darwin 25.5.0 Darwin Kernel Version 25.5.0: Tue Jun  9 22:27:52 PDT 2026; root:xnu-12377.121.10~1/RELEASE_ARM64_T8112	aarch64	64	ta-core=default(f64,std); ta-benchmarks=catalogue-matrix	b156ac1ec5c781af0a386c4deab4769a4c5479c1	true
fast-ta	Volatility Indicators	ATR: Average True Range	ATR	Streaming Computation	timeperiod=14	256	float	1	4159.809375	4158.680208333333	4165.147916666667	61541281.56413417	31	4	4	0	14	242	fnv1a64:e201ee4cd8bdbc90	verified		measured		unavailable	separate Rust execution cost; not aggregated with the direct C kernel	23435	960	StreamingComputation::reset plus one next call per observation; stream and output allocation excluded	catalogue_fixture_v1:f64le	fnv1a64:73fedfe0ae0a803f	0.6.4	43f9d5042ecc4bd367941846494ad907bf20ea50	3.12.13	0.6.4	0.6.4	2.2.3	rustc 1.93.0 (254b59607 2026-01-19)	Apple M2	Darwin 25.5.0 Darwin Kernel Version 25.5.0: Tue Jun  9 22:27:52 PDT 2026; root:xnu-12377.121.10~1/RELEASE_ARM64_T8112	aarch64	64	ta-core=default(f64,std); ta-benchmarks=catalogue-matrix	b156ac1ec5c781af0a386c4deab4769a4c5479c1	true
TA-Lib C	Volatility Indicators	ATR: Average True Range	ATR	direct C caller-owned	timeperiod=14	256	float	1	3215.3125	2296.953125	3808.671875	79619010.59383808	31	6	0	6	14	242	fnv1a64:e201ee4cd8bdbc90	verified		measured		comparable	primary caller-owned Rust/C kernel	35445	1600	direct TA_ATR call; caller output allocation excluded	catalogue_fixture_v1:f64le	fnv1a64:73fedfe0ae0a803f	0.6.4	43f9d5042ecc4bd367941846494ad907bf20ea50	3.12.13	0.6.4	0.6.4	2.2.3	rustc 1.93.0 (254b59607 2026-01-19)	Apple M2	Darwin 25.5.0 Darwin Kernel Version 25.5.0: Tue Jun  9 22:27:52 PDT 2026; root:xnu-12377.121.10~1/RELEASE_ARM64_T8112	aarch64	64	ta-core=default(f64,std); ta-benchmarks=catalogue-matrix	b156ac1ec5c781af0a386c4deab4769a4c5479c1	true
TA-Lib Python	Volatility Indicators	ATR: Average True Range	ATR	official Python NumPy API	timeperiod=14	256	float	1	4158.533795562	2922.678969811	4163.544877475	61560158.600419216	31	6	0	6	14	242	fnv1a64:e201ee4cd8bdbc90	verified		measured		unavailable	user-facing Python API cost; not aggregated with caller-owned kernels	17974	1081	direct talib.ATR NumPy API expression including API-owned output; fixture loading excluded	catalogue_fixture_v1:f64le	fnv1a64:73fedfe0ae0a803f	0.6.4	43f9d5042ecc4bd367941846494ad907bf20ea50	3.12.13	0.6.4	0.6.4	2.2.3	rustc 1.93.0 (254b59607 2026-01-19)	Apple M2	Darwin 25.5.0 Darwin Kernel Version 25.5.0: Tue Jun  9 22:27:52 PDT 2026; root:xnu-12377.121.10~1/RELEASE_ARM64_T8112	aarch64	64	ta-core=default(f64,std); ta-benchmarks=catalogue-matrix	b156ac1ec5c781af0a386c4deab4769a4c5479c1	true
fast-ta	Momentum Indicators	ADX: Average Directional Movement Index	ADX	Owned Compact Output	timeperiod=14	256	float	1	6510.227272727273	6449.45974025974	8023.972727272727	39322743.934369	31	5	0	5	27	229	fnv1a64:5f19198bbbe9b60c	verified		measured		unavailable	separate Rust execution cost; not aggregated with the direct C kernel	15482	770	IndicatorConfig::compute; API-owned Compact Output allocation included	catalogue_fixture_v1:f64le	fnv1a64:73fedfe0ae0a803f	0.6.4	43f9d5042ecc4bd367941846494ad907bf20ea50	3.12.13	0.6.4	0.6.4	2.2.3	rustc 1.93.0 (254b59607 2026-01-19)	Apple M2	Darwin 25.5.0 Darwin Kernel Version 25.5.0: Tue Jun  9 22:27:52 PDT 2026; root:xnu-12377.121.10~1/RELEASE_ARM64_T8112	aarch64	64	ta-core=default(f64,std); ta-benchmarks=catalogue-matrix	b156ac1ec5c781af0a386c4deab4769a4c5479c1	true
fast-ta	Momentum Indicators	ADX: Average Directional Movement Index	ADX	caller-owned Batch Computation	timeperiod=14	256	float	1	6319.391025641025	6274.5192307692305	6844.658974358975	40510232.54634444	31	5	0	5	27	229	fnv1a64:5f19198bbbe9b60c	verified		measured		comparable	primary caller-owned Rust/C kernel	10083	780	IndicatorConfig::compute_into; caller output allocation excluded	catalogue_fixture_v1:f64le	fnv1a64:73fedfe0ae0a803f	0.6.4	43f9d5042ecc4bd367941846494ad907bf20ea50	3.12.13	0.6.4	0.6.4	2.2.3	rustc 1.93.0 (254b59607 2026-01-19)	Apple M2	Darwin 25.5.0 Darwin Kernel Version 25.5.0: Tue Jun  9 22:27:52 PDT 2026; root:xnu-12377.121.10~1/RELEASE_ARM64_T8112	aarch64	64	ta-core=default(f64,std); ta-benchmarks=catalogue-matrix	b156ac1ec5c781af0a386c4deab4769a4c5479c1	true
fast-ta	Momentum Indicators	ADX: Average Directional Movement Index	ADX	Prepared Batch Runner	timeperiod=14	256	float	1	6277.848101265823	6254.535443037975	6291.139240506329	40778304.264542796	31	7	4	3	27	229	fnv1a64:5f19198bbbe9b60c	verified		measured		unavailable	separate Rust execution cost; not aggregated with the direct C kernel	15884	790	PreparedBatchRunner::compute_into; preparation and caller output allocation excluded	catalogue_fixture_v1:f64le	fnv1a64:73fedfe0ae0a803f	0.6.4	43f9d5042ecc4bd367941846494ad907bf20ea50	3.12.13	0.6.4	0.6.4	2.2.3	rustc 1.93.0 (254b59607 2026-01-19)	Apple M2	Darwin 25.5.0 Darwin Kernel Version 25.5.0: Tue Jun  9 22:27:52 PDT 2026; root:xnu-12377.121.10~1/RELEASE_ARM64_T8112	aarch64	64	ta-core=default(f64,std); ta-benchmarks=catalogue-matrix	b156ac1ec5c781af0a386c4deab4769a4c5479c1	true
fast-ta	Momentum Indicators	ADX: Average Directional Movement Index	ADX	Streaming Computation	timeperiod=14	256	float	1	9163.029106029106	6841.821205821206	11578.049896049895	27938359.361049794	31	6	0	6	27	229	fnv1a64:5f19198bbbe9b60c	verified		measured		unavailable	separate Rust execution cost; not aggregated with the direct C kernel	14018	481	StreamingComputation::reset plus one next call per observation; stream and output allocation excluded	catalogue_fixture_v1:f64le	fnv1a64:73fedfe0ae0a803f	0.6.4	43f9d5042ecc4bd367941846494ad907bf20ea50	3.12.13	0.6.4	0.6.4	2.2.3	rustc 1.93.0 (254b59607 2026-01-19)	Apple M2	Darwin 25.5.0 Darwin Kernel Version 25.5.0: Tue Jun  9 22:27:52 PDT 2026; root:xnu-12377.121.10~1/RELEASE_ARM64_T8112	aarch64	64	ta-core=default(f64,std); ta-benchmarks=catalogue-matrix	b156ac1ec5c781af0a386c4deab4769a4c5479c1	true
TA-Lib C	Momentum Indicators	ADX: Average Directional Movement Index	ADX	direct C caller-owned	timeperiod=14	256	float	1	4101.604278074867	3217.2834224598932	4315.285204991087	62414602.34680573	31	5	0	5	27	229	fnv1a64:1dcdacc4b2a9a145	verified		measured		comparable	primary caller-owned Rust/C kernel	16099	1122	direct TA_ADX call; caller output allocation excluded	catalogue_fixture_v1:f64le	fnv1a64:73fedfe0ae0a803f	0.6.4	43f9d5042ecc4bd367941846494ad907bf20ea50	3.12.13	0.6.4	0.6.4	2.2.3	rustc 1.93.0 (254b59607 2026-01-19)	Apple M2	Darwin 25.5.0 Darwin Kernel Version 25.5.0: Tue Jun  9 22:27:52 PDT 2026; root:xnu-12377.121.10~1/RELEASE_ARM64_T8112	aarch64	64	ta-core=default(f64,std); ta-benchmarks=catalogue-matrix	b156ac1ec5c781af0a386c4deab4769a4c5479c1	true
TA-Lib Python	Momentum Indicators	ADX: Average Directional Movement Index	ADX	official Python NumPy API	timeperiod=14	256	float	1	4523.906568887	4513.837679119	4549.604150887	56588259.74891492	31	7	0	7	27	229	fnv1a64:1dcdacc4b2a9a145	verified		measured		unavailable	user-facing Python API cost; not aggregated with caller-owned kernels	15758	1349	direct talib.ADX NumPy API expression including API-owned output; fixture loading excluded	catalogue_fixture_v1:f64le	fnv1a64:73fedfe0ae0a803f	0.6.4	43f9d5042ecc4bd367941846494ad907bf20ea50	3.12.13	0.6.4	0.6.4	2.2.3	rustc 1.93.0 (254b59607 2026-01-19)	Apple M2	Darwin 25.5.0 Darwin Kernel Version 25.5.0: Tue Jun  9 22:27:52 PDT 2026; root:xnu-12377.121.10~1/RELEASE_ARM64_T8112	aarch64	64	ta-core=default(f64,std); ta-benchmarks=catalogue-matrix	b156ac1ec5c781af0a386c4deab4769a4c5479c1	true
fast-ta	Cycle Indicators	HT_DCPHASE: Hilbert Transform Dominant Cycle Phase	HT_DCPHASE	Owned Compact Output	none	256	float	1	70061.34722222222	69457.16666666667	78486.11111111111	3653940.584214192	31	7	0	7	63	193	fnv1a64:5de06b02103ca09e	verified		measured		unavailable	separate Rust execution cost; not aggregated with the direct C kernel	1432	72	IndicatorConfig::compute; API-owned Compact Output allocation included	catalogue_fixture_v1:f64le	fnv1a64:73fedfe0ae0a803f	0.6.4	43f9d5042ecc4bd367941846494ad907bf20ea50	3.12.13	0.6.4	0.6.4	2.2.3	rustc 1.93.0 (254b59607 2026-01-19)	Apple M2	Darwin 25.5.0 Darwin Kernel Version 25.5.0: Tue Jun  9 22:27:52 PDT 2026; root:xnu-12377.121.10~1/RELEASE_ARM64_T8112	aarch64	64	ta-core=default(f64,std); ta-benchmarks=catalogue-matrix	b156ac1ec5c781af0a386c4deab4769a4c5479c1	true
fast-ta	Cycle Indicators	HT_DCPHASE: Hilbert Transform Dominant Cycle Phase	HT_DCPHASE	caller-owned Batch Computation	none	256	float	1	69211.19178082192	68856.16438356164	69271.12328767123	3698823.751087846	31	0	0	0	63	193	fnv1a64:5de06b02103ca09e	verified		measured		comparable	primary caller-owned Rust/C kernel	957	73	IndicatorConfig::compute_into; caller output allocation excluded	catalogue_fixture_v1:f64le	fnv1a64:73fedfe0ae0a803f	0.6.4	43f9d5042ecc4bd367941846494ad907bf20ea50	3.12.13	0.6.4	0.6.4	2.2.3	rustc 1.93.0 (254b59607 2026-01-19)	Apple M2	Darwin 25.5.0 Darwin Kernel Version 25.5.0: Tue Jun  9 22:27:52 PDT 2026; root:xnu-12377.121.10~1/RELEASE_ARM64_T8112	aarch64	64	ta-core=default(f64,std); ta-benchmarks=catalogue-matrix	b156ac1ec5c781af0a386c4deab4769a4c5479c1	true
fast-ta	Cycle Indicators	HT_DCPHASE: Hilbert Transform Dominant Cycle Phase	HT_DCPHASE	Prepared Batch Runner	none	256	float	1	62495.36111111111	57233.22222222222	65863.41666666667	4096304.0367885083	31	0	0	0	63	193	fnv1a64:5de06b02103ca09e	verified		measured		unavailable	separate Rust execution cost; not aggregated with the direct C kernel	1451	72	PreparedBatchRunner::compute_into; preparation and caller output allocation excluded	catalogue_fixture_v1:f64le	fnv1a64:73fedfe0ae0a803f	0.6.4	43f9d5042ecc4bd367941846494ad907bf20ea50	3.12.13	0.6.4	0.6.4	2.2.3	rustc 1.93.0 (254b59607 2026-01-19)	Apple M2	Darwin 25.5.0 Darwin Kernel Version 25.5.0: Tue Jun  9 22:27:52 PDT 2026; root:xnu-12377.121.10~1/RELEASE_ARM64_T8112	aarch64	64	ta-core=default(f64,std); ta-benchmarks=catalogue-matrix	b156ac1ec5c781af0a386c4deab4769a4c5479c1	true
fast-ta	Cycle Indicators	HT_DCPHASE: Hilbert Transform Dominant Cycle Phase	HT_DCPHASE	Streaming Computation	none	256	float	1	59121.38043478261	55423.010869565216	63306.163043478264	4330074.807410767	31	0	0	0	63	193	fnv1a64:5de06b02103ca09e	verified		measured		unavailable	separate Rust execution cost; not aggregated with the direct C kernel	1758	92	StreamingComputation::reset plus one next call per observation; stream and output allocation excluded	catalogue_fixture_v1:f64le	fnv1a64:73fedfe0ae0a803f	0.6.4	43f9d5042ecc4bd367941846494ad907bf20ea50	3.12.13	0.6.4	0.6.4	2.2.3	rustc 1.93.0 (254b59607 2026-01-19)	Apple M2	Darwin 25.5.0 Darwin Kernel Version 25.5.0: Tue Jun  9 22:27:52 PDT 2026; root:xnu-12377.121.10~1/RELEASE_ARM64_T8112	aarch64	64	ta-core=default(f64,std); ta-benchmarks=catalogue-matrix	b156ac1ec5c781af0a386c4deab4769a4c5479c1	true
TA-Lib C	Cycle Indicators	HT_DCPHASE: Hilbert Transform Dominant Cycle Phase	HT_DCPHASE	direct C caller-owned	none	256	float	1	45514.14678899082	45432.33944954129	50692.66055045871	5624624.826800499	31	0	0	0	63	193	fnv1a64:a308bbdd7dd86e9c	verified		measured		comparable	primary caller-owned Rust/C kernel	2024	109	direct TA_HT_DCPHASE call; caller output allocation excluded	catalogue_fixture_v1:f64le	fnv1a64:73fedfe0ae0a803f	0.6.4	43f9d5042ecc4bd367941846494ad907bf20ea50	3.12.13	0.6.4	0.6.4	2.2.3	rustc 1.93.0 (254b59607 2026-01-19)	Apple M2	Darwin 25.5.0 Darwin Kernel Version 25.5.0: Tue Jun  9 22:27:52 PDT 2026; root:xnu-12377.121.10~1/RELEASE_ARM64_T8112	aarch64	64	ta-core=default(f64,std); ta-benchmarks=catalogue-matrix	b156ac1ec5c781af0a386c4deab4769a4c5479c1	true
TA-Lib Python	Cycle Indicators	HT_DCPHASE: Hilbert Transform Dominant Cycle Phase	HT_DCPHASE	official Python NumPy API	none	256	float	1	56542.59545603	55968.629332322	67203.65163755	4527560.115259951	31	6	0	6	63	193	fnv1a64:a308bbdd7dd86e9c	verified		measured		unavailable	user-facing Python API cost; not aggregated with caller-owned kernels	1069	89	direct talib.HT_DCPHASE NumPy API expression including API-owned output; fixture loading excluded	catalogue_fixture_v1:f64le	fnv1a64:73fedfe0ae0a803f	0.6.4	43f9d5042ecc4bd367941846494ad907bf20ea50	3.12.13	0.6.4	0.6.4	2.2.3	rustc 1.93.0 (254b59607 2026-01-19)	Apple M2	Darwin 25.5.0 Darwin Kernel Version 25.5.0: Tue Jun  9 22:27:52 PDT 2026; root:xnu-12377.121.10~1/RELEASE_ARM64_T8112	aarch64	64	ta-core=default(f64,std); ta-benchmarks=catalogue-matrix	b156ac1ec5c781af0a386c4deab4769a4c5479c1	true
fast-ta	Pattern Recognition	CDLDOJI: Doji	CDLDOJI	Owned Compact Output	candle_settings=TA-Lib defaults	256	integer	1	2436.6662168241114	2421.3900134952764	2972.709851551957	105061578.90335257	31	7	0	7	10	246	fnv1a64:1a5464c16caf8419	verified		measured		unavailable	separate Rust execution cost; not aggregated with the direct C kernel	37449	2223	IndicatorConfig::compute; API-owned Compact Output allocation included	catalogue_fixture_v1:f64le	fnv1a64:73fedfe0ae0a803f	0.6.4	43f9d5042ecc4bd367941846494ad907bf20ea50	3.12.13	0.6.4	0.6.4	2.2.3	rustc 1.93.0 (254b59607 2026-01-19)	Apple M2	Darwin 25.5.0 Darwin Kernel Version 25.5.0: Tue Jun  9 22:27:52 PDT 2026; root:xnu-12377.121.10~1/RELEASE_ARM64_T8112	aarch64	64	ta-core=default(f64,std); ta-benchmarks=catalogue-matrix	b156ac1ec5c781af0a386c4deab4769a4c5479c1	true
fast-ta	Pattern Recognition	CDLDOJI: Doji	CDLDOJI	caller-owned Batch Computation	candle_settings=TA-Lib defaults	256	integer	1	2042	2042	2042	125367286.97355534	31	9	2	7	10	246	fnv1a64:1a5464c16caf8419	verified		measured		comparable	primary caller-owned Rust/C kernel	13450	1	IndicatorConfig::compute_into; caller output allocation excluded	catalogue_fixture_v1:f64le	fnv1a64:73fedfe0ae0a803f	0.6.4	43f9d5042ecc4bd367941846494ad907bf20ea50	3.12.13	0.6.4	0.6.4	2.2.3	rustc 1.93.0 (254b59607 2026-01-19)	Apple M2	Darwin 25.5.0 Darwin Kernel Version 25.5.0: Tue Jun  9 22:27:52 PDT 2026; root:xnu-12377.121.10~1/RELEASE_ARM64_T8112	aarch64	64	ta-core=default(f64,std); ta-benchmarks=catalogue-matrix	b156ac1ec5c781af0a386c4deab4769a4c5479c1	true
fast-ta	Pattern Recognition	CDLDOJI: Doji	CDLDOJI	Prepared Batch Runner	candle_settings=TA-Lib defaults	256	integer	1	2282.646	2264.375	3567.5625	112150548.09199499	31	5	0	5	10	246	fnv1a64:1a5464c16caf8419	verified		measured		unavailable	separate Rust execution cost; not aggregated with the direct C kernel	12878	2000	PreparedBatchRunner::compute_into; preparation and caller output allocation excluded	catalogue_fixture_v1:f64le	fnv1a64:73fedfe0ae0a803f	0.6.4	43f9d5042ecc4bd367941846494ad907bf20ea50	3.12.13	0.6.4	0.6.4	2.2.3	rustc 1.93.0 (254b59607 2026-01-19)	Apple M2	Darwin 25.5.0 Darwin Kernel Version 25.5.0: Tue Jun  9 22:27:52 PDT 2026; root:xnu-12377.121.10~1/RELEASE_ARM64_T8112	aarch64	64	ta-core=default(f64,std); ta-benchmarks=catalogue-matrix	b156ac1ec5c781af0a386c4deab4769a4c5479c1	true
fast-ta	Pattern Recognition	CDLDOJI: Doji	CDLDOJI	Streaming Computation	candle_settings=TA-Lib defaults	256	integer	1	13361.027613412229	10849.276134122289	15442.966469428009	19160202.89809288	31	1	0	1	10	246	fnv1a64:1a5464c16caf8419	verified		measured		unavailable	separate Rust execution cost; not aggregated with the direct C kernel	5876	507	StreamingComputation::reset plus one next call per observation; stream and output allocation excluded	catalogue_fixture_v1:f64le	fnv1a64:73fedfe0ae0a803f	0.6.4	43f9d5042ecc4bd367941846494ad907bf20ea50	3.12.13	0.6.4	0.6.4	2.2.3	rustc 1.93.0 (254b59607 2026-01-19)	Apple M2	Darwin 25.5.0 Darwin Kernel Version 25.5.0: Tue Jun  9 22:27:52 PDT 2026; root:xnu-12377.121.10~1/RELEASE_ARM64_T8112	aarch64	64	ta-core=default(f64,std); ta-benchmarks=catalogue-matrix	b156ac1ec5c781af0a386c4deab4769a4c5479c1	true
TA-Lib C	Pattern Recognition	CDLDOJI: Doji	CDLDOJI	direct C caller-owned	candle_settings=TA-Lib defaults	256	integer	1	1119.9729288214703	1113.875845974329	1174.6109684947492	228576953.43528056	31	1	0	1	10	246	fnv1a64:1a5464c16caf8419	verified		measured		comparable	primary caller-owned Rust/C kernel	60451	4285	direct TA_CDLDOJI call; caller output allocation excluded	catalogue_fixture_v1:f64le	fnv1a64:73fedfe0ae0a803f	0.6.4	43f9d5042ecc4bd367941846494ad907bf20ea50	3.12.13	0.6.4	0.6.4	2.2.3	rustc 1.93.0 (254b59607 2026-01-19)	Apple M2	Darwin 25.5.0 Darwin Kernel Version 25.5.0: Tue Jun  9 22:27:52 PDT 2026; root:xnu-12377.121.10~1/RELEASE_ARM64_T8112	aarch64	64	ta-core=default(f64,std); ta-benchmarks=catalogue-matrix	b156ac1ec5c781af0a386c4deab4769a4c5479c1	true
TA-Lib Python	Pattern Recognition	CDLDOJI: Doji	CDLDOJI	official Python NumPy API	candle_settings=TA-Lib defaults	256	integer	1	1485.429213453	1427.924930448	2650.947721264	172340760.28766617	31	4	0	4	10	246	fnv1a64:1a5464c16caf8419	verified		measured		unavailable	user-facing Python API cost; not aggregated with caller-owned kernels	17902	3157	direct talib.CDLDOJI NumPy API expression including API-owned output; fixture loading excluded	catalogue_fixture_v1:f64le	fnv1a64:73fedfe0ae0a803f	0.6.4	43f9d5042ecc4bd367941846494ad907bf20ea50	3.12.13	0.6.4	0.6.4	2.2.3	rustc 1.93.0 (254b59607 2026-01-19)	Apple M2	Darwin 25.5.0 Darwin Kernel Version 25.5.0: Tue Jun  9 22:27:52 PDT 2026; root:xnu-12377.121.10~1/RELEASE_ARM64_T8112	aarch64	64	ta-core=default(f64,std); ta-benchmarks=catalogue-matrix	b156ac1ec5c781af0a386c4deab4769a4c5479c1	true
fast-ta	Pattern Recognition	CDLENGULFING: Engulfing Pattern	CDLENGULFING	Owned Compact Output	candle_settings=TA-Lib defaults	256	integer	1	7358.13704496788	7156.496788008565	9527.391862955032	34791415.060021825	31	1	0	1	2	254	fnv1a64:76a5786b86f2c019	verified		measured		unavailable	separate Rust execution cost; not aggregated with the direct C kernel	9172	467	IndicatorConfig::compute; API-owned Compact Output allocation included	catalogue_fixture_v1:f64le	fnv1a64:73fedfe0ae0a803f	0.6.4	43f9d5042ecc4bd367941846494ad907bf20ea50	3.12.13	0.6.4	0.6.4	2.2.3	rustc 1.93.0 (254b59607 2026-01-19)	Apple M2	Darwin 25.5.0 Darwin Kernel Version 25.5.0: Tue Jun  9 22:27:52 PDT 2026; root:xnu-12377.121.10~1/RELEASE_ARM64_T8112	aarch64	64	ta-core=default(f64,std); ta-benchmarks=catalogue-matrix	b156ac1ec5c781af0a386c4deab4769a4c5479c1	true
fast-ta	Pattern Recognition	CDLENGULFING: Engulfing Pattern	CDLENGULFING	caller-owned Batch Computation	candle_settings=TA-Lib defaults	256	integer	1	6984.674125874126	6976.106293706293	6995.27972027972	36651674.13489915	31	7	0	7	2	254	fnv1a64:76a5786b86f2c019	verified		measured		comparable	primary caller-owned Rust/C kernel	12852	715	IndicatorConfig::compute_into; caller output allocation excluded	catalogue_fixture_v1:f64le	fnv1a64:73fedfe0ae0a803f	0.6.4	43f9d5042ecc4bd367941846494ad907bf20ea50	3.12.13	0.6.4	0.6.4	2.2.3	rustc 1.93.0 (254b59607 2026-01-19)	Apple M2	Darwin 25.5.0 Darwin Kernel Version 25.5.0: Tue Jun  9 22:27:52 PDT 2026; root:xnu-12377.121.10~1/RELEASE_ARM64_T8112	aarch64	64	ta-core=default(f64,std); ta-benchmarks=catalogue-matrix	b156ac1ec5c781af0a386c4deab4769a4c5479c1	true
fast-ta	Pattern Recognition	CDLENGULFING: Engulfing Pattern	CDLENGULFING	Prepared Batch Runner	candle_settings=TA-Lib defaults	256	integer	1	5593.5254813137035	5590.081540203851	5598.292185730465	45767200.10576862	31	1	0	1	2	254	fnv1a64:76a5786b86f2c019	verified		measured		unavailable	separate Rust execution cost; not aggregated with the direct C kernel	15822	883	PreparedBatchRunner::compute_into; preparation and caller output allocation excluded	catalogue_fixture_v1:f64le	fnv1a64:73fedfe0ae0a803f	0.6.4	43f9d5042ecc4bd367941846494ad907bf20ea50	3.12.13	0.6.4	0.6.4	2.2.3	rustc 1.93.0 (254b59607 2026-01-19)	Apple M2	Darwin 25.5.0 Darwin Kernel Version 25.5.0: Tue Jun  9 22:27:52 PDT 2026; root:xnu-12377.121.10~1/RELEASE_ARM64_T8112	aarch64	64	ta-core=default(f64,std); ta-benchmarks=catalogue-matrix	b156ac1ec5c781af0a386c4deab4769a4c5479c1	true
fast-ta	Pattern Recognition	CDLENGULFING: Engulfing Pattern	CDLENGULFING	Streaming Computation	candle_settings=TA-Lib defaults	256	integer	1	7317.244343891402	7304.48717948718	7360.294117647059	34985848.21944814	31	3	0	3	2	254	fnv1a64:76a5786b86f2c019	verified		measured		unavailable	separate Rust execution cost; not aggregated with the direct C kernel	13519	663	StreamingComputation::reset plus one next call per observation; stream and output allocation excluded	catalogue_fixture_v1:f64le	fnv1a64:73fedfe0ae0a803f	0.6.4	43f9d5042ecc4bd367941846494ad907bf20ea50	3.12.13	0.6.4	0.6.4	2.2.3	rustc 1.93.0 (254b59607 2026-01-19)	Apple M2	Darwin 25.5.0 Darwin Kernel Version 25.5.0: Tue Jun  9 22:27:52 PDT 2026; root:xnu-12377.121.10~1/RELEASE_ARM64_T8112	aarch64	64	ta-core=default(f64,std); ta-benchmarks=catalogue-matrix	b156ac1ec5c781af0a386c4deab4769a4c5479c1	true
TA-Lib C	Pattern Recognition	CDLENGULFING: Engulfing Pattern	CDLENGULFING	direct C caller-owned	candle_settings=TA-Lib defaults	256	integer	1	690.9029548522574	690.6154192290386	692.8591570421479	370529606.5128901	31	2	0	2	2	254	fnv1a64:76a5786b86f2c019	verified		measured		comparable	primary caller-owned Rust/C kernel	139369	6667	direct TA_CDLENGULFING call; caller output allocation excluded	catalogue_fixture_v1:f64le	fnv1a64:73fedfe0ae0a803f	0.6.4	43f9d5042ecc4bd367941846494ad907bf20ea50	3.12.13	0.6.4	0.6.4	2.2.3	rustc 1.93.0 (254b59607 2026-01-19)	Apple M2	Darwin 25.5.0 Darwin Kernel Version 25.5.0: Tue Jun  9 22:27:52 PDT 2026; root:xnu-12377.121.10~1/RELEASE_ARM64_T8112	aarch64	64	ta-core=default(f64,std); ta-benchmarks=catalogue-matrix	b156ac1ec5c781af0a386c4deab4769a4c5479c1	true
TA-Lib Python	Pattern Recognition	CDLENGULFING: Engulfing Pattern	CDLENGULFING	official Python NumPy API	candle_settings=TA-Lib defaults	256	integer	1	954.476479298	953.636461868	955.704758103	268209856.97655255	31	8	2	6	2	254	fnv1a64:76a5786b86f2c019	verified		measured		unavailable	user-facing Python API cost; not aggregated with caller-owned kernels	60376	4613	direct talib.CDLENGULFING NumPy API expression including API-owned output; fixture loading excluded	catalogue_fixture_v1:f64le	fnv1a64:73fedfe0ae0a803f	0.6.4	43f9d5042ecc4bd367941846494ad907bf20ea50	3.12.13	0.6.4	0.6.4	2.2.3	rustc 1.93.0 (254b59607 2026-01-19)	Apple M2	Darwin 25.5.0 Darwin Kernel Version 25.5.0: Tue Jun  9 22:27:52 PDT 2026; root:xnu-12377.121.10~1/RELEASE_ARM64_T8112	aarch64	64	ta-core=default(f64,std); ta-benchmarks=catalogue-matrix	b156ac1ec5c781af0a386c4deab4769a4c5479c1	true
fast-ta	Pattern Recognition	CDL3BLACKCROWS: Three Black Crows	CDL3BLACKCROWS	Owned Compact Output	candle_settings=TA-Lib defaults	256	integer	1	7728.9344	7692.3344	7746.3328	33122289.14764757	31	0	0	0	13	243	fnv1a64:45f0057adf5d64eb	verified		measured		unavailable	separate Rust execution cost; not aggregated with the direct C kernel	9876	625	IndicatorConfig::compute; API-owned Compact Output allocation included	catalogue_fixture_v1:f64le	fnv1a64:73fedfe0ae0a803f	0.6.4	43f9d5042ecc4bd367941846494ad907bf20ea50	3.12.13	0.6.4	0.6.4	2.2.3	rustc 1.93.0 (254b59607 2026-01-19)	Apple M2	Darwin 25.5.0 Darwin Kernel Version 25.5.0: Tue Jun  9 22:27:52 PDT 2026; root:xnu-12377.121.10~1/RELEASE_ARM64_T8112	aarch64	64	ta-core=default(f64,std); ta-benchmarks=catalogue-matrix	b156ac1ec5c781af0a386c4deab4769a4c5479c1	true
fast-ta	Pattern Recognition	CDL3BLACKCROWS: Three Black Crows	CDL3BLACKCROWS	caller-owned Batch Computation	candle_settings=TA-Lib defaults	256	integer	1	7653.346456692913	7569.15905511811	7818.373228346457	33449419.99537025	31	6	0	6	13	243	fnv1a64:45f0057adf5d64eb	verified		measured		comparable	primary caller-owned Rust/C kernel	13201	635	IndicatorConfig::compute_into; caller output allocation excluded	catalogue_fixture_v1:f64le	fnv1a64:73fedfe0ae0a803f	0.6.4	43f9d5042ecc4bd367941846494ad907bf20ea50	3.12.13	0.6.4	0.6.4	2.2.3	rustc 1.93.0 (254b59607 2026-01-19)	Apple M2	Darwin 25.5.0 Darwin Kernel Version 25.5.0: Tue Jun  9 22:27:52 PDT 2026; root:xnu-12377.121.10~1/RELEASE_ARM64_T8112	aarch64	64	ta-core=default(f64,std); ta-benchmarks=catalogue-matrix	b156ac1ec5c781af0a386c4deab4769a4c5479c1	true
fast-ta	Pattern Recognition	CDL3BLACKCROWS: Three Black Crows	CDL3BLACKCROWS	Prepared Batch Runner	candle_settings=TA-Lib defaults	256	integer	1	11354.10826210826	10706.789173789173	17340.69230769231	22546904.969573125	31	1	0	1	13	243	fnv1a64:45f0057adf5d64eb	verified		measured		unavailable	separate Rust execution cost; not aggregated with the direct C kernel	6869	351	PreparedBatchRunner::compute_into; preparation and caller output allocation excluded	catalogue_fixture_v1:f64le	fnv1a64:73fedfe0ae0a803f	0.6.4	43f9d5042ecc4bd367941846494ad907bf20ea50	3.12.13	0.6.4	0.6.4	2.2.3	rustc 1.93.0 (254b59607 2026-01-19)	Apple M2	Darwin 25.5.0 Darwin Kernel Version 25.5.0: Tue Jun  9 22:27:52 PDT 2026; root:xnu-12377.121.10~1/RELEASE_ARM64_T8112	aarch64	64	ta-core=default(f64,std); ta-benchmarks=catalogue-matrix	b156ac1ec5c781af0a386c4deab4769a4c5479c1	true
fast-ta	Pattern Recognition	CDL3BLACKCROWS: Three Black Crows	CDL3BLACKCROWS	Streaming Computation	candle_settings=TA-Lib defaults	256	integer	1	11255.478873239437	9268.877934272301	11283.842723004695	22744478.745249573	31	0	0	0	13	243	fnv1a64:45f0057adf5d64eb	verified		measured		unavailable	separate Rust execution cost; not aggregated with the direct C kernel	4608	426	StreamingComputation::reset plus one next call per observation; stream and output allocation excluded	catalogue_fixture_v1:f64le	fnv1a64:73fedfe0ae0a803f	0.6.4	43f9d5042ecc4bd367941846494ad907bf20ea50	3.12.13	0.6.4	0.6.4	2.2.3	rustc 1.93.0 (254b59607 2026-01-19)	Apple M2	Darwin 25.5.0 Darwin Kernel Version 25.5.0: Tue Jun  9 22:27:52 PDT 2026; root:xnu-12377.121.10~1/RELEASE_ARM64_T8112	aarch64	64	ta-core=default(f64,std); ta-benchmarks=catalogue-matrix	b156ac1ec5c781af0a386c4deab4769a4c5479c1	true
TA-Lib C	Pattern Recognition	CDL3BLACKCROWS: Three Black Crows	CDL3BLACKCROWS	direct C caller-owned	candle_settings=TA-Lib defaults	256	integer	1	1077.8029246344206	1076.687289088864	1089.2670416197975	237520231.3417664	31	6	0	6	13	243	fnv1a64:45f0057adf5d64eb	verified		measured		comparable	primary caller-owned Rust/C kernel	84197	4445	direct TA_CDL3BLACKCROWS call; caller output allocation excluded	catalogue_fixture_v1:f64le	fnv1a64:73fedfe0ae0a803f	0.6.4	43f9d5042ecc4bd367941846494ad907bf20ea50	3.12.13	0.6.4	0.6.4	2.2.3	rustc 1.93.0 (254b59607 2026-01-19)	Apple M2	Darwin 25.5.0 Darwin Kernel Version 25.5.0: Tue Jun  9 22:27:52 PDT 2026; root:xnu-12377.121.10~1/RELEASE_ARM64_T8112	aarch64	64	ta-core=default(f64,std); ta-benchmarks=catalogue-matrix	b156ac1ec5c781af0a386c4deab4769a4c5479c1	true
TA-Lib Python	Pattern Recognition	CDL3BLACKCROWS: Three Black Crows	CDL3BLACKCROWS	official Python NumPy API	candle_settings=TA-Lib defaults	256	integer	1	1195.767627952	1191.130898563	1201.211209001	214088418.19748294	31	4	0	4	13	243	fnv1a64:45f0057adf5d64eb	verified		measured		unavailable	user-facing Python API cost; not aggregated with caller-owned kernels	56569	3873	direct talib.CDL3BLACKCROWS NumPy API expression including API-owned output; fixture loading excluded	catalogue_fixture_v1:f64le	fnv1a64:73fedfe0ae0a803f	0.6.4	43f9d5042ecc4bd367941846494ad907bf20ea50	3.12.13	0.6.4	0.6.4	2.2.3	rustc 1.93.0 (254b59607 2026-01-19)	Apple M2	Darwin 25.5.0 Darwin Kernel Version 25.5.0: Tue Jun  9 22:27:52 PDT 2026; root:xnu-12377.121.10~1/RELEASE_ARM64_T8112	aarch64	64	ta-core=default(f64,std); ta-benchmarks=catalogue-matrix	b156ac1ec5c781af0a386c4deab4769a4c5479c1	true
fast-ta	Statistic Functions	LINEARREG: Linear Regression endpoint	LINEARREG	Owned Compact Output	timeperiod=14	256	float	1	3101.2135984605516	3097.578576010263	3105.7036561898653	82548328.86295833	31	2	0	2	13	243	fnv1a64:a694f85735c86cf8	verified		measured		unavailable	separate Rust execution cost; not aggregated with the direct C kernel	31298	1559	IndicatorConfig::compute; API-owned Compact Output allocation included	catalogue_fixture_v1:f64le	fnv1a64:73fedfe0ae0a803f	0.6.4	43f9d5042ecc4bd367941846494ad907bf20ea50	3.12.13	0.6.4	0.6.4	2.2.3	rustc 1.93.0 (254b59607 2026-01-19)	Apple M2	Darwin 25.5.0 Darwin Kernel Version 25.5.0: Tue Jun  9 22:27:52 PDT 2026; root:xnu-12377.121.10~1/RELEASE_ARM64_T8112	aarch64	64	ta-core=default(f64,std); ta-benchmarks=catalogue-matrix	b156ac1ec5c781af0a386c4deab4769a4c5479c1	true
fast-ta	Statistic Functions	LINEARREG: Linear Regression endpoint	LINEARREG	caller-owned Batch Computation	timeperiod=14	256	float	1	2662.52625	2651.58875	3057.6825	96149286.7910692	31	0	0	0	13	243	fnv1a64:a694f85735c86cf8	verified		measured		comparable	primary caller-owned Rust/C kernel	32384	1600	IndicatorConfig::compute_into; caller output allocation excluded	catalogue_fixture_v1:f64le	fnv1a64:73fedfe0ae0a803f	0.6.4	43f9d5042ecc4bd367941846494ad907bf20ea50	3.12.13	0.6.4	0.6.4	2.2.3	rustc 1.93.0 (254b59607 2026-01-19)	Apple M2	Darwin 25.5.0 Darwin Kernel Version 25.5.0: Tue Jun  9 22:27:52 PDT 2026; root:xnu-12377.121.10~1/RELEASE_ARM64_T8112	aarch64	64	ta-core=default(f64,std); ta-benchmarks=catalogue-matrix	b156ac1ec5c781af0a386c4deab4769a4c5479c1	true
fast-ta	Statistic Functions	LINEARREG: Linear Regression endpoint	LINEARREG	Prepared Batch Runner	timeperiod=14	256	float	1	2312.857985257985	2312.039312039312	2315.5199017199016	110685568.08577453	31	3	0	3	13	243	fnv1a64:a694f85735c86cf8	verified		measured		unavailable	separate Rust execution cost; not aggregated with the direct C kernel	39783	2035	PreparedBatchRunner::compute_into; preparation and caller output allocation excluded	catalogue_fixture_v1:f64le	fnv1a64:73fedfe0ae0a803f	0.6.4	43f9d5042ecc4bd367941846494ad907bf20ea50	3.12.13	0.6.4	0.6.4	2.2.3	rustc 1.93.0 (254b59607 2026-01-19)	Apple M2	Darwin 25.5.0 Darwin Kernel Version 25.5.0: Tue Jun  9 22:27:52 PDT 2026; root:xnu-12377.121.10~1/RELEASE_ARM64_T8112	aarch64	64	ta-core=default(f64,std); ta-benchmarks=catalogue-matrix	b156ac1ec5c781af0a386c4deab4769a4c5479c1	true
fast-ta	Statistic Functions	LINEARREG: Linear Regression endpoint	LINEARREG	Streaming Computation	timeperiod=14	256	float	1	1973.4668	1972.1332	1974.5668	129720956.03533843	31	6	0	6	13	243	fnv1a64:a694f85735c86cf8	verified		measured		unavailable	separate Rust execution cost; not aggregated with the direct C kernel	49491	2500	StreamingComputation::reset plus one next call per observation; stream and output allocation excluded	catalogue_fixture_v1:f64le	fnv1a64:73fedfe0ae0a803f	0.6.4	43f9d5042ecc4bd367941846494ad907bf20ea50	3.12.13	0.6.4	0.6.4	2.2.3	rustc 1.93.0 (254b59607 2026-01-19)	Apple M2	Darwin 25.5.0 Darwin Kernel Version 25.5.0: Tue Jun  9 22:27:52 PDT 2026; root:xnu-12377.121.10~1/RELEASE_ARM64_T8112	aarch64	64	ta-core=default(f64,std); ta-benchmarks=catalogue-matrix	b156ac1ec5c781af0a386c4deab4769a4c5479c1	true
TA-Lib C	Statistic Functions	LINEARREG: Linear Regression endpoint	LINEARREG	direct C caller-owned	timeperiod=14	256	float	1	2565.8475530532696	2287.281507145951	2971.470333477696	99772100.52692682	31	3	0	3	13	243	fnv1a64:e0c618d18c393f6b	verified		measured		comparable	primary caller-owned Rust/C kernel	46970	2309	direct TA_LINEARREG call; caller output allocation excluded	catalogue_fixture_v1:f64le	fnv1a64:73fedfe0ae0a803f	0.6.4	43f9d5042ecc4bd367941846494ad907bf20ea50	3.12.13	0.6.4	0.6.4	2.2.3	rustc 1.93.0 (254b59607 2026-01-19)	Apple M2	Darwin 25.5.0 Darwin Kernel Version 25.5.0: Tue Jun  9 22:27:52 PDT 2026; root:xnu-12377.121.10~1/RELEASE_ARM64_T8112	aarch64	64	ta-core=default(f64,std); ta-benchmarks=catalogue-matrix	b156ac1ec5c781af0a386c4deab4769a4c5479c1	true
TA-Lib Python	Statistic Functions	LINEARREG: Linear Regression endpoint	LINEARREG	official Python NumPy API	timeperiod=14	256	float	1	3144.504762099	3136.533234784	3153.493936241	81411865.89557476	31	5	0	5	13	243	fnv1a64:e0c618d18c393f6b	verified		measured		unavailable	user-facing Python API cost; not aggregated with caller-owned kernels	21410	737	direct talib.LINEARREG NumPy API expression including API-owned output; fixture loading excluded	catalogue_fixture_v1:f64le	fnv1a64:73fedfe0ae0a803f	0.6.4	43f9d5042ecc4bd367941846494ad907bf20ea50	3.12.13	0.6.4	0.6.4	2.2.3	rustc 1.93.0 (254b59607 2026-01-19)	Apple M2	Darwin 25.5.0 Darwin Kernel Version 25.5.0: Tue Jun  9 22:27:52 PDT 2026; root:xnu-12377.121.10~1/RELEASE_ARM64_T8112	aarch64	64	ta-core=default(f64,std); ta-benchmarks=catalogue-matrix	b156ac1ec5c781af0a386c4deab4769a4c5479c1	true
fast-ta	Price Transform	TYPPRICE: Typical Price	TYPPRICE	Owned Compact Output	none	256	float	1	828.7731134432784	820.6383474929202	829.4254539396968	308890329.38870883	31	0	0	0	0	256	fnv1a64:956ef7b87e4ad4a6	verified		measured		unavailable	separate Rust execution cost; not aggregated with the direct C kernel	121683	6003	IndicatorConfig::compute; API-owned Compact Output allocation included	catalogue_fixture_v1:f64le	fnv1a64:73fedfe0ae0a803f	0.6.4	43f9d5042ecc4bd367941846494ad907bf20ea50	3.12.13	0.6.4	0.6.4	2.2.3	rustc 1.93.0 (254b59607 2026-01-19)	Apple M2	Darwin 25.5.0 Darwin Kernel Version 25.5.0: Tue Jun  9 22:27:52 PDT 2026; root:xnu-12377.121.10~1/RELEASE_ARM64_T8112	aarch64	64	ta-core=default(f64,std); ta-benchmarks=catalogue-matrix	b156ac1ec5c781af0a386c4deab4769a4c5479c1	true
fast-ta	Price Transform	TYPPRICE: Typical Price	TYPPRICE	caller-owned Batch Computation	none	256	float	1	586.3011871415233	584.9173002534347	587.045885020675	436635650.09668976	31	4	0	4	0	256	fnv1a64:956ef7b87e4ad4a6	verified		measured		comparable	primary caller-owned Rust/C kernel	148778	7497	IndicatorConfig::compute_into; caller output allocation excluded	catalogue_fixture_v1:f64le	fnv1a64:73fedfe0ae0a803f	0.6.4	43f9d5042ecc4bd367941846494ad907bf20ea50	3.12.13	0.6.4	0.6.4	2.2.3	rustc 1.93.0 (254b59607 2026-01-19)	Apple M2	Darwin 25.5.0 Darwin Kernel Version 25.5.0: Tue Jun  9 22:27:52 PDT 2026; root:xnu-12377.121.10~1/RELEASE_ARM64_T8112	aarch64	64	ta-core=default(f64,std); ta-benchmarks=catalogue-matrix	b156ac1ec5c781af0a386c4deab4769a4c5479c1	true
fast-ta	Price Transform	TYPPRICE: Typical Price	TYPPRICE	Prepared Batch Runner	none	256	float	1	534.7245483068268	534.3863464243211	535.3961917126475	478751164.1472392	31	1	0	1	0	256	fnv1a64:956ef7b87e4ad4a6	verified		measured		unavailable	separate Rust execution cost; not aggregated with the direct C kernel	169634	9243	PreparedBatchRunner::compute_into; preparation and caller output allocation excluded	catalogue_fixture_v1:f64le	fnv1a64:73fedfe0ae0a803f	0.6.4	43f9d5042ecc4bd367941846494ad907bf20ea50	3.12.13	0.6.4	0.6.4	2.2.3	rustc 1.93.0 (254b59607 2026-01-19)	Apple M2	Darwin 25.5.0 Darwin Kernel Version 25.5.0: Tue Jun  9 22:27:52 PDT 2026; root:xnu-12377.121.10~1/RELEASE_ARM64_T8112	aarch64	64	ta-core=default(f64,std); ta-benchmarks=catalogue-matrix	b156ac1ec5c781af0a386c4deab4769a4c5479c1	true
fast-ta	Price Transform	TYPPRICE: Typical Price	TYPPRICE	Streaming Computation	none	256	float	1	1297.1429749793786	1295.6191916414627	1299.4685180093484	197356810.26532158	31	2	0	2	0	256	fnv1a64:956ef7b87e4ad4a6	verified		measured		unavailable	separate Rust execution cost; not aggregated with the direct C kernel	76339	3637	StreamingComputation::reset plus one next call per observation; stream and output allocation excluded	catalogue_fixture_v1:f64le	fnv1a64:73fedfe0ae0a803f	0.6.4	43f9d5042ecc4bd367941846494ad907bf20ea50	3.12.13	0.6.4	0.6.4	2.2.3	rustc 1.93.0 (254b59607 2026-01-19)	Apple M2	Darwin 25.5.0 Darwin Kernel Version 25.5.0: Tue Jun  9 22:27:52 PDT 2026; root:xnu-12377.121.10~1/RELEASE_ARM64_T8112	aarch64	64	ta-core=default(f64,std); ta-benchmarks=catalogue-matrix	b156ac1ec5c781af0a386c4deab4769a4c5479c1	true
TA-Lib C	Price Transform	TYPPRICE: Typical Price	TYPPRICE	direct C caller-owned	none	256	float	1	137.14518074795126	136.80024127459544	137.60971754232705	1866635040.3553956	31	0	0	0	0	256	fnv1a64:956ef7b87e4ad4a6	verified		measured		comparable	primary caller-owned Rust/C kernel	659166	24039	direct TA_TYPPRICE call; caller output allocation excluded	catalogue_fixture_v1:f64le	fnv1a64:73fedfe0ae0a803f	0.6.4	43f9d5042ecc4bd367941846494ad907bf20ea50	3.12.13	0.6.4	0.6.4	2.2.3	rustc 1.93.0 (254b59607 2026-01-19)	Apple M2	Darwin 25.5.0 Darwin Kernel Version 25.5.0: Tue Jun  9 22:27:52 PDT 2026; root:xnu-12377.121.10~1/RELEASE_ARM64_T8112	aarch64	64	ta-core=default(f64,std); ta-benchmarks=catalogue-matrix	b156ac1ec5c781af0a386c4deab4769a4c5479c1	true
TA-Lib Python	Price Transform	TYPPRICE: Typical Price	TYPPRICE	official Python NumPy API	none	256	float	1	271.901789734	271.638590256	272.124228966	941516421.2432857	31	3	0	3	0	256	fnv1a64:956ef7b87e4ad4a6	verified		measured		unavailable	user-facing Python API cost; not aggregated with caller-owned kernels	143162	13298	direct talib.TYPPRICE NumPy API expression including API-owned output; fixture loading excluded	catalogue_fixture_v1:f64le	fnv1a64:73fedfe0ae0a803f	0.6.4	43f9d5042ecc4bd367941846494ad907bf20ea50	3.12.13	0.6.4	0.6.4	2.2.3	rustc 1.93.0 (254b59607 2026-01-19)	Apple M2	Darwin 25.5.0 Darwin Kernel Version 25.5.0: Tue Jun  9 22:27:52 PDT 2026; root:xnu-12377.121.10~1/RELEASE_ARM64_T8112	aarch64	64	ta-core=default(f64,std); ta-benchmarks=catalogue-matrix	b156ac1ec5c781af0a386c4deab4769a4c5479c1	true
fast-ta	Volume Indicators	OBV: On Balance Volume	OBV	Owned Compact Output	none	256	float	1	651.8051220488195	640.406162464986	652.844471121782	392755428.4865314	31	0	0	0	0	256	fnv1a64:34a87e118e2aea2c	verified		measured		unavailable	separate Rust execution cost; not aggregated with the direct C kernel	147439	7497	IndicatorConfig::compute; API-owned Compact Output allocation included	catalogue_fixture_v1:f64le	fnv1a64:73fedfe0ae0a803f	0.6.4	43f9d5042ecc4bd367941846494ad907bf20ea50	3.12.13	0.6.4	0.6.4	2.2.3	rustc 1.93.0 (254b59607 2026-01-19)	Apple M2	Darwin 25.5.0 Darwin Kernel Version 25.5.0: Tue Jun  9 22:27:52 PDT 2026; root:xnu-12377.121.10~1/RELEASE_ARM64_T8112	aarch64	64	ta-core=default(f64,std); ta-benchmarks=catalogue-matrix	b156ac1ec5c781af0a386c4deab4769a4c5479c1	true
fast-ta	Volume Indicators	OBV: On Balance Volume	OBV	caller-owned Batch Computation	none	256	float	1	564.3443120766176	563.0790703106751	565.2981779957954	453623779.8835907	31	4	0	4	0	256	fnv1a64:34a87e118e2aea2c	verified		measured		comparable	primary caller-owned Rust/C kernel	173310	8562	IndicatorConfig::compute_into; caller output allocation excluded	catalogue_fixture_v1:f64le	fnv1a64:73fedfe0ae0a803f	0.6.4	43f9d5042ecc4bd367941846494ad907bf20ea50	3.12.13	0.6.4	0.6.4	2.2.3	rustc 1.93.0 (254b59607 2026-01-19)	Apple M2	Darwin 25.5.0 Darwin Kernel Version 25.5.0: Tue Jun  9 22:27:52 PDT 2026; root:xnu-12377.121.10~1/RELEASE_ARM64_T8112	aarch64	64	ta-core=default(f64,std); ta-benchmarks=catalogue-matrix	b156ac1ec5c781af0a386c4deab4769a4c5479c1	true
fast-ta	Volume Indicators	OBV: On Balance Volume	OBV	Prepared Batch Runner	none	256	float	1	565.1278906797477	564.1400373744452	565.6923615977576	452994807.4091297	31	5	3	2	0	256	fnv1a64:34a87e118e2aea2c	verified		measured		unavailable	separate Rust execution cost; not aggregated with the direct C kernel	162895	8562	PreparedBatchRunner::compute_into; preparation and caller output allocation excluded	catalogue_fixture_v1:f64le	fnv1a64:73fedfe0ae0a803f	0.6.4	43f9d5042ecc4bd367941846494ad907bf20ea50	3.12.13	0.6.4	0.6.4	2.2.3	rustc 1.93.0 (254b59607 2026-01-19)	Apple M2	Darwin 25.5.0 Darwin Kernel Version 25.5.0: Tue Jun  9 22:27:52 PDT 2026; root:xnu-12377.121.10~1/RELEASE_ARM64_T8112	aarch64	64	ta-core=default(f64,std); ta-benchmarks=catalogue-matrix	b156ac1ec5c781af0a386c4deab4769a4c5479c1	true
fast-ta	Volume Indicators	OBV: On Balance Volume	OBV	Streaming Computation	none	256	float	1	2011.5863617803184	2010.3952633728052	2013.6108615761536	127262743.9039862	31	3	0	3	0	256	fnv1a64:34a87e118e2aea2c	verified		measured		unavailable	separate Rust execution cost; not aggregated with the direct C kernel	49426	2449	StreamingComputation::reset plus one next call per observation; stream and output allocation excluded	catalogue_fixture_v1:f64le	fnv1a64:73fedfe0ae0a803f	0.6.4	43f9d5042ecc4bd367941846494ad907bf20ea50	3.12.13	0.6.4	0.6.4	2.2.3	rustc 1.93.0 (254b59607 2026-01-19)	Apple M2	Darwin 25.5.0 Darwin Kernel Version 25.5.0: Tue Jun  9 22:27:52 PDT 2026; root:xnu-12377.121.10~1/RELEASE_ARM64_T8112	aarch64	64	ta-core=default(f64,std); ta-benchmarks=catalogue-matrix	b156ac1ec5c781af0a386c4deab4769a4c5479c1	true
TA-Lib C	Volume Indicators	OBV: On Balance Volume	OBV	direct C caller-owned	none	256	float	1	343.14534273286336	342.7578371081446	343.48590070496476	746039558.5181948	31	9	7	2	0	256	fnv1a64:34a87e118e2aea2c	verified		measured		comparable	primary caller-owned Rust/C kernel	303640	13334	direct TA_OBV call; caller output allocation excluded	catalogue_fixture_v1:f64le	fnv1a64:73fedfe0ae0a803f	0.6.4	43f9d5042ecc4bd367941846494ad907bf20ea50	3.12.13	0.6.4	0.6.4	2.2.3	rustc 1.93.0 (254b59607 2026-01-19)	Apple M2	Darwin 25.5.0 Darwin Kernel Version 25.5.0: Tue Jun  9 22:27:52 PDT 2026; root:xnu-12377.121.10~1/RELEASE_ARM64_T8112	aarch64	64	ta-core=default(f64,std); ta-benchmarks=catalogue-matrix	b156ac1ec5c781af0a386c4deab4769a4c5479c1	true
TA-Lib Python	Volume Indicators	OBV: On Balance Volume	OBV	official Python NumPy API	none	256	float	1	522.864947714	519.447366468	552.603658443	489610177.7700893	31	3	0	3	0	256	fnv1a64:34a87e118e2aea2c	verified		measured		unavailable	user-facing Python API cost; not aggregated with caller-owned kernels	109539	7486	direct talib.OBV NumPy API expression including API-owned output; fixture loading excluded	catalogue_fixture_v1:f64le	fnv1a64:73fedfe0ae0a803f	0.6.4	43f9d5042ecc4bd367941846494ad907bf20ea50	3.12.13	0.6.4	0.6.4	2.2.3	rustc 1.93.0 (254b59607 2026-01-19)	Apple M2	Darwin 25.5.0 Darwin Kernel Version 25.5.0: Tue Jun  9 22:27:52 PDT 2026; root:xnu-12377.121.10~1/RELEASE_ARM64_T8112	aarch64	64	ta-core=default(f64,std); ta-benchmarks=catalogue-matrix	b156ac1ec5c781af0a386c4deab4769a4c5479c1	true
fast-ta	Math Transform	SIN: Vector Trigonometric Sine	SIN	Owned Compact Output	none	256	float	1	3165.234240687679	1982.0916905444126	3717.018624641834	80878690.33805896	31	3	0	3	0	256	fnv1a64:4a7dd747524cff33	verified		measured		unavailable	separate Rust execution cost; not aggregated with the direct C kernel	34763	1396	IndicatorConfig::compute; API-owned Compact Output allocation included	catalogue_fixture_v1:f64le	fnv1a64:73fedfe0ae0a803f	0.6.4	43f9d5042ecc4bd367941846494ad907bf20ea50	3.12.13	0.6.4	0.6.4	2.2.3	rustc 1.93.0 (254b59607 2026-01-19)	Apple M2	Darwin 25.5.0 Darwin Kernel Version 25.5.0: Tue Jun  9 22:27:52 PDT 2026; root:xnu-12377.121.10~1/RELEASE_ARM64_T8112	aarch64	64	ta-core=default(f64,std); ta-benchmarks=catalogue-matrix	b156ac1ec5c781af0a386c4deab4769a4c5479c1	true
fast-ta	Math Transform	SIN: Vector Trigonometric Sine	SIN	caller-owned Batch Computation	none	256	float	1	1958.070678796361	1944.3953813855844	2028.4583624912527	130740939.42173982	31	5	0	5	0	256	fnv1a64:4a7dd747524cff33	verified		measured		comparable	primary caller-owned Rust/C kernel	28781	1429	IndicatorConfig::compute_into; caller output allocation excluded	catalogue_fixture_v1:f64le	fnv1a64:73fedfe0ae0a803f	0.6.4	43f9d5042ecc4bd367941846494ad907bf20ea50	3.12.13	0.6.4	0.6.4	2.2.3	rustc 1.93.0 (254b59607 2026-01-19)	Apple M2	Darwin 25.5.0 Darwin Kernel Version 25.5.0: Tue Jun  9 22:27:52 PDT 2026; root:xnu-12377.121.10~1/RELEASE_ARM64_T8112	aarch64	64	ta-core=default(f64,std); ta-benchmarks=catalogue-matrix	b156ac1ec5c781af0a386c4deab4769a4c5479c1	true
fast-ta	Math Transform	SIN: Vector Trigonometric Sine	SIN	Prepared Batch Runner	none	256	float	1	1922.6164	1903.3832	1931.5164	133151886.14847974	31	2	0	2	0	256	fnv1a64:4a7dd747524cff33	verified		measured		unavailable	separate Rust execution cost; not aggregated with the direct C kernel	50497	2500	PreparedBatchRunner::compute_into; preparation and caller output allocation excluded	catalogue_fixture_v1:f64le	fnv1a64:73fedfe0ae0a803f	0.6.4	43f9d5042ecc4bd367941846494ad907bf20ea50	3.12.13	0.6.4	0.6.4	2.2.3	rustc 1.93.0 (254b59607 2026-01-19)	Apple M2	Darwin 25.5.0 Darwin Kernel Version 25.5.0: Tue Jun  9 22:27:52 PDT 2026; root:xnu-12377.121.10~1/RELEASE_ARM64_T8112	aarch64	64	ta-core=default(f64,std); ta-benchmarks=catalogue-matrix	b156ac1ec5c781af0a386c4deab4769a4c5479c1	true
fast-ta	Math Transform	SIN: Vector Trigonometric Sine	SIN	Streaming Computation	none	256	float	1	1901.6738449490995	1882.7658574784653	1915.1170712607675	134618247.32981598	31	2	0	2	0	256	fnv1a64:4a7dd747524cff33	verified		measured		unavailable	separate Rust execution cost; not aggregated with the direct C kernel	51938	2554	StreamingComputation::reset plus one next call per observation; stream and output allocation excluded	catalogue_fixture_v1:f64le	fnv1a64:73fedfe0ae0a803f	0.6.4	43f9d5042ecc4bd367941846494ad907bf20ea50	3.12.13	0.6.4	0.6.4	2.2.3	rustc 1.93.0 (254b59607 2026-01-19)	Apple M2	Darwin 25.5.0 Darwin Kernel Version 25.5.0: Tue Jun  9 22:27:52 PDT 2026; root:xnu-12377.121.10~1/RELEASE_ARM64_T8112	aarch64	64	ta-core=default(f64,std); ta-benchmarks=catalogue-matrix	b156ac1ec5c781af0a386c4deab4769a4c5479c1	true
TA-Lib C	Math Transform	SIN: Vector Trigonometric Sine	SIN	direct C caller-owned	none	256	float	1	1525.2411439714008	1521.2869678258044	1533.1491712707182	167842312.02512076	31	4	0	4	0	256	fnv1a64:4a7dd747524cff33	verified		measured		comparable	primary caller-owned Rust/C kernel	63170	3077	direct TA_SIN call; caller output allocation excluded	catalogue_fixture_v1:f64le	fnv1a64:73fedfe0ae0a803f	0.6.4	43f9d5042ecc4bd367941846494ad907bf20ea50	3.12.13	0.6.4	0.6.4	2.2.3	rustc 1.93.0 (254b59607 2026-01-19)	Apple M2	Darwin 25.5.0 Darwin Kernel Version 25.5.0: Tue Jun  9 22:27:52 PDT 2026; root:xnu-12377.121.10~1/RELEASE_ARM64_T8112	aarch64	64	ta-core=default(f64,std); ta-benchmarks=catalogue-matrix	b156ac1ec5c781af0a386c4deab4769a4c5479c1	true
TA-Lib Python	Math Transform	SIN: Vector Trigonometric Sine	SIN	official Python NumPy API	none	256	float	1	1510.719107834	1506.613392619	1525.230021178	169455723.88174868	31	0	0	0	0	256	fnv1a64:4a7dd747524cff33	verified		measured		unavailable	user-facing Python API cost; not aggregated with caller-owned kernels	44898	2791	direct talib.SIN NumPy API expression including API-owned output; fixture loading excluded	catalogue_fixture_v1:f64le	fnv1a64:73fedfe0ae0a803f	0.6.4	43f9d5042ecc4bd367941846494ad907bf20ea50	3.12.13	0.6.4	0.6.4	2.2.3	rustc 1.93.0 (254b59607 2026-01-19)	Apple M2	Darwin 25.5.0 Darwin Kernel Version 25.5.0: Tue Jun  9 22:27:52 PDT 2026; root:xnu-12377.121.10~1/RELEASE_ARM64_T8112	aarch64	64	ta-core=default(f64,std); ta-benchmarks=catalogue-matrix	b156ac1ec5c781af0a386c4deab4769a4c5479c1	true
fast-ta	Math Operators	ADD: Vector Arithmetic Add	ADD	Owned Compact Output	none	256	float	1	444.25	443.8333	445.2375	576252110.2982554	31	5	3	2	0	256	fnv1a64:c5367dde45f21bf7	verified		measured		unavailable	separate Rust execution cost; not aggregated with the direct C kernel	219668	10000	IndicatorConfig::compute; API-owned Compact Output allocation included	catalogue_fixture_v1:f64le	fnv1a64:73fedfe0ae0a803f	0.6.4	43f9d5042ecc4bd367941846494ad907bf20ea50	3.12.13	0.6.4	0.6.4	2.2.3	rustc 1.93.0 (254b59607 2026-01-19)	Apple M2	Darwin 25.5.0 Darwin Kernel Version 25.5.0: Tue Jun  9 22:27:52 PDT 2026; root:xnu-12377.121.10~1/RELEASE_ARM64_T8112	aarch64	64	ta-core=default(f64,std); ta-benchmarks=catalogue-matrix	b156ac1ec5c781af0a386c4deab4769a4c5479c1	true
fast-ta	Math Operators	ADD: Vector Arithmetic Add	ADD	caller-owned Batch Computation	none	256	float	1	398.21532816278875	394.03160703861226	402.4754399132683	642868272.2513089	31	6	5	1	0	256	fnv1a64:c5367dde45f21bf7	verified		measured		comparable	primary caller-owned Rust/C kernel	253592	11991	IndicatorConfig::compute_into; caller output allocation excluded	catalogue_fixture_v1:f64le	fnv1a64:73fedfe0ae0a803f	0.6.4	43f9d5042ecc4bd367941846494ad907bf20ea50	3.12.13	0.6.4	0.6.4	2.2.3	rustc 1.93.0 (254b59607 2026-01-19)	Apple M2	Darwin 25.5.0 Darwin Kernel Version 25.5.0: Tue Jun  9 22:27:52 PDT 2026; root:xnu-12377.121.10~1/RELEASE_ARM64_T8112	aarch64	64	ta-core=default(f64,std); ta-benchmarks=catalogue-matrix	b156ac1ec5c781af0a386c4deab4769a4c5479c1	true
fast-ta	Math Operators	ADD: Vector Arithmetic Add	ADD	Prepared Batch Runner	none	256	float	1	388.3860828094515	365.8546499024496	388.53056579232606	659137933.4403126	31	0	0	0	0	256	fnv1a64:c5367dde45f21bf7	verified		measured		unavailable	separate Rust execution cost; not aggregated with the direct C kernel	243930	9226	PreparedBatchRunner::compute_into; preparation and caller output allocation excluded	catalogue_fixture_v1:f64le	fnv1a64:73fedfe0ae0a803f	0.6.4	43f9d5042ecc4bd367941846494ad907bf20ea50	3.12.13	0.6.4	0.6.4	2.2.3	rustc 1.93.0 (254b59607 2026-01-19)	Apple M2	Darwin 25.5.0 Darwin Kernel Version 25.5.0: Tue Jun  9 22:27:52 PDT 2026; root:xnu-12377.121.10~1/RELEASE_ARM64_T8112	aarch64	64	ta-core=default(f64,std); ta-benchmarks=catalogue-matrix	b156ac1ec5c781af0a386c4deab4769a4c5479c1	true
fast-ta	Math Operators	ADD: Vector Arithmetic Add	ADD	Streaming Computation	none	256	float	1	446.7252616118964	446.43455112906184	447.44813658894805	573059152.9037064	31	7	7	0	0	256	fnv1a64:c5367dde45f21bf7	verified		measured		unavailable	separate Rust execution cost; not aggregated with the direct C kernel	225244	10894	StreamingComputation::reset plus one next call per observation; stream and output allocation excluded	catalogue_fixture_v1:f64le	fnv1a64:73fedfe0ae0a803f	0.6.4	43f9d5042ecc4bd367941846494ad907bf20ea50	3.12.13	0.6.4	0.6.4	2.2.3	rustc 1.93.0 (254b59607 2026-01-19)	Apple M2	Darwin 25.5.0 Darwin Kernel Version 25.5.0: Tue Jun  9 22:27:52 PDT 2026; root:xnu-12377.121.10~1/RELEASE_ARM64_T8112	aarch64	64	ta-core=default(f64,std); ta-benchmarks=catalogue-matrix	b156ac1ec5c781af0a386c4deab4769a4c5479c1	true
TA-Lib C	Math Operators	ADD: Vector Arithmetic Add	ADD	direct C caller-owned	none	256	float	1	154.11065741118824	109.75581870151082	154.31441404654962	1661144039.6166575	31	1	0	1	0	256	fnv1a64:c5367dde45f21bf7	verified		measured		comparable	primary caller-owned Rust/C kernel	795535	2449	direct TA_ADD call; caller output allocation excluded	catalogue_fixture_v1:f64le	fnv1a64:73fedfe0ae0a803f	0.6.4	43f9d5042ecc4bd367941846494ad907bf20ea50	3.12.13	0.6.4	0.6.4	2.2.3	rustc 1.93.0 (254b59607 2026-01-19)	Apple M2	Darwin 25.5.0 Darwin Kernel Version 25.5.0: Tue Jun  9 22:27:52 PDT 2026; root:xnu-12377.121.10~1/RELEASE_ARM64_T8112	aarch64	64	ta-core=default(f64,std); ta-benchmarks=catalogue-matrix	b156ac1ec5c781af0a386c4deab4769a4c5479c1	true
TA-Lib Python	Math Operators	ADD: Vector Arithmetic Add	ADD	official Python NumPy API	none	256	float	1	334.546077262	328.228757251	447.457090139	765215966.9459027	31	5	0	5	0	256	fnv1a64:c5367dde45f21bf7	verified		measured		unavailable	user-facing Python API cost; not aggregated with caller-owned kernels	77702	11991	direct talib.ADD NumPy API expression including API-owned output; fixture loading excluded	catalogue_fixture_v1:f64le	fnv1a64:73fedfe0ae0a803f	0.6.4	43f9d5042ecc4bd367941846494ad907bf20ea50	3.12.13	0.6.4	0.6.4	2.2.3	rustc 1.93.0 (254b59607 2026-01-19)	Apple M2	Darwin 25.5.0 Darwin Kernel Version 25.5.0: Tue Jun  9 22:27:52 PDT 2026; root:xnu-12377.121.10~1/RELEASE_ARM64_T8112	aarch64	64	ta-core=default(f64,std); ta-benchmarks=catalogue-matrix	b156ac1ec5c781af0a386c4deab4769a4c5479c1	true
fast-ta	Overlap Studies	SMA: Simple Moving Average	SMA	Owned Compact Output	timeperiod=14	4096	float	1	11442.611111111111	11423.224537037036	11469.328703703704	357960255.7691281	31	0	0	0	13	4083	fnv1a64:85a9e76a8f8e5d5a	verified		measured		unavailable	separate Rust execution cost; not aggregated with the direct C kernel	8551	432	IndicatorConfig::compute; API-owned Compact Output allocation included	catalogue_fixture_v1:f64le	fnv1a64:06be03be64d63c6c	0.6.4	43f9d5042ecc4bd367941846494ad907bf20ea50	3.12.13	0.6.4	0.6.4	2.2.3	rustc 1.93.0 (254b59607 2026-01-19)	Apple M2	Darwin 25.5.0 Darwin Kernel Version 25.5.0: Tue Jun  9 22:27:52 PDT 2026; root:xnu-12377.121.10~1/RELEASE_ARM64_T8112	aarch64	64	ta-core=default(f64,std); ta-benchmarks=catalogue-matrix	b156ac1ec5c781af0a386c4deab4769a4c5479c1	true
fast-ta	Overlap Studies	SMA: Simple Moving Average	SMA	caller-owned Batch Computation	timeperiod=14	4096	float	1	9367.66304347826	9349.002173913044	9392.66304347826	437248861.4277841	31	5	0	5	13	4083	fnv1a64:85a9e76a8f8e5d5a	verified		measured		comparable	primary caller-owned Rust/C kernel	9236	460	IndicatorConfig::compute_into; caller output allocation excluded	catalogue_fixture_v1:f64le	fnv1a64:06be03be64d63c6c	0.6.4	43f9d5042ecc4bd367941846494ad907bf20ea50	3.12.13	0.6.4	0.6.4	2.2.3	rustc 1.93.0 (254b59607 2026-01-19)	Apple M2	Darwin 25.5.0 Darwin Kernel Version 25.5.0: Tue Jun  9 22:27:52 PDT 2026; root:xnu-12377.121.10~1/RELEASE_ARM64_T8112	aarch64	64	ta-core=default(f64,std); ta-benchmarks=catalogue-matrix	b156ac1ec5c781af0a386c4deab4769a4c5479c1	true
fast-ta	Overlap Studies	SMA: Simple Moving Average	SMA	Prepared Batch Runner	timeperiod=14	4096	float	1	8582.778333333334	8578.125	8584.653333333334	477234741.5862035	31	1	0	1	13	4083	fnv1a64:85a9e76a8f8e5d5a	verified		measured		unavailable	separate Rust execution cost; not aggregated with the direct C kernel	11380	600	PreparedBatchRunner::compute_into; preparation and caller output allocation excluded	catalogue_fixture_v1:f64le	fnv1a64:06be03be64d63c6c	0.6.4	43f9d5042ecc4bd367941846494ad907bf20ea50	3.12.13	0.6.4	0.6.4	2.2.3	rustc 1.93.0 (254b59607 2026-01-19)	Apple M2	Darwin 25.5.0 Darwin Kernel Version 25.5.0: Tue Jun  9 22:27:52 PDT 2026; root:xnu-12377.121.10~1/RELEASE_ARM64_T8112	aarch64	64	ta-core=default(f64,std); ta-benchmarks=catalogue-matrix	b156ac1ec5c781af0a386c4deab4769a4c5479c1	true
fast-ta	Overlap Studies	SMA: Simple Moving Average	SMA	Streaming Computation	timeperiod=14	4096	float	1	28466.18857142857	28453.097142857143	28578.571428571428	143890004.442363	31	0	0	0	13	4083	fnv1a64:85a9e76a8f8e5d5a	verified		measured		unavailable	separate Rust execution cost; not aggregated with the direct C kernel	3428	175	StreamingComputation::reset plus one next call per observation; stream and output allocation excluded	catalogue_fixture_v1:f64le	fnv1a64:06be03be64d63c6c	0.6.4	43f9d5042ecc4bd367941846494ad907bf20ea50	3.12.13	0.6.4	0.6.4	2.2.3	rustc 1.93.0 (254b59607 2026-01-19)	Apple M2	Darwin 25.5.0 Darwin Kernel Version 25.5.0: Tue Jun  9 22:27:52 PDT 2026; root:xnu-12377.121.10~1/RELEASE_ARM64_T8112	aarch64	64	ta-core=default(f64,std); ta-benchmarks=catalogue-matrix	b156ac1ec5c781af0a386c4deab4769a4c5479c1	true
TA-Lib C	Overlap Studies	SMA: Simple Moving Average	SMA	direct C caller-owned	timeperiod=14	4096	float	1	9648.084942084943	9646.15637065637	9651.623552123552	424540209.2319119	31	4	0	4	13	4083	fnv1a64:9577750b1dc4758a	verified		measured		comparable	primary caller-owned Rust/C kernel	9865	518	direct TA_SMA call; caller output allocation excluded	catalogue_fixture_v1:f64le	fnv1a64:06be03be64d63c6c	0.6.4	43f9d5042ecc4bd367941846494ad907bf20ea50	3.12.13	0.6.4	0.6.4	2.2.3	rustc 1.93.0 (254b59607 2026-01-19)	Apple M2	Darwin 25.5.0 Darwin Kernel Version 25.5.0: Tue Jun  9 22:27:52 PDT 2026; root:xnu-12377.121.10~1/RELEASE_ARM64_T8112	aarch64	64	ta-core=default(f64,std); ta-benchmarks=catalogue-matrix	b156ac1ec5c781af0a386c4deab4769a4c5479c1	true
TA-Lib Python	Overlap Studies	SMA: Simple Moving Average	SMA	official Python NumPy API	timeperiod=14	4096	float	1	9797.632214697	9796.222732967	9802.103326813	418060191.5078798	31	4	0	4	13	4083	fnv1a64:9577750b1dc4758a	verified		measured		unavailable	user-facing Python API cost; not aggregated with caller-owned kernels	9796	503	direct talib.SMA NumPy API expression including API-owned output; fixture loading excluded	catalogue_fixture_v1:f64le	fnv1a64:06be03be64d63c6c	0.6.4	43f9d5042ecc4bd367941846494ad907bf20ea50	3.12.13	0.6.4	0.6.4	2.2.3	rustc 1.93.0 (254b59607 2026-01-19)	Apple M2	Darwin 25.5.0 Darwin Kernel Version 25.5.0: Tue Jun  9 22:27:52 PDT 2026; root:xnu-12377.121.10~1/RELEASE_ARM64_T8112	aarch64	64	ta-core=default(f64,std); ta-benchmarks=catalogue-matrix	b156ac1ec5c781af0a386c4deab4769a4c5479c1	true
fast-ta	Overlap Studies	BBANDS: Bollinger Bands	BBANDS	Owned Compact Output	timeperiod=20;nbdevup=2;nbdevdn=2;matype=SMA	4096	float	3	22720.39819004525	22705.882352941175	22774.321266968327	180278530.58467206	31	0	0	0	19	4077	fnv1a64:d9bc0e193c594d44	verified		measured		unavailable	separate Rust execution cost; not aggregated with the direct C kernel	4382	221	IndicatorConfig::compute; API-owned Compact Output allocation included	catalogue_fixture_v1:f64le	fnv1a64:06be03be64d63c6c	0.6.4	43f9d5042ecc4bd367941846494ad907bf20ea50	3.12.13	0.6.4	0.6.4	2.2.3	rustc 1.93.0 (254b59607 2026-01-19)	Apple M2	Darwin 25.5.0 Darwin Kernel Version 25.5.0: Tue Jun  9 22:27:52 PDT 2026; root:xnu-12377.121.10~1/RELEASE_ARM64_T8112	aarch64	64	ta-core=default(f64,std); ta-benchmarks=catalogue-matrix	b156ac1ec5c781af0a386c4deab4769a4c5479c1	true
fast-ta	Overlap Studies	BBANDS: Bollinger Bands	BBANDS	caller-owned Batch Computation	timeperiod=20;nbdevup=2;nbdevdn=2;matype=SMA	4096	float	3	21179.377118644068	21150.59745762712	21194.02966101695	193395678.1190849	31	1	0	1	19	4077	fnv1a64:d9bc0e193c594d44	verified		measured		comparable	primary caller-owned Rust/C kernel	4740	236	IndicatorConfig::compute_into; caller output allocation excluded	catalogue_fixture_v1:f64le	fnv1a64:06be03be64d63c6c	0.6.4	43f9d5042ecc4bd367941846494ad907bf20ea50	3.12.13	0.6.4	0.6.4	2.2.3	rustc 1.93.0 (254b59607 2026-01-19)	Apple M2	Darwin 25.5.0 Darwin Kernel Version 25.5.0: Tue Jun  9 22:27:52 PDT 2026; root:xnu-12377.121.10~1/RELEASE_ARM64_T8112	aarch64	64	ta-core=default(f64,std); ta-benchmarks=catalogue-matrix	b156ac1ec5c781af0a386c4deab4769a4c5479c1	true
fast-ta	Overlap Studies	BBANDS: Bollinger Bands	BBANDS	Prepared Batch Runner	timeperiod=20;nbdevup=2;nbdevdn=2;matype=SMA	4096	float	3	21215.991452991453	21180.555555555555	21231.303418803418	193061917.89695805	31	0	0	0	19	4077	fnv1a64:d9bc0e193c594d44	verified		measured		unavailable	separate Rust execution cost; not aggregated with the direct C kernel	4688	234	PreparedBatchRunner::compute_into; preparation and caller output allocation excluded	catalogue_fixture_v1:f64le	fnv1a64:06be03be64d63c6c	0.6.4	43f9d5042ecc4bd367941846494ad907bf20ea50	3.12.13	0.6.4	0.6.4	2.2.3	rustc 1.93.0 (254b59607 2026-01-19)	Apple M2	Darwin 25.5.0 Darwin Kernel Version 25.5.0: Tue Jun  9 22:27:52 PDT 2026; root:xnu-12377.121.10~1/RELEASE_ARM64_T8112	aarch64	64	ta-core=default(f64,std); ta-benchmarks=catalogue-matrix	b156ac1ec5c781af0a386c4deab4769a4c5479c1	true
fast-ta	Overlap Studies	BBANDS: Bollinger Bands	BBANDS	Streaming Computation	timeperiod=20;nbdevup=2;nbdevdn=2;matype=SMA	4096	float	3	42130.29661016949	41869.70338983051	42271.542372881355	97222197.07827312	31	0	0	0	19	4077	fnv1a64:d9bc0e193c594d44	verified		measured		unavailable	separate Rust execution cost; not aggregated with the direct C kernel	2535	118	StreamingComputation::reset plus one next call per observation; stream and output allocation excluded	catalogue_fixture_v1:f64le	fnv1a64:06be03be64d63c6c	0.6.4	43f9d5042ecc4bd367941846494ad907bf20ea50	3.12.13	0.6.4	0.6.4	2.2.3	rustc 1.93.0 (254b59607 2026-01-19)	Apple M2	Darwin 25.5.0 Darwin Kernel Version 25.5.0: Tue Jun  9 22:27:52 PDT 2026; root:xnu-12377.121.10~1/RELEASE_ARM64_T8112	aarch64	64	ta-core=default(f64,std); ta-benchmarks=catalogue-matrix	b156ac1ec5c781af0a386c4deab4769a4c5479c1	true
TA-Lib C	Overlap Studies	BBANDS: Bollinger Bands	BBANDS	direct C caller-owned	timeperiod=20;nbdevup=2;nbdevdn=2;matype=SMA	4096	float	3	21692.806603773584	21586.867924528302	23015.721698113208	188818352.31442472	31	0	0	0	19	4077	fnv1a64:bc9fd89b1f41e7d7	verified		measured		comparable	primary caller-owned Rust/C kernel	4325	212	direct TA_BBANDS call; caller output allocation excluded	catalogue_fixture_v1:f64le	fnv1a64:06be03be64d63c6c	0.6.4	43f9d5042ecc4bd367941846494ad907bf20ea50	3.12.13	0.6.4	0.6.4	2.2.3	rustc 1.93.0 (254b59607 2026-01-19)	Apple M2	Darwin 25.5.0 Darwin Kernel Version 25.5.0: Tue Jun  9 22:27:52 PDT 2026; root:xnu-12377.121.10~1/RELEASE_ARM64_T8112	aarch64	64	ta-core=default(f64,std); ta-benchmarks=catalogue-matrix	b156ac1ec5c781af0a386c4deab4769a4c5479c1	true
TA-Lib Python	Overlap Studies	BBANDS: Bollinger Bands	BBANDS	official Python NumPy API	timeperiod=20;nbdevup=2;nbdevdn=2;matype=SMA	4096	float	3	29778.443304766	29017.712396687	31606.035940014	137549164.61145034	31	3	0	3	19	4077	fnv1a64:bc9fd89b1f41e7d7	verified		measured		unavailable	user-facing Python API cost; not aggregated with caller-owned kernels	3311	167	direct talib.BBANDS NumPy API expression including API-owned output; fixture loading excluded	catalogue_fixture_v1:f64le	fnv1a64:06be03be64d63c6c	0.6.4	43f9d5042ecc4bd367941846494ad907bf20ea50	3.12.13	0.6.4	0.6.4	2.2.3	rustc 1.93.0 (254b59607 2026-01-19)	Apple M2	Darwin 25.5.0 Darwin Kernel Version 25.5.0: Tue Jun  9 22:27:52 PDT 2026; root:xnu-12377.121.10~1/RELEASE_ARM64_T8112	aarch64	64	ta-core=default(f64,std); ta-benchmarks=catalogue-matrix	b156ac1ec5c781af0a386c4deab4769a4c5479c1	true
fast-ta	Momentum Indicators	RSI: Relative Strength Index	RSI	Owned Compact Output	timeperiod=14	4096	float	1	45398.64864864865	45362.61261261261	45617.495495495496	90222949.84372675	31	10	4	6	14	4082	fnv1a64:6ed644285034132b	verified		measured		unavailable	separate Rust execution cost; not aggregated with the direct C kernel	2155	111	IndicatorConfig::compute; API-owned Compact Output allocation included	catalogue_fixture_v1:f64le	fnv1a64:06be03be64d63c6c	0.6.4	43f9d5042ecc4bd367941846494ad907bf20ea50	3.12.13	0.6.4	0.6.4	2.2.3	rustc 1.93.0 (254b59607 2026-01-19)	Apple M2	Darwin 25.5.0 Darwin Kernel Version 25.5.0: Tue Jun  9 22:27:52 PDT 2026; root:xnu-12377.121.10~1/RELEASE_ARM64_T8112	aarch64	64	ta-core=default(f64,std); ta-benchmarks=catalogue-matrix	b156ac1ec5c781af0a386c4deab4769a4c5479c1	true
fast-ta	Momentum Indicators	RSI: Relative Strength Index	RSI	caller-owned Batch Computation	timeperiod=14	4096	float	1	44740.705357142855	44682.294642857145	44863.09821428572	91549741.27706893	31	2	1	1	14	4082	fnv1a64:6ed644285034132b	verified		measured		comparable	primary caller-owned Rust/C kernel	2228	112	IndicatorConfig::compute_into; caller output allocation excluded	catalogue_fixture_v1:f64le	fnv1a64:06be03be64d63c6c	0.6.4	43f9d5042ecc4bd367941846494ad907bf20ea50	3.12.13	0.6.4	0.6.4	2.2.3	rustc 1.93.0 (254b59607 2026-01-19)	Apple M2	Darwin 25.5.0 Darwin Kernel Version 25.5.0: Tue Jun  9 22:27:52 PDT 2026; root:xnu-12377.121.10~1/RELEASE_ARM64_T8112	aarch64	64	ta-core=default(f64,std); ta-benchmarks=catalogue-matrix	b156ac1ec5c781af0a386c4deab4769a4c5479c1	true
fast-ta	Momentum Indicators	RSI: Relative Strength Index	RSI	Prepared Batch Runner	timeperiod=14	4096	float	1	34836.88372093023	34589.1472868217	38691.86046511628	117576532.75798306	31	0	0	0	14	4082	fnv1a64:6ed644285034132b	verified		measured		unavailable	separate Rust execution cost; not aggregated with the direct C kernel	2574	129	PreparedBatchRunner::compute_into; preparation and caller output allocation excluded	catalogue_fixture_v1:f64le	fnv1a64:06be03be64d63c6c	0.6.4	43f9d5042ecc4bd367941846494ad907bf20ea50	3.12.13	0.6.4	0.6.4	2.2.3	rustc 1.93.0 (254b59607 2026-01-19)	Apple M2	Darwin 25.5.0 Darwin Kernel Version 25.5.0: Tue Jun  9 22:27:52 PDT 2026; root:xnu-12377.121.10~1/RELEASE_ARM64_T8112	aarch64	64	ta-core=default(f64,std); ta-benchmarks=catalogue-matrix	b156ac1ec5c781af0a386c4deab4769a4c5479c1	true
fast-ta	Momentum Indicators	RSI: Relative Strength Index	RSI	Streaming Computation	timeperiod=14	4096	float	1	53957.86666666667	51292.58888888889	55618.055555555555	75911081.23869488	31	0	0	0	14	4082	fnv1a64:6ed644285034132b	verified		measured		unavailable	separate Rust execution cost; not aggregated with the direct C kernel	1787	90	StreamingComputation::reset plus one next call per observation; stream and output allocation excluded	catalogue_fixture_v1:f64le	fnv1a64:06be03be64d63c6c	0.6.4	43f9d5042ecc4bd367941846494ad907bf20ea50	3.12.13	0.6.4	0.6.4	2.2.3	rustc 1.93.0 (254b59607 2026-01-19)	Apple M2	Darwin 25.5.0 Darwin Kernel Version 25.5.0: Tue Jun  9 22:27:52 PDT 2026; root:xnu-12377.121.10~1/RELEASE_ARM64_T8112	aarch64	64	ta-core=default(f64,std); ta-benchmarks=catalogue-matrix	b156ac1ec5c781af0a386c4deab4769a4c5479c1	true
TA-Lib C	Momentum Indicators	RSI: Relative Strength Index	RSI	direct C caller-owned	timeperiod=14	4096	float	1	32469.89677419355	32425	32554.29677419355	126147613.84937394	31	0	0	0	14	4082	fnv1a64:6ed644285034132b	verified		measured		comparable	primary caller-owned Rust/C kernel	3076	155	direct TA_RSI call; caller output allocation excluded	catalogue_fixture_v1:f64le	fnv1a64:06be03be64d63c6c	0.6.4	43f9d5042ecc4bd367941846494ad907bf20ea50	3.12.13	0.6.4	0.6.4	2.2.3	rustc 1.93.0 (254b59607 2026-01-19)	Apple M2	Darwin 25.5.0 Darwin Kernel Version 25.5.0: Tue Jun  9 22:27:52 PDT 2026; root:xnu-12377.121.10~1/RELEASE_ARM64_T8112	aarch64	64	ta-core=default(f64,std); ta-benchmarks=catalogue-matrix	b156ac1ec5c781af0a386c4deab4769a4c5479c1	true
TA-Lib Python	Momentum Indicators	RSI: Relative Strength Index	RSI	official Python NumPy API	timeperiod=14	4096	float	1	30492.073884862	30462.932558673	30526.582814433	134329990.65483335	31	3	0	3	14	4082	fnv1a64:6ed644285034132b	verified		measured		unavailable	user-facing Python API cost; not aggregated with caller-owned kernels	3035	163	direct talib.RSI NumPy API expression including API-owned output; fixture loading excluded	catalogue_fixture_v1:f64le	fnv1a64:06be03be64d63c6c	0.6.4	43f9d5042ecc4bd367941846494ad907bf20ea50	3.12.13	0.6.4	0.6.4	2.2.3	rustc 1.93.0 (254b59607 2026-01-19)	Apple M2	Darwin 25.5.0 Darwin Kernel Version 25.5.0: Tue Jun  9 22:27:52 PDT 2026; root:xnu-12377.121.10~1/RELEASE_ARM64_T8112	aarch64	64	ta-core=default(f64,std); ta-benchmarks=catalogue-matrix	b156ac1ec5c781af0a386c4deab4769a4c5479c1	true
fast-ta	Momentum Indicators	MACD: Moving Average Convergence/Divergence	MACD	Owned Compact Output	fastperiod=12;slowperiod=26;signalperiod=9	4096	float	3	49452.617647058825	49420.3431372549	49712.009803921566	82826758.11486812	31	0	0	0	33	4063	fnv1a64:c59701467711d106	verified		measured		unavailable	separate Rust execution cost; not aggregated with the direct C kernel	2132	102	IndicatorConfig::compute; API-owned Compact Output allocation included	catalogue_fixture_v1:f64le	fnv1a64:06be03be64d63c6c	0.6.4	43f9d5042ecc4bd367941846494ad907bf20ea50	3.12.13	0.6.4	0.6.4	2.2.3	rustc 1.93.0 (254b59607 2026-01-19)	Apple M2	Darwin 25.5.0 Darwin Kernel Version 25.5.0: Tue Jun  9 22:27:52 PDT 2026; root:xnu-12377.121.10~1/RELEASE_ARM64_T8112	aarch64	64	ta-core=default(f64,std); ta-benchmarks=catalogue-matrix	b156ac1ec5c781af0a386c4deab4769a4c5479c1	true
fast-ta	Momentum Indicators	MACD: Moving Average Convergence/Divergence	MACD	caller-owned Batch Computation	fastperiod=12;slowperiod=26;signalperiod=9	4096	float	3	47089.622641509435	47025.943396226416	50996.46226415094	86983071.22107583	31	0	0	0	33	4063	fnv1a64:c59701467711d106	verified		measured		comparable	primary caller-owned Rust/C kernel	2114	106	IndicatorConfig::compute_into; caller output allocation excluded	catalogue_fixture_v1:f64le	fnv1a64:06be03be64d63c6c	0.6.4	43f9d5042ecc4bd367941846494ad907bf20ea50	3.12.13	0.6.4	0.6.4	2.2.3	rustc 1.93.0 (254b59607 2026-01-19)	Apple M2	Darwin 25.5.0 Darwin Kernel Version 25.5.0: Tue Jun  9 22:27:52 PDT 2026; root:xnu-12377.121.10~1/RELEASE_ARM64_T8112	aarch64	64	ta-core=default(f64,std); ta-benchmarks=catalogue-matrix	b156ac1ec5c781af0a386c4deab4769a4c5479c1	true
fast-ta	Momentum Indicators	MACD: Moving Average Convergence/Divergence	MACD	Prepared Batch Runner	fastperiod=12;slowperiod=26;signalperiod=9	4096	float	3	51255.47474747475	51228.53535353536	51274.82828282828	79913414.52167119	31	5	1	4	33	4063	fnv1a64:c59701467711d106	verified		measured		unavailable	separate Rust execution cost; not aggregated with the direct C kernel	1945	99	PreparedBatchRunner::compute_into; preparation and caller output allocation excluded	catalogue_fixture_v1:f64le	fnv1a64:06be03be64d63c6c	0.6.4	43f9d5042ecc4bd367941846494ad907bf20ea50	3.12.13	0.6.4	0.6.4	2.2.3	rustc 1.93.0 (254b59607 2026-01-19)	Apple M2	Darwin 25.5.0 Darwin Kernel Version 25.5.0: Tue Jun  9 22:27:52 PDT 2026; root:xnu-12377.121.10~1/RELEASE_ARM64_T8112	aarch64	64	ta-core=default(f64,std); ta-benchmarks=catalogue-matrix	b156ac1ec5c781af0a386c4deab4769a4c5479c1	true
fast-ta	Momentum Indicators	MACD: Moving Average Convergence/Divergence	MACD	Streaming Computation	fastperiod=12;slowperiod=26;signalperiod=9	4096	float	3	60757.530120481926	60698.301204819276	60897.096385542165	67415511.98473093	31	0	0	0	33	4063	fnv1a64:c59701467711d106	verified		measured		unavailable	separate Rust execution cost; not aggregated with the direct C kernel	1641	83	StreamingComputation::reset plus one next call per observation; stream and output allocation excluded	catalogue_fixture_v1:f64le	fnv1a64:06be03be64d63c6c	0.6.4	43f9d5042ecc4bd367941846494ad907bf20ea50	3.12.13	0.6.4	0.6.4	2.2.3	rustc 1.93.0 (254b59607 2026-01-19)	Apple M2	Darwin 25.5.0 Darwin Kernel Version 25.5.0: Tue Jun  9 22:27:52 PDT 2026; root:xnu-12377.121.10~1/RELEASE_ARM64_T8112	aarch64	64	ta-core=default(f64,std); ta-benchmarks=catalogue-matrix	b156ac1ec5c781af0a386c4deab4769a4c5479c1	true
TA-Lib C	Momentum Indicators	MACD: Moving Average Convergence/Divergence	MACD	direct C caller-owned	fastperiod=12;slowperiod=26;signalperiod=9	4096	float	3	39009.364341085275	38963.17829457364	39151.16279069767	105000429.23503956	31	1	0	1	33	4063	fnv1a64:1a2ab1fe5c86c3b9	verified		measured		comparable	primary caller-owned Rust/C kernel	2513	129	direct TA_MACD call; caller output allocation excluded	catalogue_fixture_v1:f64le	fnv1a64:06be03be64d63c6c	0.6.4	43f9d5042ecc4bd367941846494ad907bf20ea50	3.12.13	0.6.4	0.6.4	2.2.3	rustc 1.93.0 (254b59607 2026-01-19)	Apple M2	Darwin 25.5.0 Darwin Kernel Version 25.5.0: Tue Jun  9 22:27:52 PDT 2026; root:xnu-12377.121.10~1/RELEASE_ARM64_T8112	aarch64	64	ta-core=default(f64,std); ta-benchmarks=catalogue-matrix	b156ac1ec5c781af0a386c4deab4769a4c5479c1	true
TA-Lib Python	Momentum Indicators	MACD: Moving Average Convergence/Divergence	MACD	official Python NumPy API	fastperiod=12;slowperiod=26;signalperiod=9	4096	float	3	39622.357155802	39582.666460543	39814.158789961	103375979.97751158	31	4	0	4	33	4063	fnv1a64:1a2ab1fe5c86c3b9	verified		measured		unavailable	user-facing Python API cost; not aggregated with caller-owned kernels	2489	126	direct talib.MACD NumPy API expression including API-owned output; fixture loading excluded	catalogue_fixture_v1:f64le	fnv1a64:06be03be64d63c6c	0.6.4	43f9d5042ecc4bd367941846494ad907bf20ea50	3.12.13	0.6.4	0.6.4	2.2.3	rustc 1.93.0 (254b59607 2026-01-19)	Apple M2	Darwin 25.5.0 Darwin Kernel Version 25.5.0: Tue Jun  9 22:27:52 PDT 2026; root:xnu-12377.121.10~1/RELEASE_ARM64_T8112	aarch64	64	ta-core=default(f64,std); ta-benchmarks=catalogue-matrix	b156ac1ec5c781af0a386c4deab4769a4c5479c1	true
fast-ta	Volatility Indicators	ATR: Average True Range	ATR	Owned Compact Output	timeperiod=14	4096	float	1	44911.49635036496	41518.54744525548	51384.7299270073	91201592.75135608	31	4	0	4	14	4082	fnv1a64:2f3c03f7c4fd984a	verified		measured		unavailable	separate Rust execution cost; not aggregated with the direct C kernel	2732	137	IndicatorConfig::compute; API-owned Compact Output allocation included	catalogue_fixture_v1:f64le	fnv1a64:06be03be64d63c6c	0.6.4	43f9d5042ecc4bd367941846494ad907bf20ea50	3.12.13	0.6.4	0.6.4	2.2.3	rustc 1.93.0 (254b59607 2026-01-19)	Apple M2	Darwin 25.5.0 Darwin Kernel Version 25.5.0: Tue Jun  9 22:27:52 PDT 2026; root:xnu-12377.121.10~1/RELEASE_ARM64_T8112	aarch64	64	ta-core=default(f64,std); ta-benchmarks=catalogue-matrix	b156ac1ec5c781af0a386c4deab4769a4c5479c1	true
fast-ta	Volatility Indicators	ATR: Average True Range	ATR	caller-owned Batch Computation	timeperiod=14	4096	float	1	50573.496062992126	47332.015748031496	50826.77165354331	80991039.15810373	31	5	0	5	14	4082	fnv1a64:2f3c03f7c4fd984a	verified		measured		comparable	primary caller-owned Rust/C kernel	1542	127	IndicatorConfig::compute_into; caller output allocation excluded	catalogue_fixture_v1:f64le	fnv1a64:06be03be64d63c6c	0.6.4	43f9d5042ecc4bd367941846494ad907bf20ea50	3.12.13	0.6.4	0.6.4	2.2.3	rustc 1.93.0 (254b59607 2026-01-19)	Apple M2	Darwin 25.5.0 Darwin Kernel Version 25.5.0: Tue Jun  9 22:27:52 PDT 2026; root:xnu-12377.121.10~1/RELEASE_ARM64_T8112	aarch64	64	ta-core=default(f64,std); ta-benchmarks=catalogue-matrix	b156ac1ec5c781af0a386c4deab4769a4c5479c1	true
fast-ta	Volatility Indicators	ATR: Average True Range	ATR	Prepared Batch Runner	timeperiod=14	4096	float	1	50751.69105691057	50729.67479674797	50793.69918699187	80706670.35324867	31	11	4	7	14	4082	fnv1a64:2f3c03f7c4fd984a	verified		measured		unavailable	separate Rust execution cost; not aggregated with the direct C kernel	2079	123	PreparedBatchRunner::compute_into; preparation and caller output allocation excluded	catalogue_fixture_v1:f64le	fnv1a64:06be03be64d63c6c	0.6.4	43f9d5042ecc4bd367941846494ad907bf20ea50	3.12.13	0.6.4	0.6.4	2.2.3	rustc 1.93.0 (254b59607 2026-01-19)	Apple M2	Darwin 25.5.0 Darwin Kernel Version 25.5.0: Tue Jun  9 22:27:52 PDT 2026; root:xnu-12377.121.10~1/RELEASE_ARM64_T8112	aarch64	64	ta-core=default(f64,std); ta-benchmarks=catalogue-matrix	b156ac1ec5c781af0a386c4deab4769a4c5479c1	true
fast-ta	Volatility Indicators	ATR: Average True Range	ATR	Streaming Computation	timeperiod=14	4096	float	1	58415.22093023256	58351.25581395349	58628.87209302326	70118711.09572628	31	4	1	3	14	4082	fnv1a64:2f3c03f7c4fd984a	verified		measured		unavailable	separate Rust execution cost; not aggregated with the direct C kernel	1704	86	StreamingComputation::reset plus one next call per observation; stream and output allocation excluded	catalogue_fixture_v1:f64le	fnv1a64:06be03be64d63c6c	0.6.4	43f9d5042ecc4bd367941846494ad907bf20ea50	3.12.13	0.6.4	0.6.4	2.2.3	rustc 1.93.0 (254b59607 2026-01-19)	Apple M2	Darwin 25.5.0 Darwin Kernel Version 25.5.0: Tue Jun  9 22:27:52 PDT 2026; root:xnu-12377.121.10~1/RELEASE_ARM64_T8112	aarch64	64	ta-core=default(f64,std); ta-benchmarks=catalogue-matrix	b156ac1ec5c781af0a386c4deab4769a4c5479c1	true
TA-Lib C	Volatility Indicators	ATR: Average True Range	ATR	direct C caller-owned	timeperiod=14	4096	float	1	37422.880597014926	37405.47014925373	37441.23134328358	109451756.10898113	31	6	0	6	14	4082	fnv1a64:2f3c03f7c4fd984a	verified		measured		comparable	primary caller-owned Rust/C kernel	2321	134	direct TA_ATR call; caller output allocation excluded	catalogue_fixture_v1:f64le	fnv1a64:06be03be64d63c6c	0.6.4	43f9d5042ecc4bd367941846494ad907bf20ea50	3.12.13	0.6.4	0.6.4	2.2.3	rustc 1.93.0 (254b59607 2026-01-19)	Apple M2	Darwin 25.5.0 Darwin Kernel Version 25.5.0: Tue Jun  9 22:27:52 PDT 2026; root:xnu-12377.121.10~1/RELEASE_ARM64_T8112	aarch64	64	ta-core=default(f64,std); ta-benchmarks=catalogue-matrix	b156ac1ec5c781af0a386c4deab4769a4c5479c1	true
TA-Lib Python	Volatility Indicators	ATR: Average True Range	ATR	official Python NumPy API	timeperiod=14	4096	float	1	31235.919261628	31043.351407641	33635.1352146	131131085.52024469	31	0	0	0	14	4082	fnv1a64:2f3c03f7c4fd984a	verified		measured		unavailable	user-facing Python API cost; not aggregated with caller-owned kernels	2896	148	direct talib.ATR NumPy API expression including API-owned output; fixture loading excluded	catalogue_fixture_v1:f64le	fnv1a64:06be03be64d63c6c	0.6.4	43f9d5042ecc4bd367941846494ad907bf20ea50	3.12.13	0.6.4	0.6.4	2.2.3	rustc 1.93.0 (254b59607 2026-01-19)	Apple M2	Darwin 25.5.0 Darwin Kernel Version 25.5.0: Tue Jun  9 22:27:52 PDT 2026; root:xnu-12377.121.10~1/RELEASE_ARM64_T8112	aarch64	64	ta-core=default(f64,std); ta-benchmarks=catalogue-matrix	b156ac1ec5c781af0a386c4deab4769a4c5479c1	true
fast-ta	Momentum Indicators	ADX: Average Directional Movement Index	ADX	Owned Compact Output	timeperiod=14	4096	float	1	51019.36363636364	50968.85858585859	51110.26262626263	80283243.61695114	31	2	0	2	27	4069	fnv1a64:c1d363ac0cdbd25d	verified		measured		unavailable	separate Rust execution cost; not aggregated with the direct C kernel	1950	99	IndicatorConfig::compute; API-owned Compact Output allocation included	catalogue_fixture_v1:f64le	fnv1a64:06be03be64d63c6c	0.6.4	43f9d5042ecc4bd367941846494ad907bf20ea50	3.12.13	0.6.4	0.6.4	2.2.3	rustc 1.93.0 (254b59607 2026-01-19)	Apple M2	Darwin 25.5.0 Darwin Kernel Version 25.5.0: Tue Jun  9 22:27:52 PDT 2026; root:xnu-12377.121.10~1/RELEASE_ARM64_T8112	aarch64	64	ta-core=default(f64,std); ta-benchmarks=catalogue-matrix	b156ac1ec5c781af0a386c4deab4769a4c5479c1	true
fast-ta	Momentum Indicators	ADX: Average Directional Movement Index	ADX	caller-owned Batch Computation	timeperiod=14	4096	float	1	54675.27173913043	52746.82608695652	54923.45652173913	74915036.90266147	31	4	0	4	27	4069	fnv1a64:c1d363ac0cdbd25d	verified		measured		comparable	primary caller-owned Rust/C kernel	1933	92	IndicatorConfig::compute_into; caller output allocation excluded	catalogue_fixture_v1:f64le	fnv1a64:06be03be64d63c6c	0.6.4	43f9d5042ecc4bd367941846494ad907bf20ea50	3.12.13	0.6.4	0.6.4	2.2.3	rustc 1.93.0 (254b59607 2026-01-19)	Apple M2	Darwin 25.5.0 Darwin Kernel Version 25.5.0: Tue Jun  9 22:27:52 PDT 2026; root:xnu-12377.121.10~1/RELEASE_ARM64_T8112	aarch64	64	ta-core=default(f64,std); ta-benchmarks=catalogue-matrix	b156ac1ec5c781af0a386c4deab4769a4c5479c1	true
fast-ta	Momentum Indicators	ADX: Average Directional Movement Index	ADX	Prepared Batch Runner	timeperiod=14	4096	float	1	73230.68292682926	70829.26829268293	86205.28048780488	55932839.0272237	31	3	0	3	27	4069	fnv1a64:c1d363ac0cdbd25d	verified		measured		unavailable	separate Rust execution cost; not aggregated with the direct C kernel	1321	82	PreparedBatchRunner::compute_into; preparation and caller output allocation excluded	catalogue_fixture_v1:f64le	fnv1a64:06be03be64d63c6c	0.6.4	43f9d5042ecc4bd367941846494ad907bf20ea50	3.12.13	0.6.4	0.6.4	2.2.3	rustc 1.93.0 (254b59607 2026-01-19)	Apple M2	Darwin 25.5.0 Darwin Kernel Version 25.5.0: Tue Jun  9 22:27:52 PDT 2026; root:xnu-12377.121.10~1/RELEASE_ARM64_T8112	aarch64	64	ta-core=default(f64,std); ta-benchmarks=catalogue-matrix	b156ac1ec5c781af0a386c4deab4769a4c5479c1	true
fast-ta	Momentum Indicators	ADX: Average Directional Movement Index	ADX	Streaming Computation	timeperiod=14	4096	float	1	73863	73720.33333333333	76165.39393939394	55454016.21921666	31	0	0	0	27	4069	fnv1a64:c1d363ac0cdbd25d	verified		measured		unavailable	separate Rust execution cost; not aggregated with the direct C kernel	1071	66	StreamingComputation::reset plus one next call per observation; stream and output allocation excluded	catalogue_fixture_v1:f64le	fnv1a64:06be03be64d63c6c	0.6.4	43f9d5042ecc4bd367941846494ad907bf20ea50	3.12.13	0.6.4	0.6.4	2.2.3	rustc 1.93.0 (254b59607 2026-01-19)	Apple M2	Darwin 25.5.0 Darwin Kernel Version 25.5.0: Tue Jun  9 22:27:52 PDT 2026; root:xnu-12377.121.10~1/RELEASE_ARM64_T8112	aarch64	64	ta-core=default(f64,std); ta-benchmarks=catalogue-matrix	b156ac1ec5c781af0a386c4deab4769a4c5479c1	true
TA-Lib C	Momentum Indicators	ADX: Average Directional Movement Index	ADX	direct C caller-owned	timeperiod=14	4096	float	1	42321.490196078434	42239.382352941175	42455.48039215686	96782981.43621467	31	2	0	2	27	4069	fnv1a64:d4fcfb104dda56fb	verified		measured		comparable	primary caller-owned Rust/C kernel	2052	102	direct TA_ADX call; caller output allocation excluded	catalogue_fixture_v1:f64le	fnv1a64:06be03be64d63c6c	0.6.4	43f9d5042ecc4bd367941846494ad907bf20ea50	3.12.13	0.6.4	0.6.4	2.2.3	rustc 1.93.0 (254b59607 2026-01-19)	Apple M2	Darwin 25.5.0 Darwin Kernel Version 25.5.0: Tue Jun  9 22:27:52 PDT 2026; root:xnu-12377.121.10~1/RELEASE_ARM64_T8112	aarch64	64	ta-core=default(f64,std); ta-benchmarks=catalogue-matrix	b156ac1ec5c781af0a386c4deab4769a4c5479c1	true
TA-Lib Python	Momentum Indicators	ADX: Average Directional Movement Index	ADX	official Python NumPy API	timeperiod=14	4096	float	1	37959.960991429	37848.960801057	38143.554775161	107903166.7320427	31	2	0	2	27	4069	fnv1a64:d4fcfb104dda56fb	verified		measured		unavailable	user-facing Python API cost; not aggregated with caller-owned kernels	2468	128	direct talib.ADX NumPy API expression including API-owned output; fixture loading excluded	catalogue_fixture_v1:f64le	fnv1a64:06be03be64d63c6c	0.6.4	43f9d5042ecc4bd367941846494ad907bf20ea50	3.12.13	0.6.4	0.6.4	2.2.3	rustc 1.93.0 (254b59607 2026-01-19)	Apple M2	Darwin 25.5.0 Darwin Kernel Version 25.5.0: Tue Jun  9 22:27:52 PDT 2026; root:xnu-12377.121.10~1/RELEASE_ARM64_T8112	aarch64	64	ta-core=default(f64,std); ta-benchmarks=catalogue-matrix	b156ac1ec5c781af0a386c4deab4769a4c5479c1	true
fast-ta	Cycle Indicators	HT_DCPHASE: Hilbert Transform Dominant Cycle Phase	HT_DCPHASE	Owned Compact Output	none	4096	float	1	685369.75	639958.375	689953.125	5976336.130971639	31	0	0	0	63	4033	fnv1a64:b0d0ff7b985daddf	verified		measured		unavailable	separate Rust execution cost; not aggregated with the direct C kernel	145	8	IndicatorConfig::compute; API-owned Compact Output allocation included	catalogue_fixture_v1:f64le	fnv1a64:06be03be64d63c6c	0.6.4	43f9d5042ecc4bd367941846494ad907bf20ea50	3.12.13	0.6.4	0.6.4	2.2.3	rustc 1.93.0 (254b59607 2026-01-19)	Apple M2	Darwin 25.5.0 Darwin Kernel Version 25.5.0: Tue Jun  9 22:27:52 PDT 2026; root:xnu-12377.121.10~1/RELEASE_ARM64_T8112	aarch64	64	ta-core=default(f64,std); ta-benchmarks=catalogue-matrix	b156ac1ec5c781af0a386c4deab4769a4c5479c1	true
fast-ta	Cycle Indicators	HT_DCPHASE: Hilbert Transform Dominant Cycle Phase	HT_DCPHASE	caller-owned Batch Computation	none	4096	float	1	630031.25	629468.75	633130.25	6501264.818213383	31	7	0	7	63	4033	fnv1a64:b0d0ff7b985daddf	verified		measured		comparable	primary caller-owned Rust/C kernel	157	8	IndicatorConfig::compute_into; caller output allocation excluded	catalogue_fixture_v1:f64le	fnv1a64:06be03be64d63c6c	0.6.4	43f9d5042ecc4bd367941846494ad907bf20ea50	3.12.13	0.6.4	0.6.4	2.2.3	rustc 1.93.0 (254b59607 2026-01-19)	Apple M2	Darwin 25.5.0 Darwin Kernel Version 25.5.0: Tue Jun  9 22:27:52 PDT 2026; root:xnu-12377.121.10~1/RELEASE_ARM64_T8112	aarch64	64	ta-core=default(f64,std); ta-benchmarks=catalogue-matrix	b156ac1ec5c781af0a386c4deab4769a4c5479c1	true
fast-ta	Cycle Indicators	HT_DCPHASE: Hilbert Transform Dominant Cycle Phase	HT_DCPHASE	Prepared Batch Runner	none	4096	float	1	627895.875	627390.625	628557.25	6523374.596146216	31	5	0	5	63	4033	fnv1a64:b0d0ff7b985daddf	verified		measured		unavailable	separate Rust execution cost; not aggregated with the direct C kernel	160	8	PreparedBatchRunner::compute_into; preparation and caller output allocation excluded	catalogue_fixture_v1:f64le	fnv1a64:06be03be64d63c6c	0.6.4	43f9d5042ecc4bd367941846494ad907bf20ea50	3.12.13	0.6.4	0.6.4	2.2.3	rustc 1.93.0 (254b59607 2026-01-19)	Apple M2	Darwin 25.5.0 Darwin Kernel Version 25.5.0: Tue Jun  9 22:27:52 PDT 2026; root:xnu-12377.121.10~1/RELEASE_ARM64_T8112	aarch64	64	ta-core=default(f64,std); ta-benchmarks=catalogue-matrix	b156ac1ec5c781af0a386c4deab4769a4c5479c1	true
fast-ta	Cycle Indicators	HT_DCPHASE: Hilbert Transform Dominant Cycle Phase	HT_DCPHASE	Streaming Computation	none	4096	float	1	607287.1111111111	605587.8888888889	661356.4444444445	6744750.423742458	31	5	0	5	63	4033	fnv1a64:b0d0ff7b985daddf	verified		measured		unavailable	separate Rust execution cost; not aggregated with the direct C kernel	162	9	StreamingComputation::reset plus one next call per observation; stream and output allocation excluded	catalogue_fixture_v1:f64le	fnv1a64:06be03be64d63c6c	0.6.4	43f9d5042ecc4bd367941846494ad907bf20ea50	3.12.13	0.6.4	0.6.4	2.2.3	rustc 1.93.0 (254b59607 2026-01-19)	Apple M2	Darwin 25.5.0 Darwin Kernel Version 25.5.0: Tue Jun  9 22:27:52 PDT 2026; root:xnu-12377.121.10~1/RELEASE_ARM64_T8112	aarch64	64	ta-core=default(f64,std); ta-benchmarks=catalogue-matrix	b156ac1ec5c781af0a386c4deab4769a4c5479c1	true
TA-Lib C	Cycle Indicators	HT_DCPHASE: Hilbert Transform Dominant Cycle Phase	HT_DCPHASE	direct C caller-owned	none	4096	float	1	728012	713619	907410.7142857143	5626280.885479909	31	3	0	3	63	4033	fnv1a64:40c013053b1f2864	verified		measured		comparable	primary caller-owned Rust/C kernel	107	7	direct TA_HT_DCPHASE call; caller output allocation excluded	catalogue_fixture_v1:f64le	fnv1a64:06be03be64d63c6c	0.6.4	43f9d5042ecc4bd367941846494ad907bf20ea50	3.12.13	0.6.4	0.6.4	2.2.3	rustc 1.93.0 (254b59607 2026-01-19)	Apple M2	Darwin 25.5.0 Darwin Kernel Version 25.5.0: Tue Jun  9 22:27:52 PDT 2026; root:xnu-12377.121.10~1/RELEASE_ARM64_T8112	aarch64	64	ta-core=default(f64,std); ta-benchmarks=catalogue-matrix	b156ac1ec5c781af0a386c4deab4769a4c5479c1	true
TA-Lib Python	Cycle Indicators	HT_DCPHASE: Hilbert Transform Dominant Cycle Phase	HT_DCPHASE	official Python NumPy API	none	4096	float	1	628515.626885928	627838.497166522	628859.372227453	6516942.180569523	31	0	0	0	63	4033	fnv1a64:40c013053b1f2864	verified		measured		unavailable	user-facing Python API cost; not aggregated with caller-owned kernels	139	8	direct talib.HT_DCPHASE NumPy API expression including API-owned output; fixture loading excluded	catalogue_fixture_v1:f64le	fnv1a64:06be03be64d63c6c	0.6.4	43f9d5042ecc4bd367941846494ad907bf20ea50	3.12.13	0.6.4	0.6.4	2.2.3	rustc 1.93.0 (254b59607 2026-01-19)	Apple M2	Darwin 25.5.0 Darwin Kernel Version 25.5.0: Tue Jun  9 22:27:52 PDT 2026; root:xnu-12377.121.10~1/RELEASE_ARM64_T8112	aarch64	64	ta-core=default(f64,std); ta-benchmarks=catalogue-matrix	b156ac1ec5c781af0a386c4deab4769a4c5479c1	true
fast-ta	Pattern Recognition	CDLDOJI: Doji	CDLDOJI	Owned Compact Output	candle_settings=TA-Lib defaults	4096	integer	1	20489.80082987552	20417.70539419087	20557.572614107885	199904334.552035	31	4	0	4	10	4086	fnv1a64:9e4f7ac204492dfc	verified		measured		unavailable	separate Rust execution cost; not aggregated with the direct C kernel	4748	241	IndicatorConfig::compute; API-owned Compact Output allocation included	catalogue_fixture_v1:f64le	fnv1a64:06be03be64d63c6c	0.6.4	43f9d5042ecc4bd367941846494ad907bf20ea50	3.12.13	0.6.4	0.6.4	2.2.3	rustc 1.93.0 (254b59607 2026-01-19)	Apple M2	Darwin 25.5.0 Darwin Kernel Version 25.5.0: Tue Jun  9 22:27:52 PDT 2026; root:xnu-12377.121.10~1/RELEASE_ARM64_T8112	aarch64	64	ta-core=default(f64,std); ta-benchmarks=catalogue-matrix	b156ac1ec5c781af0a386c4deab4769a4c5479c1	true
fast-ta	Pattern Recognition	CDLDOJI: Doji	CDLDOJI	caller-owned Batch Computation	candle_settings=TA-Lib defaults	4096	integer	1	21408.90494296578	21287.2319391635	21599.49429657795	191322256.36537302	31	4	2	2	10	4086	fnv1a64:9e4f7ac204492dfc	verified		measured		comparable	primary caller-owned Rust/C kernel	5232	263	IndicatorConfig::compute_into; caller output allocation excluded	catalogue_fixture_v1:f64le	fnv1a64:06be03be64d63c6c	0.6.4	43f9d5042ecc4bd367941846494ad907bf20ea50	3.12.13	0.6.4	0.6.4	2.2.3	rustc 1.93.0 (254b59607 2026-01-19)	Apple M2	Darwin 25.5.0 Darwin Kernel Version 25.5.0: Tue Jun  9 22:27:52 PDT 2026; root:xnu-12377.121.10~1/RELEASE_ARM64_T8112	aarch64	64	ta-core=default(f64,std); ta-benchmarks=catalogue-matrix	b156ac1ec5c781af0a386c4deab4769a4c5479c1	true
fast-ta	Pattern Recognition	CDLDOJI: Doji	CDLDOJI	Prepared Batch Runner	candle_settings=TA-Lib defaults	4096	integer	1	21353.536796536795	21347.761904761905	21366.160173160173	191818340.8691485	31	2	0	2	10	4086	fnv1a64:9e4f7ac204492dfc	verified		measured		unavailable	separate Rust execution cost; not aggregated with the direct C kernel	4699	231	PreparedBatchRunner::compute_into; preparation and caller output allocation excluded	catalogue_fixture_v1:f64le	fnv1a64:06be03be64d63c6c	0.6.4	43f9d5042ecc4bd367941846494ad907bf20ea50	3.12.13	0.6.4	0.6.4	2.2.3	rustc 1.93.0 (254b59607 2026-01-19)	Apple M2	Darwin 25.5.0 Darwin Kernel Version 25.5.0: Tue Jun  9 22:27:52 PDT 2026; root:xnu-12377.121.10~1/RELEASE_ARM64_T8112	aarch64	64	ta-core=default(f64,std); ta-benchmarks=catalogue-matrix	b156ac1ec5c781af0a386c4deab4769a4c5479c1	true
fast-ta	Pattern Recognition	CDLDOJI: Doji	CDLDOJI	Streaming Computation	candle_settings=TA-Lib defaults	4096	integer	1	81650.53225806452	81570.56451612903	81756.04838709677	50165012.850794286	31	6	4	2	10	4086	fnv1a64:9e4f7ac204492dfc	verified		measured		unavailable	separate Rust execution cost; not aggregated with the direct C kernel	1308	62	StreamingComputation::reset plus one next call per observation; stream and output allocation excluded	catalogue_fixture_v1:f64le	fnv1a64:06be03be64d63c6c	0.6.4	43f9d5042ecc4bd367941846494ad907bf20ea50	3.12.13	0.6.4	0.6.4	2.2.3	rustc 1.93.0 (254b59607 2026-01-19)	Apple M2	Darwin 25.5.0 Darwin Kernel Version 25.5.0: Tue Jun  9 22:27:52 PDT 2026; root:xnu-12377.121.10~1/RELEASE_ARM64_T8112	aarch64	64	ta-core=default(f64,std); ta-benchmarks=catalogue-matrix	b156ac1ec5c781af0a386c4deab4769a4c5479c1	true
TA-Lib C	Pattern Recognition	CDLDOJI: Doji	CDLDOJI	direct C caller-owned	candle_settings=TA-Lib defaults	4096	integer	1	11037.710816777042	11022.350993377484	11055.55408388521	371091439.88209796	31	3	0	3	10	4086	fnv1a64:9e4f7ac204492dfc	verified		measured		comparable	primary caller-owned Rust/C kernel	9175	453	direct TA_CDLDOJI call; caller output allocation excluded	catalogue_fixture_v1:f64le	fnv1a64:06be03be64d63c6c	0.6.4	43f9d5042ecc4bd367941846494ad907bf20ea50	3.12.13	0.6.4	0.6.4	2.2.3	rustc 1.93.0 (254b59607 2026-01-19)	Apple M2	Darwin 25.5.0 Darwin Kernel Version 25.5.0: Tue Jun  9 22:27:52 PDT 2026; root:xnu-12377.121.10~1/RELEASE_ARM64_T8112	aarch64	64	ta-core=default(f64,std); ta-benchmarks=catalogue-matrix	b156ac1ec5c781af0a386c4deab4769a4c5479c1	true
TA-Lib Python	Pattern Recognition	CDLDOJI: Doji	CDLDOJI	official Python NumPy API	candle_settings=TA-Lib defaults	4096	integer	1	11297.93518986	11280.381942116	11309.703781821	362544122.5469409	31	3	0	3	10	4086	fnv1a64:9e4f7ac204492dfc	verified		measured		unavailable	user-facing Python API cost; not aggregated with caller-owned kernels	8370	432	direct talib.CDLDOJI NumPy API expression including API-owned output; fixture loading excluded	catalogue_fixture_v1:f64le	fnv1a64:06be03be64d63c6c	0.6.4	43f9d5042ecc4bd367941846494ad907bf20ea50	3.12.13	0.6.4	0.6.4	2.2.3	rustc 1.93.0 (254b59607 2026-01-19)	Apple M2	Darwin 25.5.0 Darwin Kernel Version 25.5.0: Tue Jun  9 22:27:52 PDT 2026; root:xnu-12377.121.10~1/RELEASE_ARM64_T8112	aarch64	64	ta-core=default(f64,std); ta-benchmarks=catalogue-matrix	b156ac1ec5c781af0a386c4deab4769a4c5479c1	true
fast-ta	Pattern Recognition	CDLENGULFING: Engulfing Pattern	CDLENGULFING	Owned Compact Output	candle_settings=TA-Lib defaults	4096	integer	1	77989.10769230769	77896.15384615384	78058.33846153846	52520154.6882681	31	0	0	0	2	4094	fnv1a64:85650c50e74b19bc	verified		measured		unavailable	separate Rust execution cost; not aggregated with the direct C kernel	1273	65	IndicatorConfig::compute; API-owned Compact Output allocation included	catalogue_fixture_v1:f64le	fnv1a64:06be03be64d63c6c	0.6.4	43f9d5042ecc4bd367941846494ad907bf20ea50	3.12.13	0.6.4	0.6.4	2.2.3	rustc 1.93.0 (254b59607 2026-01-19)	Apple M2	Darwin 25.5.0 Darwin Kernel Version 25.5.0: Tue Jun  9 22:27:52 PDT 2026; root:xnu-12377.121.10~1/RELEASE_ARM64_T8112	aarch64	64	ta-core=default(f64,std); ta-benchmarks=catalogue-matrix	b156ac1ec5c781af0a386c4deab4769a4c5479c1	true
fast-ta	Pattern Recognition	CDLENGULFING: Engulfing Pattern	CDLENGULFING	caller-owned Batch Computation	candle_settings=TA-Lib defaults	4096	integer	1	77284.09090909091	77236.74242424243	77728.5303030303	52999264.81399794	31	1	0	1	2	4094	fnv1a64:85650c50e74b19bc	verified		measured		comparable	primary caller-owned Rust/C kernel	1334	66	IndicatorConfig::compute_into; caller output allocation excluded	catalogue_fixture_v1:f64le	fnv1a64:06be03be64d63c6c	0.6.4	43f9d5042ecc4bd367941846494ad907bf20ea50	3.12.13	0.6.4	0.6.4	2.2.3	rustc 1.93.0 (254b59607 2026-01-19)	Apple M2	Darwin 25.5.0 Darwin Kernel Version 25.5.0: Tue Jun  9 22:27:52 PDT 2026; root:xnu-12377.121.10~1/RELEASE_ARM64_T8112	aarch64	64	ta-core=default(f64,std); ta-benchmarks=catalogue-matrix	b156ac1ec5c781af0a386c4deab4769a4c5479c1	true
fast-ta	Pattern Recognition	CDLENGULFING: Engulfing Pattern	CDLENGULFING	Prepared Batch Runner	candle_settings=TA-Lib defaults	4096	integer	1	76250.64615384616	76153.84615384616	76436.53846153847	53717577.57613958	31	6	4	2	2	4094	fnv1a64:85650c50e74b19bc	verified		measured		unavailable	separate Rust execution cost; not aggregated with the direct C kernel	1306	65	PreparedBatchRunner::compute_into; preparation and caller output allocation excluded	catalogue_fixture_v1:f64le	fnv1a64:06be03be64d63c6c	0.6.4	43f9d5042ecc4bd367941846494ad907bf20ea50	3.12.13	0.6.4	0.6.4	2.2.3	rustc 1.93.0 (254b59607 2026-01-19)	Apple M2	Darwin 25.5.0 Darwin Kernel Version 25.5.0: Tue Jun  9 22:27:52 PDT 2026; root:xnu-12377.121.10~1/RELEASE_ARM64_T8112	aarch64	64	ta-core=default(f64,std); ta-benchmarks=catalogue-matrix	b156ac1ec5c781af0a386c4deab4769a4c5479c1	true
fast-ta	Pattern Recognition	CDLENGULFING: Engulfing Pattern	CDLENGULFING	Streaming Computation	candle_settings=TA-Lib defaults	4096	integer	1	105786.76470588235	101516.35294117648	152127.45098039217	38719399.457843885	31	3	0	3	2	4094	fnv1a64:85650c50e74b19bc	verified		measured		unavailable	separate Rust execution cost; not aggregated with the direct C kernel	1009	51	StreamingComputation::reset plus one next call per observation; stream and output allocation excluded	catalogue_fixture_v1:f64le	fnv1a64:06be03be64d63c6c	0.6.4	43f9d5042ecc4bd367941846494ad907bf20ea50	3.12.13	0.6.4	0.6.4	2.2.3	rustc 1.93.0 (254b59607 2026-01-19)	Apple M2	Darwin 25.5.0 Darwin Kernel Version 25.5.0: Tue Jun  9 22:27:52 PDT 2026; root:xnu-12377.121.10~1/RELEASE_ARM64_T8112	aarch64	64	ta-core=default(f64,std); ta-benchmarks=catalogue-matrix	b156ac1ec5c781af0a386c4deab4769a4c5479c1	true
TA-Lib C	Pattern Recognition	CDLENGULFING: Engulfing Pattern	CDLENGULFING	direct C caller-owned	candle_settings=TA-Lib defaults	4096	integer	1	7996.5548489666135	7938.063593004769	8089.362480127186	512220584.6595702	31	7	0	7	2	4094	fnv1a64:85650c50e74b19bc	verified		measured		comparable	primary caller-owned Rust/C kernel	9583	629	direct TA_CDLENGULFING call; caller output allocation excluded	catalogue_fixture_v1:f64le	fnv1a64:06be03be64d63c6c	0.6.4	43f9d5042ecc4bd367941846494ad907bf20ea50	3.12.13	0.6.4	0.6.4	2.2.3	rustc 1.93.0 (254b59607 2026-01-19)	Apple M2	Darwin 25.5.0 Darwin Kernel Version 25.5.0: Tue Jun  9 22:27:52 PDT 2026; root:xnu-12377.121.10~1/RELEASE_ARM64_T8112	aarch64	64	ta-core=default(f64,std); ta-benchmarks=catalogue-matrix	b156ac1ec5c781af0a386c4deab4769a4c5479c1	true
TA-Lib Python	Pattern Recognition	CDLENGULFING: Engulfing Pattern	CDLENGULFING	official Python NumPy API	candle_settings=TA-Lib defaults	4096	integer	1	8143.907510476	8117.919134609	8161.165025362	502952666.73044455	31	0	0	0	2	4094	fnv1a64:85650c50e74b19bc	verified		measured		unavailable	user-facing Python API cost; not aggregated with caller-owned kernels	11429	606	direct talib.CDLENGULFING NumPy API expression including API-owned output; fixture loading excluded	catalogue_fixture_v1:f64le	fnv1a64:06be03be64d63c6c	0.6.4	43f9d5042ecc4bd367941846494ad907bf20ea50	3.12.13	0.6.4	0.6.4	2.2.3	rustc 1.93.0 (254b59607 2026-01-19)	Apple M2	Darwin 25.5.0 Darwin Kernel Version 25.5.0: Tue Jun  9 22:27:52 PDT 2026; root:xnu-12377.121.10~1/RELEASE_ARM64_T8112	aarch64	64	ta-core=default(f64,std); ta-benchmarks=catalogue-matrix	b156ac1ec5c781af0a386c4deab4769a4c5479c1	true
fast-ta	Pattern Recognition	CDL3BLACKCROWS: Three Black Crows	CDL3BLACKCROWS	Owned Compact Output	candle_settings=TA-Lib defaults	4096	integer	1	125573.17073170732	125212.39024390244	126109.75609756098	32618432.553170826	31	3	0	3	13	4083	fnv1a64:e5a548cfa301085a	verified		measured		unavailable	separate Rust execution cost; not aggregated with the direct C kernel	782	41	IndicatorConfig::compute; API-owned Compact Output allocation included	catalogue_fixture_v1:f64le	fnv1a64:06be03be64d63c6c	0.6.4	43f9d5042ecc4bd367941846494ad907bf20ea50	3.12.13	0.6.4	0.6.4	2.2.3	rustc 1.93.0 (254b59607 2026-01-19)	Apple M2	Darwin 25.5.0 Darwin Kernel Version 25.5.0: Tue Jun  9 22:27:52 PDT 2026; root:xnu-12377.121.10~1/RELEASE_ARM64_T8112	aarch64	64	ta-core=default(f64,std); ta-benchmarks=catalogue-matrix	b156ac1ec5c781af0a386c4deab4769a4c5479c1	true
fast-ta	Pattern Recognition	CDL3BLACKCROWS: Three Black Crows	CDL3BLACKCROWS	caller-owned Batch Computation	candle_settings=TA-Lib defaults	4096	integer	1	124155.48780487805	123521.34146341463	125625	32990889.66922869	31	2	0	2	13	4083	fnv1a64:e5a548cfa301085a	verified		measured		comparable	primary caller-owned Rust/C kernel	796	41	IndicatorConfig::compute_into; caller output allocation excluded	catalogue_fixture_v1:f64le	fnv1a64:06be03be64d63c6c	0.6.4	43f9d5042ecc4bd367941846494ad907bf20ea50	3.12.13	0.6.4	0.6.4	2.2.3	rustc 1.93.0 (254b59607 2026-01-19)	Apple M2	Darwin 25.5.0 Darwin Kernel Version 25.5.0: Tue Jun  9 22:27:52 PDT 2026; root:xnu-12377.121.10~1/RELEASE_ARM64_T8112	aarch64	64	ta-core=default(f64,std); ta-benchmarks=catalogue-matrix	b156ac1ec5c781af0a386c4deab4769a4c5479c1	true
fast-ta	Pattern Recognition	CDL3BLACKCROWS: Three Black Crows	CDL3BLACKCROWS	Prepared Batch Runner	candle_settings=TA-Lib defaults	4096	integer	1	123751	123073.17073170732	125689.0243902439	33098722.434566185	31	0	0	0	13	4083	fnv1a64:e5a548cfa301085a	verified		measured		unavailable	separate Rust execution cost; not aggregated with the direct C kernel	803	41	PreparedBatchRunner::compute_into; preparation and caller output allocation excluded	catalogue_fixture_v1:f64le	fnv1a64:06be03be64d63c6c	0.6.4	43f9d5042ecc4bd367941846494ad907bf20ea50	3.12.13	0.6.4	0.6.4	2.2.3	rustc 1.93.0 (254b59607 2026-01-19)	Apple M2	Darwin 25.5.0 Darwin Kernel Version 25.5.0: Tue Jun  9 22:27:52 PDT 2026; root:xnu-12377.121.10~1/RELEASE_ARM64_T8112	aarch64	64	ta-core=default(f64,std); ta-benchmarks=catalogue-matrix	b156ac1ec5c781af0a386c4deab4769a4c5479c1	true
fast-ta	Pattern Recognition	CDL3BLACKCROWS: Three Black Crows	CDL3BLACKCROWS	Streaming Computation	candle_settings=TA-Lib defaults	4096	integer	1	129790.57894736843	129236.84210526316	130253.28947368421	31558530.928974245	31	0	0	0	13	4083	fnv1a64:e5a548cfa301085a	verified		measured		unavailable	separate Rust execution cost; not aggregated with the direct C kernel	765	38	StreamingComputation::reset plus one next call per observation; stream and output allocation excluded	catalogue_fixture_v1:f64le	fnv1a64:06be03be64d63c6c	0.6.4	43f9d5042ecc4bd367941846494ad907bf20ea50	3.12.13	0.6.4	0.6.4	2.2.3	rustc 1.93.0 (254b59607 2026-01-19)	Apple M2	Darwin 25.5.0 Darwin Kernel Version 25.5.0: Tue Jun  9 22:27:52 PDT 2026; root:xnu-12377.121.10~1/RELEASE_ARM64_T8112	aarch64	64	ta-core=default(f64,std); ta-benchmarks=catalogue-matrix	b156ac1ec5c781af0a386c4deab4769a4c5479c1	true
TA-Lib C	Pattern Recognition	CDL3BLACKCROWS: Three Black Crows	CDL3BLACKCROWS	direct C caller-owned	candle_settings=TA-Lib defaults	4096	integer	1	13122.807894736841	13112.939473684211	13158.223684210527	312128321.3817967	31	1	0	1	13	4083	fnv1a64:e5a548cfa301085a	verified		measured		comparable	primary caller-owned Rust/C kernel	7613	380	direct TA_CDL3BLACKCROWS call; caller output allocation excluded	catalogue_fixture_v1:f64le	fnv1a64:06be03be64d63c6c	0.6.4	43f9d5042ecc4bd367941846494ad907bf20ea50	3.12.13	0.6.4	0.6.4	2.2.3	rustc 1.93.0 (254b59607 2026-01-19)	Apple M2	Darwin 25.5.0 Darwin Kernel Version 25.5.0: Tue Jun  9 22:27:52 PDT 2026; root:xnu-12377.121.10~1/RELEASE_ARM64_T8112	aarch64	64	ta-core=default(f64,std); ta-benchmarks=catalogue-matrix	b156ac1ec5c781af0a386c4deab4769a4c5479c1	true
TA-Lib Python	Pattern Recognition	CDL3BLACKCROWS: Three Black Crows	CDL3BLACKCROWS	official Python NumPy API	candle_settings=TA-Lib defaults	4096	integer	1	13464.367669595	13445.799425763	13530.175564785	304210349.90373266	31	2	0	2	13	4083	fnv1a64:e5a548cfa301085a	verified		measured		unavailable	user-facing Python API cost; not aggregated with caller-owned kernels	6946	359	direct talib.CDL3BLACKCROWS NumPy API expression including API-owned output; fixture loading excluded	catalogue_fixture_v1:f64le	fnv1a64:06be03be64d63c6c	0.6.4	43f9d5042ecc4bd367941846494ad907bf20ea50	3.12.13	0.6.4	0.6.4	2.2.3	rustc 1.93.0 (254b59607 2026-01-19)	Apple M2	Darwin 25.5.0 Darwin Kernel Version 25.5.0: Tue Jun  9 22:27:52 PDT 2026; root:xnu-12377.121.10~1/RELEASE_ARM64_T8112	aarch64	64	ta-core=default(f64,std); ta-benchmarks=catalogue-matrix	b156ac1ec5c781af0a386c4deab4769a4c5479c1	true
fast-ta	Statistic Functions	LINEARREG: Linear Regression endpoint	LINEARREG	Owned Compact Output	timeperiod=14	4096	float	1	48423.07692307692	48369.78846153846	48544.86538461538	84587768.06989674	31	2	0	2	13	4083	fnv1a64:c686529333828bdb	verified		measured		unavailable	separate Rust execution cost; not aggregated with the direct C kernel	2065	104	IndicatorConfig::compute; API-owned Compact Output allocation included	catalogue_fixture_v1:f64le	fnv1a64:06be03be64d63c6c	0.6.4	43f9d5042ecc4bd367941846494ad907bf20ea50	3.12.13	0.6.4	0.6.4	2.2.3	rustc 1.93.0 (254b59607 2026-01-19)	Apple M2	Darwin 25.5.0 Darwin Kernel Version 25.5.0: Tue Jun  9 22:27:52 PDT 2026; root:xnu-12377.121.10~1/RELEASE_ARM64_T8112	aarch64	64	ta-core=default(f64,std); ta-benchmarks=catalogue-matrix	b156ac1ec5c781af0a386c4deab4769a4c5479c1	true
fast-ta	Statistic Functions	LINEARREG: Linear Regression endpoint	LINEARREG	caller-owned Batch Computation	timeperiod=14	4096	float	1	48141.82692307692	48104.16346153846	48195.50961538462	85081939.38183452	31	1	0	1	13	4083	fnv1a64:c686529333828bdb	verified		measured		comparable	primary caller-owned Rust/C kernel	2071	104	IndicatorConfig::compute_into; caller output allocation excluded	catalogue_fixture_v1:f64le	fnv1a64:06be03be64d63c6c	0.6.4	43f9d5042ecc4bd367941846494ad907bf20ea50	3.12.13	0.6.4	0.6.4	2.2.3	rustc 1.93.0 (254b59607 2026-01-19)	Apple M2	Darwin 25.5.0 Darwin Kernel Version 25.5.0: Tue Jun  9 22:27:52 PDT 2026; root:xnu-12377.121.10~1/RELEASE_ARM64_T8112	aarch64	64	ta-core=default(f64,std); ta-benchmarks=catalogue-matrix	b156ac1ec5c781af0a386c4deab4769a4c5479c1	true
fast-ta	Statistic Functions	LINEARREG: Linear Regression endpoint	LINEARREG	Prepared Batch Runner	timeperiod=14	4096	float	1	47774.20952380952	47655.55238095238	47860.32380952381	85736635.74608496	31	0	0	0	13	4083	fnv1a64:c686529333828bdb	verified		measured		unavailable	separate Rust execution cost; not aggregated with the direct C kernel	2093	105	PreparedBatchRunner::compute_into; preparation and caller output allocation excluded	catalogue_fixture_v1:f64le	fnv1a64:06be03be64d63c6c	0.6.4	43f9d5042ecc4bd367941846494ad907bf20ea50	3.12.13	0.6.4	0.6.4	2.2.3	rustc 1.93.0 (254b59607 2026-01-19)	Apple M2	Darwin 25.5.0 Darwin Kernel Version 25.5.0: Tue Jun  9 22:27:52 PDT 2026; root:xnu-12377.121.10~1/RELEASE_ARM64_T8112	aarch64	64	ta-core=default(f64,std); ta-benchmarks=catalogue-matrix	b156ac1ec5c781af0a386c4deab4769a4c5479c1	true
fast-ta	Statistic Functions	LINEARREG: Linear Regression endpoint	LINEARREG	Streaming Computation	timeperiod=14	4096	float	1	45055.80357142857	44936.75892857143	45151.03571428572	90909487.24300222	31	0	0	0	13	4083	fnv1a64:c686529333828bdb	verified		measured		unavailable	separate Rust execution cost; not aggregated with the direct C kernel	2218	112	StreamingComputation::reset plus one next call per observation; stream and output allocation excluded	catalogue_fixture_v1:f64le	fnv1a64:06be03be64d63c6c	0.6.4	43f9d5042ecc4bd367941846494ad907bf20ea50	3.12.13	0.6.4	0.6.4	2.2.3	rustc 1.93.0 (254b59607 2026-01-19)	Apple M2	Darwin 25.5.0 Darwin Kernel Version 25.5.0: Tue Jun  9 22:27:52 PDT 2026; root:xnu-12377.121.10~1/RELEASE_ARM64_T8112	aarch64	64	ta-core=default(f64,std); ta-benchmarks=catalogue-matrix	b156ac1ec5c781af0a386c4deab4769a4c5479c1	true
TA-Lib C	Statistic Functions	LINEARREG: Linear Regression endpoint	LINEARREG	direct C caller-owned	timeperiod=14	4096	float	1	83156.95145631068	56515.36893203884	98321.60194174758	49256254.928392515	31	4	0	4	13	4083	fnv1a64:2ff73b2ada66f93d	verified		measured		comparable	primary caller-owned Rust/C kernel	1883	103	direct TA_LINEARREG call; caller output allocation excluded	catalogue_fixture_v1:f64le	fnv1a64:06be03be64d63c6c	0.6.4	43f9d5042ecc4bd367941846494ad907bf20ea50	3.12.13	0.6.4	0.6.4	2.2.3	rustc 1.93.0 (254b59607 2026-01-19)	Apple M2	Darwin 25.5.0 Darwin Kernel Version 25.5.0: Tue Jun  9 22:27:52 PDT 2026; root:xnu-12377.121.10~1/RELEASE_ARM64_T8112	aarch64	64	ta-core=default(f64,std); ta-benchmarks=catalogue-matrix	b156ac1ec5c781af0a386c4deab4769a4c5479c1	true
TA-Lib Python	Statistic Functions	LINEARREG: Linear Regression endpoint	LINEARREG	official Python NumPy API	timeperiod=14	4096	float	1	53178.083838984	48712.297852728	56937.000148797	77024211.9366717	31	0	0	0	13	4083	fnv1a64:2ff73b2ada66f93d	verified		measured		unavailable	user-facing Python API cost; not aggregated with caller-owned kernels	1692	84	direct talib.LINEARREG NumPy API expression including API-owned output; fixture loading excluded	catalogue_fixture_v1:f64le	fnv1a64:06be03be64d63c6c	0.6.4	43f9d5042ecc4bd367941846494ad907bf20ea50	3.12.13	0.6.4	0.6.4	2.2.3	rustc 1.93.0 (254b59607 2026-01-19)	Apple M2	Darwin 25.5.0 Darwin Kernel Version 25.5.0: Tue Jun  9 22:27:52 PDT 2026; root:xnu-12377.121.10~1/RELEASE_ARM64_T8112	aarch64	64	ta-core=default(f64,std); ta-benchmarks=catalogue-matrix	b156ac1ec5c781af0a386c4deab4769a4c5479c1	true
fast-ta	Price Transform	TYPPRICE: Typical Price	TYPPRICE	Owned Compact Output	none	4096	float	1	12267.378048780487	12236.990243902439	12362.397560975609	333893679.9463181	31	0	0	0	0	4096	fnv1a64:cc0fe58200a02aee	verified		measured		unavailable	separate Rust execution cost; not aggregated with the direct C kernel	8032	410	IndicatorConfig::compute; API-owned Compact Output allocation included	catalogue_fixture_v1:f64le	fnv1a64:06be03be64d63c6c	0.6.4	43f9d5042ecc4bd367941846494ad907bf20ea50	3.12.13	0.6.4	0.6.4	2.2.3	rustc 1.93.0 (254b59607 2026-01-19)	Apple M2	Darwin 25.5.0 Darwin Kernel Version 25.5.0: Tue Jun  9 22:27:52 PDT 2026; root:xnu-12377.121.10~1/RELEASE_ARM64_T8112	aarch64	64	ta-core=default(f64,std); ta-benchmarks=catalogue-matrix	b156ac1ec5c781af0a386c4deab4769a4c5479c1	true
fast-ta	Price Transform	TYPPRICE: Typical Price	TYPPRICE	caller-owned Batch Computation	none	4096	float	1	11527.744075829383	11486.57345971564	11547.097156398104	355316701.43408406	31	1	0	1	0	4096	fnv1a64:cc0fe58200a02aee	verified		measured		comparable	primary caller-owned Rust/C kernel	8680	422	IndicatorConfig::compute_into; caller output allocation excluded	catalogue_fixture_v1:f64le	fnv1a64:06be03be64d63c6c	0.6.4	43f9d5042ecc4bd367941846494ad907bf20ea50	3.12.13	0.6.4	0.6.4	2.2.3	rustc 1.93.0 (254b59607 2026-01-19)	Apple M2	Darwin 25.5.0 Darwin Kernel Version 25.5.0: Tue Jun  9 22:27:52 PDT 2026; root:xnu-12377.121.10~1/RELEASE_ARM64_T8112	aarch64	64	ta-core=default(f64,std); ta-benchmarks=catalogue-matrix	b156ac1ec5c781af0a386c4deab4769a4c5479c1	true
fast-ta	Price Transform	TYPPRICE: Typical Price	TYPPRICE	Prepared Batch Runner	none	4096	float	1	11857.170212765957	11827.522458628842	11868.39952718676	345444986.15614575	31	4	4	0	0	4096	fnv1a64:cc0fe58200a02aee	verified		measured		unavailable	separate Rust execution cost; not aggregated with the direct C kernel	8669	423	PreparedBatchRunner::compute_into; preparation and caller output allocation excluded	catalogue_fixture_v1:f64le	fnv1a64:06be03be64d63c6c	0.6.4	43f9d5042ecc4bd367941846494ad907bf20ea50	3.12.13	0.6.4	0.6.4	2.2.3	rustc 1.93.0 (254b59607 2026-01-19)	Apple M2	Darwin 25.5.0 Darwin Kernel Version 25.5.0: Tue Jun  9 22:27:52 PDT 2026; root:xnu-12377.121.10~1/RELEASE_ARM64_T8112	aarch64	64	ta-core=default(f64,std); ta-benchmarks=catalogue-matrix	b156ac1ec5c781af0a386c4deab4769a4c5479c1	true
fast-ta	Price Transform	TYPPRICE: Typical Price	TYPPRICE	Streaming Computation	none	4096	float	1	29033.668604651164	29017.68604651163	29076.308139534885	141077590.15145007	31	3	0	3	0	4096	fnv1a64:cc0fe58200a02aee	verified		measured		unavailable	separate Rust execution cost; not aggregated with the direct C kernel	3435	172	StreamingComputation::reset plus one next call per observation; stream and output allocation excluded	catalogue_fixture_v1:f64le	fnv1a64:06be03be64d63c6c	0.6.4	43f9d5042ecc4bd367941846494ad907bf20ea50	3.12.13	0.6.4	0.6.4	2.2.3	rustc 1.93.0 (254b59607 2026-01-19)	Apple M2	Darwin 25.5.0 Darwin Kernel Version 25.5.0: Tue Jun  9 22:27:52 PDT 2026; root:xnu-12377.121.10~1/RELEASE_ARM64_T8112	aarch64	64	ta-core=default(f64,std); ta-benchmarks=catalogue-matrix	b156ac1ec5c781af0a386c4deab4769a4c5479c1	true
TA-Lib C	Price Transform	TYPPRICE: Typical Price	TYPPRICE	direct C caller-owned	none	4096	float	1	1680.0290300546449	1673.1984289617487	1683.5013661202186	2438053109.038701	31	2	0	2	0	4096	fnv1a64:cc0fe58200a02aee	verified		measured		comparable	primary caller-owned Rust/C kernel	57970	2928	direct TA_TYPPRICE call; caller output allocation excluded	catalogue_fixture_v1:f64le	fnv1a64:06be03be64d63c6c	0.6.4	43f9d5042ecc4bd367941846494ad907bf20ea50	3.12.13	0.6.4	0.6.4	2.2.3	rustc 1.93.0 (254b59607 2026-01-19)	Apple M2	Darwin 25.5.0 Darwin Kernel Version 25.5.0: Tue Jun  9 22:27:52 PDT 2026; root:xnu-12377.121.10~1/RELEASE_ARM64_T8112	aarch64	64	ta-core=default(f64,std); ta-benchmarks=catalogue-matrix	b156ac1ec5c781af0a386c4deab4769a4c5479c1	true
TA-Lib Python	Price Transform	TYPPRICE: Typical Price	TYPPRICE	official Python NumPy API	none	4096	float	1	1906.288274145	1881.07389908	1919.950199229	2148678169.7994337	31	1	0	1	0	4096	fnv1a64:cc0fe58200a02aee	verified		measured		unavailable	user-facing Python API cost; not aggregated with caller-owned kernels	38360	2449	direct talib.TYPPRICE NumPy API expression including API-owned output; fixture loading excluded	catalogue_fixture_v1:f64le	fnv1a64:06be03be64d63c6c	0.6.4	43f9d5042ecc4bd367941846494ad907bf20ea50	3.12.13	0.6.4	0.6.4	2.2.3	rustc 1.93.0 (254b59607 2026-01-19)	Apple M2	Darwin 25.5.0 Darwin Kernel Version 25.5.0: Tue Jun  9 22:27:52 PDT 2026; root:xnu-12377.121.10~1/RELEASE_ARM64_T8112	aarch64	64	ta-core=default(f64,std); ta-benchmarks=catalogue-matrix	b156ac1ec5c781af0a386c4deab4769a4c5479c1	true
fast-ta	Volume Indicators	OBV: On Balance Volume	OBV	Owned Compact Output	none	4096	float	1	12664.346041055718	12553.519061583578	12805.105571847507	323427675.35895216	31	4	0	4	0	4096	fnv1a64:6576c3bc827e5b5e	verified		measured		unavailable	separate Rust execution cost; not aggregated with the direct C kernel	6796	341	IndicatorConfig::compute; API-owned Compact Output allocation included	catalogue_fixture_v1:f64le	fnv1a64:06be03be64d63c6c	0.6.4	43f9d5042ecc4bd367941846494ad907bf20ea50	3.12.13	0.6.4	0.6.4	2.2.3	rustc 1.93.0 (254b59607 2026-01-19)	Apple M2	Darwin 25.5.0 Darwin Kernel Version 25.5.0: Tue Jun  9 22:27:52 PDT 2026; root:xnu-12377.121.10~1/RELEASE_ARM64_T8112	aarch64	64	ta-core=default(f64,std); ta-benchmarks=catalogue-matrix	b156ac1ec5c781af0a386c4deab4769a4c5479c1	true
fast-ta	Volume Indicators	OBV: On Balance Volume	OBV	caller-owned Batch Computation	none	4096	float	1	11805.392523364486	11794.19859813084	11826.324766355141	346960085.5620392	31	2	1	1	0	4096	fnv1a64:6576c3bc827e5b5e	verified		measured		comparable	primary caller-owned Rust/C kernel	8472	428	IndicatorConfig::compute_into; caller output allocation excluded	catalogue_fixture_v1:f64le	fnv1a64:06be03be64d63c6c	0.6.4	43f9d5042ecc4bd367941846494ad907bf20ea50	3.12.13	0.6.4	0.6.4	2.2.3	rustc 1.93.0 (254b59607 2026-01-19)	Apple M2	Darwin 25.5.0 Darwin Kernel Version 25.5.0: Tue Jun  9 22:27:52 PDT 2026; root:xnu-12377.121.10~1/RELEASE_ARM64_T8112	aarch64	64	ta-core=default(f64,std); ta-benchmarks=catalogue-matrix	b156ac1ec5c781af0a386c4deab4769a4c5479c1	true
fast-ta	Volume Indicators	OBV: On Balance Volume	OBV	Prepared Batch Runner	none	4096	float	1	10537.158008658009	10524.080086580087	10597.852813852815	388719614.59005	31	5	0	5	0	4096	fnv1a64:6576c3bc827e5b5e	verified		measured		unavailable	separate Rust execution cost; not aggregated with the direct C kernel	9226	462	PreparedBatchRunner::compute_into; preparation and caller output allocation excluded	catalogue_fixture_v1:f64le	fnv1a64:06be03be64d63c6c	0.6.4	43f9d5042ecc4bd367941846494ad907bf20ea50	3.12.13	0.6.4	0.6.4	2.2.3	rustc 1.93.0 (254b59607 2026-01-19)	Apple M2	Darwin 25.5.0 Darwin Kernel Version 25.5.0: Tue Jun  9 22:27:52 PDT 2026; root:xnu-12377.121.10~1/RELEASE_ARM64_T8112	aarch64	64	ta-core=default(f64,std); ta-benchmarks=catalogue-matrix	b156ac1ec5c781af0a386c4deab4769a4c5479c1	true
fast-ta	Volume Indicators	OBV: On Balance Volume	OBV	Streaming Computation	none	4096	float	1	35710.99290780142	35595.14893617021	38568.26241134752	114698575.04592623	31	0	0	0	0	4096	fnv1a64:6576c3bc827e5b5e	verified		measured		unavailable	separate Rust execution cost; not aggregated with the direct C kernel	2651	141	StreamingComputation::reset plus one next call per observation; stream and output allocation excluded	catalogue_fixture_v1:f64le	fnv1a64:06be03be64d63c6c	0.6.4	43f9d5042ecc4bd367941846494ad907bf20ea50	3.12.13	0.6.4	0.6.4	2.2.3	rustc 1.93.0 (254b59607 2026-01-19)	Apple M2	Darwin 25.5.0 Darwin Kernel Version 25.5.0: Tue Jun  9 22:27:52 PDT 2026; root:xnu-12377.121.10~1/RELEASE_ARM64_T8112	aarch64	64	ta-core=default(f64,std); ta-benchmarks=catalogue-matrix	b156ac1ec5c781af0a386c4deab4769a4c5479c1	true
TA-Lib C	Volume Indicators	OBV: On Balance Volume	OBV	direct C caller-owned	none	4096	float	1	5599.754246885617	5595.554926387316	5612.211778029445	731460671.2032137	31	3	0	3	0	4096	fnv1a64:6576c3bc827e5b5e	verified		measured		comparable	primary caller-owned Rust/C kernel	17261	883	direct TA_OBV call; caller output allocation excluded	catalogue_fixture_v1:f64le	fnv1a64:06be03be64d63c6c	0.6.4	43f9d5042ecc4bd367941846494ad907bf20ea50	3.12.13	0.6.4	0.6.4	2.2.3	rustc 1.93.0 (254b59607 2026-01-19)	Apple M2	Darwin 25.5.0 Darwin Kernel Version 25.5.0: Tue Jun  9 22:27:52 PDT 2026; root:xnu-12377.121.10~1/RELEASE_ARM64_T8112	aarch64	64	ta-core=default(f64,std); ta-benchmarks=catalogue-matrix	b156ac1ec5c781af0a386c4deab4769a4c5479c1	true
TA-Lib Python	Volume Indicators	OBV: On Balance Volume	OBV	official Python NumPy API	none	4096	float	1	5768.744792194	5762.52912308	5788.558259355	710033143.6992184	31	4	0	4	0	4096	fnv1a64:6576c3bc827e5b5e	verified		measured		unavailable	user-facing Python API cost; not aggregated with caller-owned kernels	15644	858	direct talib.OBV NumPy API expression including API-owned output; fixture loading excluded	catalogue_fixture_v1:f64le	fnv1a64:06be03be64d63c6c	0.6.4	43f9d5042ecc4bd367941846494ad907bf20ea50	3.12.13	0.6.4	0.6.4	2.2.3	rustc 1.93.0 (254b59607 2026-01-19)	Apple M2	Darwin 25.5.0 Darwin Kernel Version 25.5.0: Tue Jun  9 22:27:52 PDT 2026; root:xnu-12377.121.10~1/RELEASE_ARM64_T8112	aarch64	64	ta-core=default(f64,std); ta-benchmarks=catalogue-matrix	b156ac1ec5c781af0a386c4deab4769a4c5479c1	true
fast-ta	Math Transform	SIN: Vector Trigonometric Sine	SIN	Owned Compact Output	none	4096	float	1	27213.367149758455	27075.07729468599	27327.497584541063	150514266.66385	31	0	0	0	0	4096	fnv1a64:91be4763beb470e2	verified		measured		unavailable	separate Rust execution cost; not aggregated with the direct C kernel	3712	207	IndicatorConfig::compute; API-owned Compact Output allocation included	catalogue_fixture_v1:f64le	fnv1a64:06be03be64d63c6c	0.6.4	43f9d5042ecc4bd367941846494ad907bf20ea50	3.12.13	0.6.4	0.6.4	2.2.3	rustc 1.93.0 (254b59607 2026-01-19)	Apple M2	Darwin 25.5.0 Darwin Kernel Version 25.5.0: Tue Jun  9 22:27:52 PDT 2026; root:xnu-12377.121.10~1/RELEASE_ARM64_T8112	aarch64	64	ta-core=default(f64,std); ta-benchmarks=catalogue-matrix	b156ac1ec5c781af0a386c4deab4769a4c5479c1	true
fast-ta	Math Transform	SIN: Vector Trigonometric Sine	SIN	caller-owned Batch Computation	none	4096	float	1	27219.20108695652	27110.733695652172	27260.41304347826	150482006.68765438	31	6	6	0	0	4096	fnv1a64:91be4763beb470e2	verified		measured		comparable	primary caller-owned Rust/C kernel	3786	184	IndicatorConfig::compute_into; caller output allocation excluded	catalogue_fixture_v1:f64le	fnv1a64:06be03be64d63c6c	0.6.4	43f9d5042ecc4bd367941846494ad907bf20ea50	3.12.13	0.6.4	0.6.4	2.2.3	rustc 1.93.0 (254b59607 2026-01-19)	Apple M2	Darwin 25.5.0 Darwin Kernel Version 25.5.0: Tue Jun  9 22:27:52 PDT 2026; root:xnu-12377.121.10~1/RELEASE_ARM64_T8112	aarch64	64	ta-core=default(f64,std); ta-benchmarks=catalogue-matrix	b156ac1ec5c781af0a386c4deab4769a4c5479c1	true
fast-ta	Math Transform	SIN: Vector Trigonometric Sine	SIN	Prepared Batch Runner	none	4096	float	1	26758.831521739132	26722.369565217392	26850.771739130436	153070958.89715403	31	5	5	0	0	4096	fnv1a64:91be4763beb470e2	verified		measured		unavailable	separate Rust execution cost; not aggregated with the direct C kernel	3772	184	PreparedBatchRunner::compute_into; preparation and caller output allocation excluded	catalogue_fixture_v1:f64le	fnv1a64:06be03be64d63c6c	0.6.4	43f9d5042ecc4bd367941846494ad907bf20ea50	3.12.13	0.6.4	0.6.4	2.2.3	rustc 1.93.0 (254b59607 2026-01-19)	Apple M2	Darwin 25.5.0 Darwin Kernel Version 25.5.0: Tue Jun  9 22:27:52 PDT 2026; root:xnu-12377.121.10~1/RELEASE_ARM64_T8112	aarch64	64	ta-core=default(f64,std); ta-benchmarks=catalogue-matrix	b156ac1ec5c781af0a386c4deab4769a4c5479c1	true
fast-ta	Math Transform	SIN: Vector Trigonometric Sine	SIN	Streaming Computation	none	4096	float	1	25762.588541666668	25733.723958333332	25832.895833333332	158990234.74971882	31	4	0	4	0	4096	fnv1a64:91be4763beb470e2	verified		measured		unavailable	separate Rust execution cost; not aggregated with the direct C kernel	3924	192	StreamingComputation::reset plus one next call per observation; stream and output allocation excluded	catalogue_fixture_v1:f64le	fnv1a64:06be03be64d63c6c	0.6.4	43f9d5042ecc4bd367941846494ad907bf20ea50	3.12.13	0.6.4	0.6.4	2.2.3	rustc 1.93.0 (254b59607 2026-01-19)	Apple M2	Darwin 25.5.0 Darwin Kernel Version 25.5.0: Tue Jun  9 22:27:52 PDT 2026; root:xnu-12377.121.10~1/RELEASE_ARM64_T8112	aarch64	64	ta-core=default(f64,std); ta-benchmarks=catalogue-matrix	b156ac1ec5c781af0a386c4deab4769a4c5479c1	true
TA-Lib C	Math Transform	SIN: Vector Trigonometric Sine	SIN	direct C caller-owned	none	4096	float	1	24020.937198067633	23937.400966183573	24073.869565217392	170517909.69794065	31	1	0	1	0	4096	fnv1a64:91be4763beb470e2	verified		measured		comparable	primary caller-owned Rust/C kernel	4159	207	direct TA_SIN call; caller output allocation excluded	catalogue_fixture_v1:f64le	fnv1a64:06be03be64d63c6c	0.6.4	43f9d5042ecc4bd367941846494ad907bf20ea50	3.12.13	0.6.4	0.6.4	2.2.3	rustc 1.93.0 (254b59607 2026-01-19)	Apple M2	Darwin 25.5.0 Darwin Kernel Version 25.5.0: Tue Jun  9 22:27:52 PDT 2026; root:xnu-12377.121.10~1/RELEASE_ARM64_T8112	aarch64	64	ta-core=default(f64,std); ta-benchmarks=catalogue-matrix	b156ac1ec5c781af0a386c4deab4769a4c5479c1	true
TA-Lib Python	Math Transform	SIN: Vector Trigonometric Sine	SIN	official Python NumPy API	none	4096	float	1	24310.718863809	24238.06517296	24437.396869007	168485350.96581012	31	4	0	4	0	4096	fnv1a64:91be4763beb470e2	verified		measured		unavailable	user-facing Python API cost; not aggregated with caller-owned kernels	3972	199	direct talib.SIN NumPy API expression including API-owned output; fixture loading excluded	catalogue_fixture_v1:f64le	fnv1a64:06be03be64d63c6c	0.6.4	43f9d5042ecc4bd367941846494ad907bf20ea50	3.12.13	0.6.4	0.6.4	2.2.3	rustc 1.93.0 (254b59607 2026-01-19)	Apple M2	Darwin 25.5.0 Darwin Kernel Version 25.5.0: Tue Jun  9 22:27:52 PDT 2026; root:xnu-12377.121.10~1/RELEASE_ARM64_T8112	aarch64	64	ta-core=default(f64,std); ta-benchmarks=catalogue-matrix	b156ac1ec5c781af0a386c4deab4769a4c5479c1	true
fast-ta	Math Operators	ADD: Vector Arithmetic Add	ADD	Owned Compact Output	none	4096	float	1	8333.991212653778	8308.070298769771	8381.957820738136	491481199.7618747	31	8	3	5	0	4096	fnv1a64:d50f71f555286fae	verified		measured		unavailable	separate Rust execution cost; not aggregated with the direct C kernel	12004	569	IndicatorConfig::compute; API-owned Compact Output allocation included	catalogue_fixture_v1:f64le	fnv1a64:06be03be64d63c6c	0.6.4	43f9d5042ecc4bd367941846494ad907bf20ea50	3.12.13	0.6.4	0.6.4	2.2.3	rustc 1.93.0 (254b59607 2026-01-19)	Apple M2	Darwin 25.5.0 Darwin Kernel Version 25.5.0: Tue Jun  9 22:27:52 PDT 2026; root:xnu-12377.121.10~1/RELEASE_ARM64_T8112	aarch64	64	ta-core=default(f64,std); ta-benchmarks=catalogue-matrix	b156ac1ec5c781af0a386c4deab4769a4c5479c1	true
fast-ta	Math Operators	ADD: Vector Arithmetic Add	ADD	caller-owned Batch Computation	none	4096	float	1	7772.076569678407	7736.728943338438	7829.1225114854515	527014879.9073764	31	0	0	0	0	4096	fnv1a64:d50f71f555286fae	verified		measured		comparable	primary caller-owned Rust/C kernel	13132	653	IndicatorConfig::compute_into; caller output allocation excluded	catalogue_fixture_v1:f64le	fnv1a64:06be03be64d63c6c	0.6.4	43f9d5042ecc4bd367941846494ad907bf20ea50	3.12.13	0.6.4	0.6.4	2.2.3	rustc 1.93.0 (254b59607 2026-01-19)	Apple M2	Darwin 25.5.0 Darwin Kernel Version 25.5.0: Tue Jun  9 22:27:52 PDT 2026; root:xnu-12377.121.10~1/RELEASE_ARM64_T8112	aarch64	64	ta-core=default(f64,std); ta-benchmarks=catalogue-matrix	b156ac1ec5c781af0a386c4deab4769a4c5479c1	true
fast-ta	Math Operators	ADD: Vector Arithmetic Add	ADD	Prepared Batch Runner	none	4096	float	1	7382.594180704441	7090.543644716692	7425.407350689127	554818523.1020193	31	0	0	0	0	4096	fnv1a64:d50f71f555286fae	verified		measured		unavailable	separate Rust execution cost; not aggregated with the direct C kernel	13673	653	PreparedBatchRunner::compute_into; preparation and caller output allocation excluded	catalogue_fixture_v1:f64le	fnv1a64:06be03be64d63c6c	0.6.4	43f9d5042ecc4bd367941846494ad907bf20ea50	3.12.13	0.6.4	0.6.4	2.2.3	rustc 1.93.0 (254b59607 2026-01-19)	Apple M2	Darwin 25.5.0 Darwin Kernel Version 25.5.0: Tue Jun  9 22:27:52 PDT 2026; root:xnu-12377.121.10~1/RELEASE_ARM64_T8112	aarch64	64	ta-core=default(f64,std); ta-benchmarks=catalogue-matrix	b156ac1ec5c781af0a386c4deab4769a4c5479c1	true
fast-ta	Math Operators	ADD: Vector Arithmetic Add	ADD	Streaming Computation	none	4096	float	1	9040.304900181489	9035.920145190563	9042.800362976406	453082063.6279392	31	4	0	4	0	4096	fnv1a64:d50f71f555286fae	verified		measured		unavailable	separate Rust execution cost; not aggregated with the direct C kernel	10981	551	StreamingComputation::reset plus one next call per observation; stream and output allocation excluded	catalogue_fixture_v1:f64le	fnv1a64:06be03be64d63c6c	0.6.4	43f9d5042ecc4bd367941846494ad907bf20ea50	3.12.13	0.6.4	0.6.4	2.2.3	rustc 1.93.0 (254b59607 2026-01-19)	Apple M2	Darwin 25.5.0 Darwin Kernel Version 25.5.0: Tue Jun  9 22:27:52 PDT 2026; root:xnu-12377.121.10~1/RELEASE_ARM64_T8112	aarch64	64	ta-core=default(f64,std); ta-benchmarks=catalogue-matrix	b156ac1ec5c781af0a386c4deab4769a4c5479c1	true
TA-Lib C	Math Operators	ADD: Vector Arithmetic Add	ADD	direct C caller-owned	none	4096	float	1	1066.1266328978938	1051.6195681151694	1093.3196480938416	3841945106.339245	31	3	0	3	0	4096	fnv1a64:d50f71f555286fae	verified		measured		comparable	primary caller-owned Rust/C kernel	87242	3751	direct TA_ADD call; caller output allocation excluded	catalogue_fixture_v1:f64le	fnv1a64:06be03be64d63c6c	0.6.4	43f9d5042ecc4bd367941846494ad907bf20ea50	3.12.13	0.6.4	0.6.4	2.2.3	rustc 1.93.0 (254b59607 2026-01-19)	Apple M2	Darwin 25.5.0 Darwin Kernel Version 25.5.0: Tue Jun  9 22:27:52 PDT 2026; root:xnu-12377.121.10~1/RELEASE_ARM64_T8112	aarch64	64	ta-core=default(f64,std); ta-benchmarks=catalogue-matrix	b156ac1ec5c781af0a386c4deab4769a4c5479c1	true
TA-Lib Python	Math Operators	ADD: Vector Arithmetic Add	ADD	official Python NumPy API	none	4096	float	1	1423.838319181	1343.116856874	1467.280711462	2876731118.148332	31	1	0	1	0	4096	fnv1a64:d50f71f555286fae	verified		measured		unavailable	user-facing Python API cost; not aggregated with caller-owned kernels	50941	3637	direct talib.ADD NumPy API expression including API-owned output; fixture loading excluded	catalogue_fixture_v1:f64le	fnv1a64:06be03be64d63c6c	0.6.4	43f9d5042ecc4bd367941846494ad907bf20ea50	3.12.13	0.6.4	0.6.4	2.2.3	rustc 1.93.0 (254b59607 2026-01-19)	Apple M2	Darwin 25.5.0 Darwin Kernel Version 25.5.0: Tue Jun  9 22:27:52 PDT 2026; root:xnu-12377.121.10~1/RELEASE_ARM64_T8112	aarch64	64	ta-core=default(f64,std); ta-benchmarks=catalogue-matrix	b156ac1ec5c781af0a386c4deab4769a4c5479c1	true
fast-ta	Overlap Studies	SMA: Simple Moving Average	SMA	Owned Compact Output	timeperiod=14	65536	float	1	178620.5357142857	178500	178739.57142857142	366900702.30686563	31	5	0	5	13	65523	fnv1a64:af3bde69a6a8b06c	verified		measured		unavailable	separate Rust execution cost; not aggregated with the direct C kernel	547	28	IndicatorConfig::compute; API-owned Compact Output allocation included	catalogue_fixture_v1:f64le	fnv1a64:a4171d0a7611733a	0.6.4	43f9d5042ecc4bd367941846494ad907bf20ea50	3.12.13	0.6.4	0.6.4	2.2.3	rustc 1.93.0 (254b59607 2026-01-19)	Apple M2	Darwin 25.5.0 Darwin Kernel Version 25.5.0: Tue Jun  9 22:27:52 PDT 2026; root:xnu-12377.121.10~1/RELEASE_ARM64_T8112	aarch64	64	ta-core=default(f64,std); ta-benchmarks=catalogue-matrix	b156ac1ec5c781af0a386c4deab4769a4c5479c1	true
fast-ta	Overlap Studies	SMA: Simple Moving Average	SMA	caller-owned Batch Computation	timeperiod=14	65536	float	1	172994.24137931035	151035.89655172414	173672.41379310345	378833419.4102136	31	1	0	1	13	65523	fnv1a64:af3bde69a6a8b06c	verified		measured		comparable	primary caller-owned Rust/C kernel	521	29	IndicatorConfig::compute_into; caller output allocation excluded	catalogue_fixture_v1:f64le	fnv1a64:a4171d0a7611733a	0.6.4	43f9d5042ecc4bd367941846494ad907bf20ea50	3.12.13	0.6.4	0.6.4	2.2.3	rustc 1.93.0 (254b59607 2026-01-19)	Apple M2	Darwin 25.5.0 Darwin Kernel Version 25.5.0: Tue Jun  9 22:27:52 PDT 2026; root:xnu-12377.121.10~1/RELEASE_ARM64_T8112	aarch64	64	ta-core=default(f64,std); ta-benchmarks=catalogue-matrix	b156ac1ec5c781af0a386c4deab4769a4c5479c1	true
fast-ta	Overlap Studies	SMA: Simple Moving Average	SMA	Prepared Batch Runner	timeperiod=14	65536	float	1	139480.41176470587	138984.0588235294	154823.5294117647	469858090.9737695	31	0	0	0	13	65523	fnv1a64:af3bde69a6a8b06c	verified		measured		unavailable	separate Rust execution cost; not aggregated with the direct C kernel	665	34	PreparedBatchRunner::compute_into; preparation and caller output allocation excluded	catalogue_fixture_v1:f64le	fnv1a64:a4171d0a7611733a	0.6.4	43f9d5042ecc4bd367941846494ad907bf20ea50	3.12.13	0.6.4	0.6.4	2.2.3	rustc 1.93.0 (254b59607 2026-01-19)	Apple M2	Darwin 25.5.0 Darwin Kernel Version 25.5.0: Tue Jun  9 22:27:52 PDT 2026; root:xnu-12377.121.10~1/RELEASE_ARM64_T8112	aarch64	64	ta-core=default(f64,std); ta-benchmarks=catalogue-matrix	b156ac1ec5c781af0a386c4deab4769a4c5479c1	true
fast-ta	Overlap Studies	SMA: Simple Moving Average	SMA	Streaming Computation	timeperiod=14	65536	float	1	569229.2	556570.9	639758.4	115131128.1993264	31	3	0	3	13	65523	fnv1a64:af3bde69a6a8b06c	verified		measured		unavailable	separate Rust execution cost; not aggregated with the direct C kernel	202	10	StreamingComputation::reset plus one next call per observation; stream and output allocation excluded	catalogue_fixture_v1:f64le	fnv1a64:a4171d0a7611733a	0.6.4	43f9d5042ecc4bd367941846494ad907bf20ea50	3.12.13	0.6.4	0.6.4	2.2.3	rustc 1.93.0 (254b59607 2026-01-19)	Apple M2	Darwin 25.5.0 Darwin Kernel Version 25.5.0: Tue Jun  9 22:27:52 PDT 2026; root:xnu-12377.121.10~1/RELEASE_ARM64_T8112	aarch64	64	ta-core=default(f64,std); ta-benchmarks=catalogue-matrix	b156ac1ec5c781af0a386c4deab4769a4c5479c1	true
TA-Lib C	Overlap Studies	SMA: Simple Moving Average	SMA	direct C caller-owned	timeperiod=14	65536	float	1	202723.32	201903.32	204033.36	323278052.0761005	31	5	3	2	13	65523	fnv1a64:f15ad23244873212	verified		measured		comparable	primary caller-owned Rust/C kernel	444	25	direct TA_SMA call; caller output allocation excluded	catalogue_fixture_v1:f64le	fnv1a64:a4171d0a7611733a	0.6.4	43f9d5042ecc4bd367941846494ad907bf20ea50	3.12.13	0.6.4	0.6.4	2.2.3	rustc 1.93.0 (254b59607 2026-01-19)	Apple M2	Darwin 25.5.0 Darwin Kernel Version 25.5.0: Tue Jun  9 22:27:52 PDT 2026; root:xnu-12377.121.10~1/RELEASE_ARM64_T8112	aarch64	64	ta-core=default(f64,std); ta-benchmarks=catalogue-matrix	b156ac1ec5c781af0a386c4deab4769a4c5479c1	true
TA-Lib Python	Overlap Studies	SMA: Simple Moving Average	SMA	official Python NumPy API	timeperiod=14	65536	float	1	166237.904434843	166143.807056811	166780.903049174	394230186.0866326	31	2	1	1	13	65523	fnv1a64:f15ad23244873212	verified		measured		unavailable	user-facing Python API cost; not aggregated with caller-owned kernels	586	31	direct talib.SMA NumPy API expression including API-owned output; fixture loading excluded	catalogue_fixture_v1:f64le	fnv1a64:a4171d0a7611733a	0.6.4	43f9d5042ecc4bd367941846494ad907bf20ea50	3.12.13	0.6.4	0.6.4	2.2.3	rustc 1.93.0 (254b59607 2026-01-19)	Apple M2	Darwin 25.5.0 Darwin Kernel Version 25.5.0: Tue Jun  9 22:27:52 PDT 2026; root:xnu-12377.121.10~1/RELEASE_ARM64_T8112	aarch64	64	ta-core=default(f64,std); ta-benchmarks=catalogue-matrix	b156ac1ec5c781af0a386c4deab4769a4c5479c1	true
fast-ta	Overlap Studies	BBANDS: Bollinger Bands	BBANDS	Owned Compact Output	timeperiod=20;nbdevup=2;nbdevdn=2;matype=SMA	65536	float	3	375750	375190.5	376315.5	174413838.98868927	31	6	5	1	19	65517	fnv1a64:d9001fec0702c969	verified		measured		unavailable	separate Rust execution cost; not aggregated with the direct C kernel	268	14	IndicatorConfig::compute; API-owned Compact Output allocation included	catalogue_fixture_v1:f64le	fnv1a64:a4171d0a7611733a	0.6.4	43f9d5042ecc4bd367941846494ad907bf20ea50	3.12.13	0.6.4	0.6.4	2.2.3	rustc 1.93.0 (254b59607 2026-01-19)	Apple M2	Darwin 25.5.0 Darwin Kernel Version 25.5.0: Tue Jun  9 22:27:52 PDT 2026; root:xnu-12377.121.10~1/RELEASE_ARM64_T8112	aarch64	64	ta-core=default(f64,std); ta-benchmarks=catalogue-matrix	b156ac1ec5c781af0a386c4deab4769a4c5479c1	true
fast-ta	Overlap Studies	BBANDS: Bollinger Bands	BBANDS	caller-owned Batch Computation	timeperiod=20;nbdevup=2;nbdevdn=2;matype=SMA	65536	float	3	340577.8	340161.13333333336	340897.2	192425930.2867069	31	3	0	3	19	65517	fnv1a64:d9001fec0702c969	verified		measured		comparable	primary caller-owned Rust/C kernel	296	15	IndicatorConfig::compute_into; caller output allocation excluded	catalogue_fixture_v1:f64le	fnv1a64:a4171d0a7611733a	0.6.4	43f9d5042ecc4bd367941846494ad907bf20ea50	3.12.13	0.6.4	0.6.4	2.2.3	rustc 1.93.0 (254b59607 2026-01-19)	Apple M2	Darwin 25.5.0 Darwin Kernel Version 25.5.0: Tue Jun  9 22:27:52 PDT 2026; root:xnu-12377.121.10~1/RELEASE_ARM64_T8112	aarch64	64	ta-core=default(f64,std); ta-benchmarks=catalogue-matrix	b156ac1ec5c781af0a386c4deab4769a4c5479c1	true
fast-ta	Overlap Studies	BBANDS: Bollinger Bands	BBANDS	Prepared Batch Runner	timeperiod=20;nbdevup=2;nbdevdn=2;matype=SMA	65536	float	3	326804.6875	326625	327578.125	200535679.28091606	31	3	0	3	19	65517	fnv1a64:d9001fec0702c969	verified		measured		unavailable	separate Rust execution cost; not aggregated with the direct C kernel	311	16	PreparedBatchRunner::compute_into; preparation and caller output allocation excluded	catalogue_fixture_v1:f64le	fnv1a64:a4171d0a7611733a	0.6.4	43f9d5042ecc4bd367941846494ad907bf20ea50	3.12.13	0.6.4	0.6.4	2.2.3	rustc 1.93.0 (254b59607 2026-01-19)	Apple M2	Darwin 25.5.0 Darwin Kernel Version 25.5.0: Tue Jun  9 22:27:52 PDT 2026; root:xnu-12377.121.10~1/RELEASE_ARM64_T8112	aarch64	64	ta-core=default(f64,std); ta-benchmarks=catalogue-matrix	b156ac1ec5c781af0a386c4deab4769a4c5479c1	true
fast-ta	Overlap Studies	BBANDS: Bollinger Bands	BBANDS	Streaming Computation	timeperiod=20;nbdevup=2;nbdevdn=2;matype=SMA	65536	float	3	596606.4444444445	595046.3333333334	597838	109847958.58352928	31	0	0	0	19	65517	fnv1a64:d9001fec0702c969	verified		measured		unavailable	separate Rust execution cost; not aggregated with the direct C kernel	167	9	StreamingComputation::reset plus one next call per observation; stream and output allocation excluded	catalogue_fixture_v1:f64le	fnv1a64:a4171d0a7611733a	0.6.4	43f9d5042ecc4bd367941846494ad907bf20ea50	3.12.13	0.6.4	0.6.4	2.2.3	rustc 1.93.0 (254b59607 2026-01-19)	Apple M2	Darwin 25.5.0 Darwin Kernel Version 25.5.0: Tue Jun  9 22:27:52 PDT 2026; root:xnu-12377.121.10~1/RELEASE_ARM64_T8112	aarch64	64	ta-core=default(f64,std); ta-benchmarks=catalogue-matrix	b156ac1ec5c781af0a386c4deab4769a4c5479c1	true
TA-Lib C	Overlap Studies	BBANDS: Bollinger Bands	BBANDS	direct C caller-owned	timeperiod=20;nbdevup=2;nbdevdn=2;matype=SMA	65536	float	3	410562.5	407052.0833333333	412309	159624904.8561425	31	1	0	1	19	65517	fnv1a64:25bf9c5b84b4c3ac	verified		measured		comparable	primary caller-owned Rust/C kernel	232	12	direct TA_BBANDS call; caller output allocation excluded	catalogue_fixture_v1:f64le	fnv1a64:a4171d0a7611733a	0.6.4	43f9d5042ecc4bd367941846494ad907bf20ea50	3.12.13	0.6.4	0.6.4	2.2.3	rustc 1.93.0 (254b59607 2026-01-19)	Apple M2	Darwin 25.5.0 Darwin Kernel Version 25.5.0: Tue Jun  9 22:27:52 PDT 2026; root:xnu-12377.121.10~1/RELEASE_ARM64_T8112	aarch64	64	ta-core=default(f64,std); ta-benchmarks=catalogue-matrix	b156ac1ec5c781af0a386c4deab4769a4c5479c1	true
TA-Lib Python	Overlap Studies	BBANDS: Bollinger Bands	BBANDS	official Python NumPy API	timeperiod=20;nbdevup=2;nbdevdn=2;matype=SMA	65536	float	3	398189.08016269	397467.999181782	399243.614922922	164585126.17479023	31	2	2	0	19	65517	fnv1a64:25bf9c5b84b4c3ac	verified		measured		unavailable	user-facing Python API cost; not aggregated with caller-owned kernels	242	13	direct talib.BBANDS NumPy API expression including API-owned output; fixture loading excluded	catalogue_fixture_v1:f64le	fnv1a64:a4171d0a7611733a	0.6.4	43f9d5042ecc4bd367941846494ad907bf20ea50	3.12.13	0.6.4	0.6.4	2.2.3	rustc 1.93.0 (254b59607 2026-01-19)	Apple M2	Darwin 25.5.0 Darwin Kernel Version 25.5.0: Tue Jun  9 22:27:52 PDT 2026; root:xnu-12377.121.10~1/RELEASE_ARM64_T8112	aarch64	64	ta-core=default(f64,std); ta-benchmarks=catalogue-matrix	b156ac1ec5c781af0a386c4deab4769a4c5479c1	true
fast-ta	Momentum Indicators	RSI: Relative Strength Index	RSI	Owned Compact Output	timeperiod=14	65536	float	1	399932.6923076923	398429.53846153844	401689.1538461539	163867573.87060323	31	0	0	0	14	65522	fnv1a64:b3cd1ba41e0575e9	verified		measured		unavailable	separate Rust execution cost; not aggregated with the direct C kernel	242	13	IndicatorConfig::compute; API-owned Compact Output allocation included	catalogue_fixture_v1:f64le	fnv1a64:a4171d0a7611733a	0.6.4	43f9d5042ecc4bd367941846494ad907bf20ea50	3.12.13	0.6.4	0.6.4	2.2.3	rustc 1.93.0 (254b59607 2026-01-19)	Apple M2	Darwin 25.5.0 Darwin Kernel Version 25.5.0: Tue Jun  9 22:27:52 PDT 2026; root:xnu-12377.121.10~1/RELEASE_ARM64_T8112	aarch64	64	ta-core=default(f64,std); ta-benchmarks=catalogue-matrix	b156ac1ec5c781af0a386c4deab4769a4c5479c1	true
fast-ta	Momentum Indicators	RSI: Relative Strength Index	RSI	caller-owned Batch Computation	timeperiod=14	65536	float	1	396365.3846153846	395916.6923076923	397189.07692307694	165342389.98592985	31	9	7	2	14	65522	fnv1a64:b3cd1ba41e0575e9	verified		measured		comparable	primary caller-owned Rust/C kernel	252	13	IndicatorConfig::compute_into; caller output allocation excluded	catalogue_fixture_v1:f64le	fnv1a64:a4171d0a7611733a	0.6.4	43f9d5042ecc4bd367941846494ad907bf20ea50	3.12.13	0.6.4	0.6.4	2.2.3	rustc 1.93.0 (254b59607 2026-01-19)	Apple M2	Darwin 25.5.0 Darwin Kernel Version 25.5.0: Tue Jun  9 22:27:52 PDT 2026; root:xnu-12377.121.10~1/RELEASE_ARM64_T8112	aarch64	64	ta-core=default(f64,std); ta-benchmarks=catalogue-matrix	b156ac1ec5c781af0a386c4deab4769a4c5479c1	true
fast-ta	Momentum Indicators	RSI: Relative Strength Index	RSI	Prepared Batch Runner	timeperiod=14	65536	float	1	380294.64285714284	380074.35714285716	380875	172329537.7174653	31	3	0	3	14	65522	fnv1a64:b3cd1ba41e0575e9	verified		measured		unavailable	separate Rust execution cost; not aggregated with the direct C kernel	263	14	PreparedBatchRunner::compute_into; preparation and caller output allocation excluded	catalogue_fixture_v1:f64le	fnv1a64:a4171d0a7611733a	0.6.4	43f9d5042ecc4bd367941846494ad907bf20ea50	3.12.13	0.6.4	0.6.4	2.2.3	rustc 1.93.0 (254b59607 2026-01-19)	Apple M2	Darwin 25.5.0 Darwin Kernel Version 25.5.0: Tue Jun  9 22:27:52 PDT 2026; root:xnu-12377.121.10~1/RELEASE_ARM64_T8112	aarch64	64	ta-core=default(f64,std); ta-benchmarks=catalogue-matrix	b156ac1ec5c781af0a386c4deab4769a4c5479c1	true
fast-ta	Momentum Indicators	RSI: Relative Strength Index	RSI	Streaming Computation	timeperiod=14	65536	float	1	636004.6666666666	632523.1111111111	637143.5555555555	103043269.07454558	31	0	0	0	14	65522	fnv1a64:b3cd1ba41e0575e9	verified		measured		unavailable	separate Rust execution cost; not aggregated with the direct C kernel	163	9	StreamingComputation::reset plus one next call per observation; stream and output allocation excluded	catalogue_fixture_v1:f64le	fnv1a64:a4171d0a7611733a	0.6.4	43f9d5042ecc4bd367941846494ad907bf20ea50	3.12.13	0.6.4	0.6.4	2.2.3	rustc 1.93.0 (254b59607 2026-01-19)	Apple M2	Darwin 25.5.0 Darwin Kernel Version 25.5.0: Tue Jun  9 22:27:52 PDT 2026; root:xnu-12377.121.10~1/RELEASE_ARM64_T8112	aarch64	64	ta-core=default(f64,std); ta-benchmarks=catalogue-matrix	b156ac1ec5c781af0a386c4deab4769a4c5479c1	true
TA-Lib C	Momentum Indicators	RSI: Relative Strength Index	RSI	direct C caller-owned	timeperiod=14	65536	float	1	390201.92307692306	389676.3076923077	390717.92307692306	167954067.1742934	31	1	0	1	14	65522	fnv1a64:b3cd1ba41e0575e9	verified		measured		comparable	primary caller-owned Rust/C kernel	253	13	direct TA_RSI call; caller output allocation excluded	catalogue_fixture_v1:f64le	fnv1a64:a4171d0a7611733a	0.6.4	43f9d5042ecc4bd367941846494ad907bf20ea50	3.12.13	0.6.4	0.6.4	2.2.3	rustc 1.93.0 (254b59607 2026-01-19)	Apple M2	Darwin 25.5.0 Darwin Kernel Version 25.5.0: Tue Jun  9 22:27:52 PDT 2026; root:xnu-12377.121.10~1/RELEASE_ARM64_T8112	aarch64	64	ta-core=default(f64,std); ta-benchmarks=catalogue-matrix	b156ac1ec5c781af0a386c4deab4769a4c5479c1	true
TA-Lib Python	Momentum Indicators	RSI: Relative Strength Index	RSI	official Python NumPy API	timeperiod=14	65536	float	1	390551.232088071	390205.075606131	390891.00363736	167803849.06127077	31	4	0	4	14	65522	fnv1a64:b3cd1ba41e0575e9	verified		measured		unavailable	user-facing Python API cost; not aggregated with caller-owned kernels	254	13	direct talib.RSI NumPy API expression including API-owned output; fixture loading excluded	catalogue_fixture_v1:f64le	fnv1a64:a4171d0a7611733a	0.6.4	43f9d5042ecc4bd367941846494ad907bf20ea50	3.12.13	0.6.4	0.6.4	2.2.3	rustc 1.93.0 (254b59607 2026-01-19)	Apple M2	Darwin 25.5.0 Darwin Kernel Version 25.5.0: Tue Jun  9 22:27:52 PDT 2026; root:xnu-12377.121.10~1/RELEASE_ARM64_T8112	aarch64	64	ta-core=default(f64,std); ta-benchmarks=catalogue-matrix	b156ac1ec5c781af0a386c4deab4769a4c5479c1	true
fast-ta	Momentum Indicators	MACD: Moving Average Convergence/Divergence	MACD	Owned Compact Output	fastperiod=12;slowperiod=26;signalperiod=9	65536	float	3	605481.4444444445	604805.5555555555	607041.6666666666	108237833.87801772	31	6	0	6	33	65503	fnv1a64:69846d5bb019b909	verified		measured		unavailable	separate Rust execution cost; not aggregated with the direct C kernel	170	9	IndicatorConfig::compute; API-owned Compact Output allocation included	catalogue_fixture_v1:f64le	fnv1a64:a4171d0a7611733a	0.6.4	43f9d5042ecc4bd367941846494ad907bf20ea50	3.12.13	0.6.4	0.6.4	2.2.3	rustc 1.93.0 (254b59607 2026-01-19)	Apple M2	Darwin 25.5.0 Darwin Kernel Version 25.5.0: Tue Jun  9 22:27:52 PDT 2026; root:xnu-12377.121.10~1/RELEASE_ARM64_T8112	aarch64	64	ta-core=default(f64,std); ta-benchmarks=catalogue-matrix	b156ac1ec5c781af0a386c4deab4769a4c5479c1	true
fast-ta	Momentum Indicators	MACD: Moving Average Convergence/Divergence	MACD	caller-owned Batch Computation	fastperiod=12;slowperiod=26;signalperiod=9	65536	float	3	613680.5555555555	612523.1111111111	623615.6666666666	106791716.64592057	31	0	0	0	33	65503	fnv1a64:69846d5bb019b909	verified		measured		comparable	primary caller-owned Rust/C kernel	163	9	IndicatorConfig::compute_into; caller output allocation excluded	catalogue_fixture_v1:f64le	fnv1a64:a4171d0a7611733a	0.6.4	43f9d5042ecc4bd367941846494ad907bf20ea50	3.12.13	0.6.4	0.6.4	2.2.3	rustc 1.93.0 (254b59607 2026-01-19)	Apple M2	Darwin 25.5.0 Darwin Kernel Version 25.5.0: Tue Jun  9 22:27:52 PDT 2026; root:xnu-12377.121.10~1/RELEASE_ARM64_T8112	aarch64	64	ta-core=default(f64,std); ta-benchmarks=catalogue-matrix	b156ac1ec5c781af0a386c4deab4769a4c5479c1	true
fast-ta	Momentum Indicators	MACD: Moving Average Convergence/Divergence	MACD	Prepared Batch Runner	fastperiod=12;slowperiod=26;signalperiod=9	65536	float	3	642260.375	641895.875	643468.75	102039612.8283642	31	1	0	1	33	65503	fnv1a64:69846d5bb019b909	verified		measured		unavailable	separate Rust execution cost; not aggregated with the direct C kernel	155	8	PreparedBatchRunner::compute_into; preparation and caller output allocation excluded	catalogue_fixture_v1:f64le	fnv1a64:a4171d0a7611733a	0.6.4	43f9d5042ecc4bd367941846494ad907bf20ea50	3.12.13	0.6.4	0.6.4	2.2.3	rustc 1.93.0 (254b59607 2026-01-19)	Apple M2	Darwin 25.5.0 Darwin Kernel Version 25.5.0: Tue Jun  9 22:27:52 PDT 2026; root:xnu-12377.121.10~1/RELEASE_ARM64_T8112	aarch64	64	ta-core=default(f64,std); ta-benchmarks=catalogue-matrix	b156ac1ec5c781af0a386c4deab4769a4c5479c1	true
fast-ta	Momentum Indicators	MACD: Moving Average Convergence/Divergence	MACD	Streaming Computation	fastperiod=12;slowperiod=26;signalperiod=9	65536	float	3	811309.5714285715	810922.5714285715	814220.1428571428	80778043.6814061	31	3	3	0	33	65503	fnv1a64:69846d5bb019b909	verified		measured		unavailable	separate Rust execution cost; not aggregated with the direct C kernel	130	7	StreamingComputation::reset plus one next call per observation; stream and output allocation excluded	catalogue_fixture_v1:f64le	fnv1a64:a4171d0a7611733a	0.6.4	43f9d5042ecc4bd367941846494ad907bf20ea50	3.12.13	0.6.4	0.6.4	2.2.3	rustc 1.93.0 (254b59607 2026-01-19)	Apple M2	Darwin 25.5.0 Darwin Kernel Version 25.5.0: Tue Jun  9 22:27:52 PDT 2026; root:xnu-12377.121.10~1/RELEASE_ARM64_T8112	aarch64	64	ta-core=default(f64,std); ta-benchmarks=catalogue-matrix	b156ac1ec5c781af0a386c4deab4769a4c5479c1	true
TA-Lib C	Momentum Indicators	MACD: Moving Average Convergence/Divergence	MACD	direct C caller-owned	fastperiod=12;slowperiod=26;signalperiod=9	65536	float	3	526162.5	525479.2	526916.7	124554676.54954505	31	9	7	2	33	65503	fnv1a64:3d060218c024f918	verified		measured		comparable	primary caller-owned Rust/C kernel	186	10	direct TA_MACD call; caller output allocation excluded	catalogue_fixture_v1:f64le	fnv1a64:a4171d0a7611733a	0.6.4	43f9d5042ecc4bd367941846494ad907bf20ea50	3.12.13	0.6.4	0.6.4	2.2.3	rustc 1.93.0 (254b59607 2026-01-19)	Apple M2	Darwin 25.5.0 Darwin Kernel Version 25.5.0: Tue Jun  9 22:27:52 PDT 2026; root:xnu-12377.121.10~1/RELEASE_ARM64_T8112	aarch64	64	ta-core=default(f64,std); ta-benchmarks=catalogue-matrix	b156ac1ec5c781af0a386c4deab4769a4c5479c1	true
TA-Lib Python	Momentum Indicators	MACD: Moving Average Convergence/Divergence	MACD	official Python NumPy API	fastperiod=12;slowperiod=26;signalperiod=9	65536	float	3	508895.900566131	507770.804688334	510320.899775252	128780758.357639	31	5	3	2	33	65503	fnv1a64:3d060218c024f918	verified		measured		unavailable	user-facing Python API cost; not aggregated with caller-owned kernels	196	10	direct talib.MACD NumPy API expression including API-owned output; fixture loading excluded	catalogue_fixture_v1:f64le	fnv1a64:a4171d0a7611733a	0.6.4	43f9d5042ecc4bd367941846494ad907bf20ea50	3.12.13	0.6.4	0.6.4	2.2.3	rustc 1.93.0 (254b59607 2026-01-19)	Apple M2	Darwin 25.5.0 Darwin Kernel Version 25.5.0: Tue Jun  9 22:27:52 PDT 2026; root:xnu-12377.121.10~1/RELEASE_ARM64_T8112	aarch64	64	ta-core=default(f64,std); ta-benchmarks=catalogue-matrix	b156ac1ec5c781af0a386c4deab4769a4c5479c1	true
fast-ta	Volatility Indicators	ATR: Average True Range	ATR	Owned Compact Output	timeperiod=14	65536	float	1	450878.4166666667	450243.0833333333	451322.9166666667	145351823.4128528	31	0	0	0	14	65522	fnv1a64:a4ba80c09e461d2a	verified		measured		unavailable	separate Rust execution cost; not aggregated with the direct C kernel	222	12	IndicatorConfig::compute; API-owned Compact Output allocation included	catalogue_fixture_v1:f64le	fnv1a64:a4171d0a7611733a	0.6.4	43f9d5042ecc4bd367941846494ad907bf20ea50	3.12.13	0.6.4	0.6.4	2.2.3	rustc 1.93.0 (254b59607 2026-01-19)	Apple M2	Darwin 25.5.0 Darwin Kernel Version 25.5.0: Tue Jun  9 22:27:52 PDT 2026; root:xnu-12377.121.10~1/RELEASE_ARM64_T8112	aarch64	64	ta-core=default(f64,std); ta-benchmarks=catalogue-matrix	b156ac1ec5c781af0a386c4deab4769a4c5479c1	true
fast-ta	Volatility Indicators	ATR: Average True Range	ATR	caller-owned Batch Computation	timeperiod=14	65536	float	1	450055.5833333333	449152.75	450871.5	145617569.0891514	31	2	0	2	14	65522	fnv1a64:a4ba80c09e461d2a	verified		measured		comparable	primary caller-owned Rust/C kernel	222	12	IndicatorConfig::compute_into; caller output allocation excluded	catalogue_fixture_v1:f64le	fnv1a64:a4171d0a7611733a	0.6.4	43f9d5042ecc4bd367941846494ad907bf20ea50	3.12.13	0.6.4	0.6.4	2.2.3	rustc 1.93.0 (254b59607 2026-01-19)	Apple M2	Darwin 25.5.0 Darwin Kernel Version 25.5.0: Tue Jun  9 22:27:52 PDT 2026; root:xnu-12377.121.10~1/RELEASE_ARM64_T8112	aarch64	64	ta-core=default(f64,std); ta-benchmarks=catalogue-matrix	b156ac1ec5c781af0a386c4deab4769a4c5479c1	true
fast-ta	Volatility Indicators	ATR: Average True Range	ATR	Prepared Batch Runner	timeperiod=14	65536	float	1	483875	482829.54545454547	484795.45454545453	135439938.00051665	31	6	5	1	14	65522	fnv1a64:a4ba80c09e461d2a	verified		measured		unavailable	separate Rust execution cost; not aggregated with the direct C kernel	215	11	PreparedBatchRunner::compute_into; preparation and caller output allocation excluded	catalogue_fixture_v1:f64le	fnv1a64:a4171d0a7611733a	0.6.4	43f9d5042ecc4bd367941846494ad907bf20ea50	3.12.13	0.6.4	0.6.4	2.2.3	rustc 1.93.0 (254b59607 2026-01-19)	Apple M2	Darwin 25.5.0 Darwin Kernel Version 25.5.0: Tue Jun  9 22:27:52 PDT 2026; root:xnu-12377.121.10~1/RELEASE_ARM64_T8112	aarch64	64	ta-core=default(f64,std); ta-benchmarks=catalogue-matrix	b156ac1ec5c781af0a386c4deab4769a4c5479c1	true
fast-ta	Volatility Indicators	ATR: Average True Range	ATR	Streaming Computation	timeperiod=14	65536	float	1	653643.5555555555	623375	668967.5555555555	100262596.39980473	31	2	0	2	14	65522	fnv1a64:a4ba80c09e461d2a	verified		measured		unavailable	separate Rust execution cost; not aggregated with the direct C kernel	173	9	StreamingComputation::reset plus one next call per observation; stream and output allocation excluded	catalogue_fixture_v1:f64le	fnv1a64:a4171d0a7611733a	0.6.4	43f9d5042ecc4bd367941846494ad907bf20ea50	3.12.13	0.6.4	0.6.4	2.2.3	rustc 1.93.0 (254b59607 2026-01-19)	Apple M2	Darwin 25.5.0 Darwin Kernel Version 25.5.0: Tue Jun  9 22:27:52 PDT 2026; root:xnu-12377.121.10~1/RELEASE_ARM64_T8112	aarch64	64	ta-core=default(f64,std); ta-benchmarks=catalogue-matrix	b156ac1ec5c781af0a386c4deab4769a4c5479c1	true
TA-Lib C	Volatility Indicators	ATR: Average True Range	ATR	direct C caller-owned	timeperiod=14	65536	float	1	466337.0909090909	463178	469583.36363636365	140533535.24216193	31	6	0	6	14	65522	fnv1a64:a4ba80c09e461d2a	verified		measured		comparable	primary caller-owned Rust/C kernel	208	11	direct TA_ATR call; caller output allocation excluded	catalogue_fixture_v1:f64le	fnv1a64:a4171d0a7611733a	0.6.4	43f9d5042ecc4bd367941846494ad907bf20ea50	3.12.13	0.6.4	0.6.4	2.2.3	rustc 1.93.0 (254b59607 2026-01-19)	Apple M2	Darwin 25.5.0 Darwin Kernel Version 25.5.0: Tue Jun  9 22:27:52 PDT 2026; root:xnu-12377.121.10~1/RELEASE_ARM64_T8112	aarch64	64	ta-core=default(f64,std); ta-benchmarks=catalogue-matrix	b156ac1ec5c781af0a386c4deab4769a4c5479c1	true
TA-Lib Python	Volatility Indicators	ATR: Average True Range	ATR	official Python NumPy API	timeperiod=14	65536	float	1	437566.0015891	436138.914665207	438531.249528751	149773976.41040248	31	1	0	1	14	65522	fnv1a64:a4ba80c09e461d2a	verified		measured		unavailable	user-facing Python API cost; not aggregated with caller-owned kernels	219	12	direct talib.ATR NumPy API expression including API-owned output; fixture loading excluded	catalogue_fixture_v1:f64le	fnv1a64:a4171d0a7611733a	0.6.4	43f9d5042ecc4bd367941846494ad907bf20ea50	3.12.13	0.6.4	0.6.4	2.2.3	rustc 1.93.0 (254b59607 2026-01-19)	Apple M2	Darwin 25.5.0 Darwin Kernel Version 25.5.0: Tue Jun  9 22:27:52 PDT 2026; root:xnu-12377.121.10~1/RELEASE_ARM64_T8112	aarch64	64	ta-core=default(f64,std); ta-benchmarks=catalogue-matrix	b156ac1ec5c781af0a386c4deab4769a4c5479c1	true
fast-ta	Momentum Indicators	ADX: Average Directional Movement Index	ADX	Owned Compact Output	timeperiod=14	65536	float	1	759565.4285714285	759095.2857142857	760476.1428571428	86280914.7636675	31	4	0	4	27	65509	fnv1a64:a2c7455499facb3b	verified		measured		unavailable	separate Rust execution cost; not aggregated with the direct C kernel	134	7	IndicatorConfig::compute; API-owned Compact Output allocation included	catalogue_fixture_v1:f64le	fnv1a64:a4171d0a7611733a	0.6.4	43f9d5042ecc4bd367941846494ad907bf20ea50	3.12.13	0.6.4	0.6.4	2.2.3	rustc 1.93.0 (254b59607 2026-01-19)	Apple M2	Darwin 25.5.0 Darwin Kernel Version 25.5.0: Tue Jun  9 22:27:52 PDT 2026; root:xnu-12377.121.10~1/RELEASE_ARM64_T8112	aarch64	64	ta-core=default(f64,std); ta-benchmarks=catalogue-matrix	b156ac1ec5c781af0a386c4deab4769a4c5479c1	true
fast-ta	Momentum Indicators	ADX: Average Directional Movement Index	ADX	caller-owned Batch Computation	timeperiod=14	65536	float	1	806535.7142857143	806053.5714285715	807035.7142857143	81256166.14267369	31	0	0	0	27	65509	fnv1a64:a2c7455499facb3b	verified		measured		comparable	primary caller-owned Rust/C kernel	124	7	IndicatorConfig::compute_into; caller output allocation excluded	catalogue_fixture_v1:f64le	fnv1a64:a4171d0a7611733a	0.6.4	43f9d5042ecc4bd367941846494ad907bf20ea50	3.12.13	0.6.4	0.6.4	2.2.3	rustc 1.93.0 (254b59607 2026-01-19)	Apple M2	Darwin 25.5.0 Darwin Kernel Version 25.5.0: Tue Jun  9 22:27:52 PDT 2026; root:xnu-12377.121.10~1/RELEASE_ARM64_T8112	aarch64	64	ta-core=default(f64,std); ta-benchmarks=catalogue-matrix	b156ac1ec5c781af0a386c4deab4769a4c5479c1	true
fast-ta	Momentum Indicators	ADX: Average Directional Movement Index	ADX	Prepared Batch Runner	timeperiod=14	65536	float	1	807839.2857142857	806351.2857142857	808636.8571428572	81125046.97274476	31	4	0	4	27	65509	fnv1a64:a2c7455499facb3b	verified		measured		unavailable	separate Rust execution cost; not aggregated with the direct C kernel	124	7	PreparedBatchRunner::compute_into; preparation and caller output allocation excluded	catalogue_fixture_v1:f64le	fnv1a64:a4171d0a7611733a	0.6.4	43f9d5042ecc4bd367941846494ad907bf20ea50	3.12.13	0.6.4	0.6.4	2.2.3	rustc 1.93.0 (254b59607 2026-01-19)	Apple M2	Darwin 25.5.0 Darwin Kernel Version 25.5.0: Tue Jun  9 22:27:52 PDT 2026; root:xnu-12377.121.10~1/RELEASE_ARM64_T8112	aarch64	64	ta-core=default(f64,std); ta-benchmarks=catalogue-matrix	b156ac1ec5c781af0a386c4deab4769a4c5479c1	true
fast-ta	Momentum Indicators	ADX: Average Directional Movement Index	ADX	Streaming Computation	timeperiod=14	65536	float	1	956175	954966.8	958016.8	68539754.7520067	31	8	5	3	27	65509	fnv1a64:a2c7455499facb3b	verified		measured		unavailable	separate Rust execution cost; not aggregated with the direct C kernel	101	5	StreamingComputation::reset plus one next call per observation; stream and output allocation excluded	catalogue_fixture_v1:f64le	fnv1a64:a4171d0a7611733a	0.6.4	43f9d5042ecc4bd367941846494ad907bf20ea50	3.12.13	0.6.4	0.6.4	2.2.3	rustc 1.93.0 (254b59607 2026-01-19)	Apple M2	Darwin 25.5.0 Darwin Kernel Version 25.5.0: Tue Jun  9 22:27:52 PDT 2026; root:xnu-12377.121.10~1/RELEASE_ARM64_T8112	aarch64	64	ta-core=default(f64,std); ta-benchmarks=catalogue-matrix	b156ac1ec5c781af0a386c4deab4769a4c5479c1	true
TA-Lib C	Momentum Indicators	ADX: Average Directional Movement Index	ADX	direct C caller-owned	timeperiod=14	65536	float	1	543737.5	523641.7	554641.7	120528747.78730546	31	0	0	0	27	65509	fnv1a64:afebef904b1e6370	verified		measured		comparable	primary caller-owned Rust/C kernel	176	10	direct TA_ADX call; caller output allocation excluded	catalogue_fixture_v1:f64le	fnv1a64:a4171d0a7611733a	0.6.4	43f9d5042ecc4bd367941846494ad907bf20ea50	3.12.13	0.6.4	0.6.4	2.2.3	rustc 1.93.0 (254b59607 2026-01-19)	Apple M2	Darwin 25.5.0 Darwin Kernel Version 25.5.0: Tue Jun  9 22:27:52 PDT 2026; root:xnu-12377.121.10~1/RELEASE_ARM64_T8112	aarch64	64	ta-core=default(f64,std); ta-benchmarks=catalogue-matrix	b156ac1ec5c781af0a386c4deab4769a4c5479c1	true
TA-Lib Python	Momentum Indicators	ADX: Average Directional Movement Index	ADX	official Python NumPy API	timeperiod=14	65536	float	1	521108.298562467	520554.097602144	528958.300128579	125762725.67677021	31	0	0	0	27	65509	fnv1a64:afebef904b1e6370	verified		measured		unavailable	user-facing Python API cost; not aggregated with caller-owned kernels	192	10	direct talib.ADX NumPy API expression including API-owned output; fixture loading excluded	catalogue_fixture_v1:f64le	fnv1a64:a4171d0a7611733a	0.6.4	43f9d5042ecc4bd367941846494ad907bf20ea50	3.12.13	0.6.4	0.6.4	2.2.3	rustc 1.93.0 (254b59607 2026-01-19)	Apple M2	Darwin 25.5.0 Darwin Kernel Version 25.5.0: Tue Jun  9 22:27:52 PDT 2026; root:xnu-12377.121.10~1/RELEASE_ARM64_T8112	aarch64	64	ta-core=default(f64,std); ta-benchmarks=catalogue-matrix	b156ac1ec5c781af0a386c4deab4769a4c5479c1	true
fast-ta	Cycle Indicators	HT_DCPHASE: Hilbert Transform Dominant Cycle Phase	HT_DCPHASE	Owned Compact Output	none	65536	float	1	10151125	9575500	10177708	6456033.19829083	31	0	0	0	63	65473	fnv1a64:26f4c48e9a13e773	verified		measured		unavailable	separate Rust execution cost; not aggregated with the direct C kernel	10	1	IndicatorConfig::compute; API-owned Compact Output allocation included	catalogue_fixture_v1:f64le	fnv1a64:a4171d0a7611733a	0.6.4	43f9d5042ecc4bd367941846494ad907bf20ea50	3.12.13	0.6.4	0.6.4	2.2.3	rustc 1.93.0 (254b59607 2026-01-19)	Apple M2	Darwin 25.5.0 Darwin Kernel Version 25.5.0: Tue Jun  9 22:27:52 PDT 2026; root:xnu-12377.121.10~1/RELEASE_ARM64_T8112	aarch64	64	ta-core=default(f64,std); ta-benchmarks=catalogue-matrix	b156ac1ec5c781af0a386c4deab4769a4c5479c1	true
fast-ta	Cycle Indicators	HT_DCPHASE: Hilbert Transform Dominant Cycle Phase	HT_DCPHASE	caller-owned Batch Computation	none	65536	float	1	10173459	10122833	10216708	6441860.138228306	31	6	2	4	63	65473	fnv1a64:26f4c48e9a13e773	verified		measured		comparable	primary caller-owned Rust/C kernel	11	1	IndicatorConfig::compute_into; caller output allocation excluded	catalogue_fixture_v1:f64le	fnv1a64:a4171d0a7611733a	0.6.4	43f9d5042ecc4bd367941846494ad907bf20ea50	3.12.13	0.6.4	0.6.4	2.2.3	rustc 1.93.0 (254b59607 2026-01-19)	Apple M2	Darwin 25.5.0 Darwin Kernel Version 25.5.0: Tue Jun  9 22:27:52 PDT 2026; root:xnu-12377.121.10~1/RELEASE_ARM64_T8112	aarch64	64	ta-core=default(f64,std); ta-benchmarks=catalogue-matrix	b156ac1ec5c781af0a386c4deab4769a4c5479c1	true
fast-ta	Cycle Indicators	HT_DCPHASE: Hilbert Transform Dominant Cycle Phase	HT_DCPHASE	Prepared Batch Runner	none	65536	float	1	9433542	9423667	9456833	6947125.480545907	31	0	0	0	63	65473	fnv1a64:26f4c48e9a13e773	verified		measured		unavailable	separate Rust execution cost; not aggregated with the direct C kernel	10	1	PreparedBatchRunner::compute_into; preparation and caller output allocation excluded	catalogue_fixture_v1:f64le	fnv1a64:a4171d0a7611733a	0.6.4	43f9d5042ecc4bd367941846494ad907bf20ea50	3.12.13	0.6.4	0.6.4	2.2.3	rustc 1.93.0 (254b59607 2026-01-19)	Apple M2	Darwin 25.5.0 Darwin Kernel Version 25.5.0: Tue Jun  9 22:27:52 PDT 2026; root:xnu-12377.121.10~1/RELEASE_ARM64_T8112	aarch64	64	ta-core=default(f64,std); ta-benchmarks=catalogue-matrix	b156ac1ec5c781af0a386c4deab4769a4c5479c1	true
fast-ta	Cycle Indicators	HT_DCPHASE: Hilbert Transform Dominant Cycle Phase	HT_DCPHASE	Streaming Computation	none	65536	float	1	9219833	9199583	9247334	7108154.778942308	31	0	0	0	63	65473	fnv1a64:26f4c48e9a13e773	verified		measured		unavailable	separate Rust execution cost; not aggregated with the direct C kernel	11	1	StreamingComputation::reset plus one next call per observation; stream and output allocation excluded	catalogue_fixture_v1:f64le	fnv1a64:a4171d0a7611733a	0.6.4	43f9d5042ecc4bd367941846494ad907bf20ea50	3.12.13	0.6.4	0.6.4	2.2.3	rustc 1.93.0 (254b59607 2026-01-19)	Apple M2	Darwin 25.5.0 Darwin Kernel Version 25.5.0: Tue Jun  9 22:27:52 PDT 2026; root:xnu-12377.121.10~1/RELEASE_ARM64_T8112	aarch64	64	ta-core=default(f64,std); ta-benchmarks=catalogue-matrix	b156ac1ec5c781af0a386c4deab4769a4c5479c1	true
TA-Lib C	Cycle Indicators	HT_DCPHASE: Hilbert Transform Dominant Cycle Phase	HT_DCPHASE	direct C caller-owned	none	65536	float	1	7152833	7115750	7189416	9162243.827026298	31	0	0	0	63	65473	fnv1a64:01c2e65ea4391c50	verified		measured		comparable	primary caller-owned Rust/C kernel	14	1	direct TA_HT_DCPHASE call; caller output allocation excluded	catalogue_fixture_v1:f64le	fnv1a64:a4171d0a7611733a	0.6.4	43f9d5042ecc4bd367941846494ad907bf20ea50	3.12.13	0.6.4	0.6.4	2.2.3	rustc 1.93.0 (254b59607 2026-01-19)	Apple M2	Darwin 25.5.0 Darwin Kernel Version 25.5.0: Tue Jun  9 22:27:52 PDT 2026; root:xnu-12377.121.10~1/RELEASE_ARM64_T8112	aarch64	64	ta-core=default(f64,std); ta-benchmarks=catalogue-matrix	b156ac1ec5c781af0a386c4deab4769a4c5479c1	true
TA-Lib Python	Cycle Indicators	HT_DCPHASE: Hilbert Transform Dominant Cycle Phase	HT_DCPHASE	official Python NumPy API	none	65536	float	1	6948042.020667344	6929667.026270181	6962041.021324694	9432297.58902716	31	5	0	5	63	65473	fnv1a64:01c2e65ea4391c50	verified		measured		unavailable	user-facing Python API cost; not aggregated with caller-owned kernels	14	1	direct talib.HT_DCPHASE NumPy API expression including API-owned output; fixture loading excluded	catalogue_fixture_v1:f64le	fnv1a64:a4171d0a7611733a	0.6.4	43f9d5042ecc4bd367941846494ad907bf20ea50	3.12.13	0.6.4	0.6.4	2.2.3	rustc 1.93.0 (254b59607 2026-01-19)	Apple M2	Darwin 25.5.0 Darwin Kernel Version 25.5.0: Tue Jun  9 22:27:52 PDT 2026; root:xnu-12377.121.10~1/RELEASE_ARM64_T8112	aarch64	64	ta-core=default(f64,std); ta-benchmarks=catalogue-matrix	b156ac1ec5c781af0a386c4deab4769a4c5479c1	true
fast-ta	Pattern Recognition	CDLDOJI: Doji	CDLDOJI	Owned Compact Output	candle_settings=TA-Lib defaults	65536	integer	1	248658.7142857143	248055.52380952382	249646.80952380953	263558026.46312127	31	2	0	2	10	65526	fnv1a64:b84f1c58fca059ac	verified		measured		unavailable	separate Rust execution cost; not aggregated with the direct C kernel	406	21	IndicatorConfig::compute; API-owned Compact Output allocation included	catalogue_fixture_v1:f64le	fnv1a64:a4171d0a7611733a	0.6.4	43f9d5042ecc4bd367941846494ad907bf20ea50	3.12.13	0.6.4	0.6.4	2.2.3	rustc 1.93.0 (254b59607 2026-01-19)	Apple M2	Darwin 25.5.0 Darwin Kernel Version 25.5.0: Tue Jun  9 22:27:52 PDT 2026; root:xnu-12377.121.10~1/RELEASE_ARM64_T8112	aarch64	64	ta-core=default(f64,std); ta-benchmarks=catalogue-matrix	b156ac1ec5c781af0a386c4deab4769a4c5479c1	true
fast-ta	Pattern Recognition	CDLDOJI: Doji	CDLDOJI	caller-owned Batch Computation	candle_settings=TA-Lib defaults	65536	integer	1	245061.52380952382	244242.04761904763	245448.38095238095	267426721.9971195	31	2	2	0	10	65526	fnv1a64:b84f1c58fca059ac	verified		measured		comparable	primary caller-owned Rust/C kernel	413	21	IndicatorConfig::compute_into; caller output allocation excluded	catalogue_fixture_v1:f64le	fnv1a64:a4171d0a7611733a	0.6.4	43f9d5042ecc4bd367941846494ad907bf20ea50	3.12.13	0.6.4	0.6.4	2.2.3	rustc 1.93.0 (254b59607 2026-01-19)	Apple M2	Darwin 25.5.0 Darwin Kernel Version 25.5.0: Tue Jun  9 22:27:52 PDT 2026; root:xnu-12377.121.10~1/RELEASE_ARM64_T8112	aarch64	64	ta-core=default(f64,std); ta-benchmarks=catalogue-matrix	b156ac1ec5c781af0a386c4deab4769a4c5479c1	true
fast-ta	Pattern Recognition	CDLDOJI: Doji	CDLDOJI	Prepared Batch Runner	candle_settings=TA-Lib defaults	65536	integer	1	251865.09523809524	251531.7619047619	252271.80952380953	260202788.0760808	31	5	3	2	10	65526	fnv1a64:b84f1c58fca059ac	verified		measured		unavailable	separate Rust execution cost; not aggregated with the direct C kernel	409	21	PreparedBatchRunner::compute_into; preparation and caller output allocation excluded	catalogue_fixture_v1:f64le	fnv1a64:a4171d0a7611733a	0.6.4	43f9d5042ecc4bd367941846494ad907bf20ea50	3.12.13	0.6.4	0.6.4	2.2.3	rustc 1.93.0 (254b59607 2026-01-19)	Apple M2	Darwin 25.5.0 Darwin Kernel Version 25.5.0: Tue Jun  9 22:27:52 PDT 2026; root:xnu-12377.121.10~1/RELEASE_ARM64_T8112	aarch64	64	ta-core=default(f64,std); ta-benchmarks=catalogue-matrix	b156ac1ec5c781af0a386c4deab4769a4c5479c1	true
fast-ta	Pattern Recognition	CDLDOJI: Doji	CDLDOJI	Streaming Computation	candle_settings=TA-Lib defaults	65536	integer	1	817625	816565.4285714285	819571.4285714285	80154104.87693013	31	0	0	0	10	65526	fnv1a64:b84f1c58fca059ac	verified		measured		unavailable	separate Rust execution cost; not aggregated with the direct C kernel	123	7	StreamingComputation::reset plus one next call per observation; stream and output allocation excluded	catalogue_fixture_v1:f64le	fnv1a64:a4171d0a7611733a	0.6.4	43f9d5042ecc4bd367941846494ad907bf20ea50	3.12.13	0.6.4	0.6.4	2.2.3	rustc 1.93.0 (254b59607 2026-01-19)	Apple M2	Darwin 25.5.0 Darwin Kernel Version 25.5.0: Tue Jun  9 22:27:52 PDT 2026; root:xnu-12377.121.10~1/RELEASE_ARM64_T8112	aarch64	64	ta-core=default(f64,std); ta-benchmarks=catalogue-matrix	b156ac1ec5c781af0a386c4deab4769a4c5479c1	true
TA-Lib C	Pattern Recognition	CDLDOJI: Doji	CDLDOJI	direct C caller-owned	candle_settings=TA-Lib defaults	65536	integer	1	115222.82608695653	115048.02173913043	115386.78260869565	568776189.8023678	31	0	0	0	10	65526	fnv1a64:b84f1c58fca059ac	verified		measured		comparable	primary caller-owned Rust/C kernel	917	46	direct TA_CDLDOJI call; caller output allocation excluded	catalogue_fixture_v1:f64le	fnv1a64:a4171d0a7611733a	0.6.4	43f9d5042ecc4bd367941846494ad907bf20ea50	3.12.13	0.6.4	0.6.4	2.2.3	rustc 1.93.0 (254b59607 2026-01-19)	Apple M2	Darwin 25.5.0 Darwin Kernel Version 25.5.0: Tue Jun  9 22:27:52 PDT 2026; root:xnu-12377.121.10~1/RELEASE_ARM64_T8112	aarch64	64	ta-core=default(f64,std); ta-benchmarks=catalogue-matrix	b156ac1ec5c781af0a386c4deab4769a4c5479c1	true
TA-Lib Python	Pattern Recognition	CDLDOJI: Doji	CDLDOJI	official Python NumPy API	candle_settings=TA-Lib defaults	65536	integer	1	115982.558697375	115763.558464688	116321.698188522	565050476.0030204	31	2	0	2	10	65526	fnv1a64:b84f1c58fca059ac	verified		measured		unavailable	user-facing Python API cost; not aggregated with caller-owned kernels	873	43	direct talib.CDLDOJI NumPy API expression including API-owned output; fixture loading excluded	catalogue_fixture_v1:f64le	fnv1a64:a4171d0a7611733a	0.6.4	43f9d5042ecc4bd367941846494ad907bf20ea50	3.12.13	0.6.4	0.6.4	2.2.3	rustc 1.93.0 (254b59607 2026-01-19)	Apple M2	Darwin 25.5.0 Darwin Kernel Version 25.5.0: Tue Jun  9 22:27:52 PDT 2026; root:xnu-12377.121.10~1/RELEASE_ARM64_T8112	aarch64	64	ta-core=default(f64,std); ta-benchmarks=catalogue-matrix	b156ac1ec5c781af0a386c4deab4769a4c5479c1	true
fast-ta	Pattern Recognition	CDLENGULFING: Engulfing Pattern	CDLENGULFING	Owned Compact Output	candle_settings=TA-Lib defaults	65536	integer	1	818386.8571428572	817333.2857142857	820041.7142857143	80079487.38179708	31	0	0	0	2	65534	fnv1a64:cea047aad4b8716c	verified		measured		unavailable	separate Rust execution cost; not aggregated with the direct C kernel	122	7	IndicatorConfig::compute; API-owned Compact Output allocation included	catalogue_fixture_v1:f64le	fnv1a64:a4171d0a7611733a	0.6.4	43f9d5042ecc4bd367941846494ad907bf20ea50	3.12.13	0.6.4	0.6.4	2.2.3	rustc 1.93.0 (254b59607 2026-01-19)	Apple M2	Darwin 25.5.0 Darwin Kernel Version 25.5.0: Tue Jun  9 22:27:52 PDT 2026; root:xnu-12377.121.10~1/RELEASE_ARM64_T8112	aarch64	64	ta-core=default(f64,std); ta-benchmarks=catalogue-matrix	b156ac1ec5c781af0a386c4deab4769a4c5479c1	true
fast-ta	Pattern Recognition	CDLENGULFING: Engulfing Pattern	CDLENGULFING	caller-owned Batch Computation	candle_settings=TA-Lib defaults	65536	integer	1	767922.7142857143	765845.2857142857	770012	85341921.49916872	31	3	0	3	2	65534	fnv1a64:cea047aad4b8716c	verified		measured		comparable	primary caller-owned Rust/C kernel	124	7	IndicatorConfig::compute_into; caller output allocation excluded	catalogue_fixture_v1:f64le	fnv1a64:a4171d0a7611733a	0.6.4	43f9d5042ecc4bd367941846494ad907bf20ea50	3.12.13	0.6.4	0.6.4	2.2.3	rustc 1.93.0 (254b59607 2026-01-19)	Apple M2	Darwin 25.5.0 Darwin Kernel Version 25.5.0: Tue Jun  9 22:27:52 PDT 2026; root:xnu-12377.121.10~1/RELEASE_ARM64_T8112	aarch64	64	ta-core=default(f64,std); ta-benchmarks=catalogue-matrix	b156ac1ec5c781af0a386c4deab4769a4c5479c1	true
fast-ta	Pattern Recognition	CDLENGULFING: Engulfing Pattern	CDLENGULFING	Prepared Batch Runner	candle_settings=TA-Lib defaults	65536	integer	1	759267.8571428572	755738	760773.8571428572	86314729.88546297	31	6	0	6	2	65534	fnv1a64:cea047aad4b8716c	verified		measured		unavailable	separate Rust execution cost; not aggregated with the direct C kernel	133	7	PreparedBatchRunner::compute_into; preparation and caller output allocation excluded	catalogue_fixture_v1:f64le	fnv1a64:a4171d0a7611733a	0.6.4	43f9d5042ecc4bd367941846494ad907bf20ea50	3.12.13	0.6.4	0.6.4	2.2.3	rustc 1.93.0 (254b59607 2026-01-19)	Apple M2	Darwin 25.5.0 Darwin Kernel Version 25.5.0: Tue Jun  9 22:27:52 PDT 2026; root:xnu-12377.121.10~1/RELEASE_ARM64_T8112	aarch64	64	ta-core=default(f64,std); ta-benchmarks=catalogue-matrix	b156ac1ec5c781af0a386c4deab4769a4c5479c1	true
fast-ta	Pattern Recognition	CDLENGULFING: Engulfing Pattern	CDLENGULFING	Streaming Computation	candle_settings=TA-Lib defaults	65536	integer	1	1004783.2	1002958.4	1014316.6	65224020.46531033	31	0	0	0	2	65534	fnv1a64:cea047aad4b8716c	verified		measured		unavailable	separate Rust execution cost; not aggregated with the direct C kernel	99	5	StreamingComputation::reset plus one next call per observation; stream and output allocation excluded	catalogue_fixture_v1:f64le	fnv1a64:a4171d0a7611733a	0.6.4	43f9d5042ecc4bd367941846494ad907bf20ea50	3.12.13	0.6.4	0.6.4	2.2.3	rustc 1.93.0 (254b59607 2026-01-19)	Apple M2	Darwin 25.5.0 Darwin Kernel Version 25.5.0: Tue Jun  9 22:27:52 PDT 2026; root:xnu-12377.121.10~1/RELEASE_ARM64_T8112	aarch64	64	ta-core=default(f64,std); ta-benchmarks=catalogue-matrix	b156ac1ec5c781af0a386c4deab4769a4c5479c1	true
TA-Lib C	Pattern Recognition	CDLENGULFING: Engulfing Pattern	CDLENGULFING	direct C caller-owned	candle_settings=TA-Lib defaults	65536	integer	1	77877.55384615385	77737.18461538461	77963.46153846153	841526174.9164022	31	0	0	0	2	65534	fnv1a64:cea047aad4b8716c	verified		measured		comparable	primary caller-owned Rust/C kernel	1271	65	direct TA_CDLENGULFING call; caller output allocation excluded	catalogue_fixture_v1:f64le	fnv1a64:a4171d0a7611733a	0.6.4	43f9d5042ecc4bd367941846494ad907bf20ea50	3.12.13	0.6.4	0.6.4	2.2.3	rustc 1.93.0 (254b59607 2026-01-19)	Apple M2	Darwin 25.5.0 Darwin Kernel Version 25.5.0: Tue Jun  9 22:27:52 PDT 2026; root:xnu-12377.121.10~1/RELEASE_ARM64_T8112	aarch64	64	ta-core=default(f64,std); ta-benchmarks=catalogue-matrix	b156ac1ec5c781af0a386c4deab4769a4c5479c1	true
TA-Lib Python	Pattern Recognition	CDLENGULFING: Engulfing Pattern	CDLENGULFING	official Python NumPy API	candle_settings=TA-Lib defaults	65536	integer	1	78155.122733173	78083.338359228	78468.58441973	838537484.2765514	31	1	0	1	2	65534	fnv1a64:cea047aad4b8716c	verified		measured		unavailable	user-facing Python API cost; not aggregated with caller-owned kernels	1283	65	direct talib.CDLENGULFING NumPy API expression including API-owned output; fixture loading excluded	catalogue_fixture_v1:f64le	fnv1a64:a4171d0a7611733a	0.6.4	43f9d5042ecc4bd367941846494ad907bf20ea50	3.12.13	0.6.4	0.6.4	2.2.3	rustc 1.93.0 (254b59607 2026-01-19)	Apple M2	Darwin 25.5.0 Darwin Kernel Version 25.5.0: Tue Jun  9 22:27:52 PDT 2026; root:xnu-12377.121.10~1/RELEASE_ARM64_T8112	aarch64	64	ta-core=default(f64,std); ta-benchmarks=catalogue-matrix	b156ac1ec5c781af0a386c4deab4769a4c5479c1	true
fast-ta	Pattern Recognition	CDL3BLACKCROWS: Three Black Crows	CDL3BLACKCROWS	Owned Compact Output	candle_settings=TA-Lib defaults	65536	integer	1	1242275	1206458.4	1247125	52754824.81737135	31	0	0	0	13	65523	fnv1a64:c45b932a0586a1aa	verified		measured		unavailable	separate Rust execution cost; not aggregated with the direct C kernel	78	5	IndicatorConfig::compute; API-owned Compact Output allocation included	catalogue_fixture_v1:f64le	fnv1a64:a4171d0a7611733a	0.6.4	43f9d5042ecc4bd367941846494ad907bf20ea50	3.12.13	0.6.4	0.6.4	2.2.3	rustc 1.93.0 (254b59607 2026-01-19)	Apple M2	Darwin 25.5.0 Darwin Kernel Version 25.5.0: Tue Jun  9 22:27:52 PDT 2026; root:xnu-12377.121.10~1/RELEASE_ARM64_T8112	aarch64	64	ta-core=default(f64,std); ta-benchmarks=catalogue-matrix	b156ac1ec5c781af0a386c4deab4769a4c5479c1	true
fast-ta	Pattern Recognition	CDL3BLACKCROWS: Three Black Crows	CDL3BLACKCROWS	caller-owned Batch Computation	candle_settings=TA-Lib defaults	65536	integer	1	1236008.2	1230416.6	1254300	53022301.955601916	31	0	0	0	13	65523	fnv1a64:c45b932a0586a1aa	verified		measured		comparable	primary caller-owned Rust/C kernel	81	5	IndicatorConfig::compute_into; caller output allocation excluded	catalogue_fixture_v1:f64le	fnv1a64:a4171d0a7611733a	0.6.4	43f9d5042ecc4bd367941846494ad907bf20ea50	3.12.13	0.6.4	0.6.4	2.2.3	rustc 1.93.0 (254b59607 2026-01-19)	Apple M2	Darwin 25.5.0 Darwin Kernel Version 25.5.0: Tue Jun  9 22:27:52 PDT 2026; root:xnu-12377.121.10~1/RELEASE_ARM64_T8112	aarch64	64	ta-core=default(f64,std); ta-benchmarks=catalogue-matrix	b156ac1ec5c781af0a386c4deab4769a4c5479c1	true
fast-ta	Pattern Recognition	CDL3BLACKCROWS: Three Black Crows	CDL3BLACKCROWS	Prepared Batch Runner	candle_settings=TA-Lib defaults	65536	integer	1	1227733.4	1224825	1228850	53379666.95375397	31	0	0	0	13	65523	fnv1a64:c45b932a0586a1aa	verified		measured		unavailable	separate Rust execution cost; not aggregated with the direct C kernel	82	5	PreparedBatchRunner::compute_into; preparation and caller output allocation excluded	catalogue_fixture_v1:f64le	fnv1a64:a4171d0a7611733a	0.6.4	43f9d5042ecc4bd367941846494ad907bf20ea50	3.12.13	0.6.4	0.6.4	2.2.3	rustc 1.93.0 (254b59607 2026-01-19)	Apple M2	Darwin 25.5.0 Darwin Kernel Version 25.5.0: Tue Jun  9 22:27:52 PDT 2026; root:xnu-12377.121.10~1/RELEASE_ARM64_T8112	aarch64	64	ta-core=default(f64,std); ta-benchmarks=catalogue-matrix	b156ac1ec5c781af0a386c4deab4769a4c5479c1	true
fast-ta	Pattern Recognition	CDL3BLACKCROWS: Three Black Crows	CDL3BLACKCROWS	Streaming Computation	candle_settings=TA-Lib defaults	65536	integer	1	1371448	1353937.5	1379531.25	47785989.69847927	31	0	0	0	13	65523	fnv1a64:c45b932a0586a1aa	verified		measured		unavailable	separate Rust execution cost; not aggregated with the direct C kernel	73	4	StreamingComputation::reset plus one next call per observation; stream and output allocation excluded	catalogue_fixture_v1:f64le	fnv1a64:a4171d0a7611733a	0.6.4	43f9d5042ecc4bd367941846494ad907bf20ea50	3.12.13	0.6.4	0.6.4	2.2.3	rustc 1.93.0 (254b59607 2026-01-19)	Apple M2	Darwin 25.5.0 Darwin Kernel Version 25.5.0: Tue Jun  9 22:27:52 PDT 2026; root:xnu-12377.121.10~1/RELEASE_ARM64_T8112	aarch64	64	ta-core=default(f64,std); ta-benchmarks=catalogue-matrix	b156ac1ec5c781af0a386c4deab4769a4c5479c1	true
TA-Lib C	Pattern Recognition	CDL3BLACKCROWS: Three Black Crows	CDL3BLACKCROWS	direct C caller-owned	candle_settings=TA-Lib defaults	65536	integer	1	134520.84210526315	134399.1052631579	134907.8947368421	487181012.05995864	31	2	0	2	13	65523	fnv1a64:c45b932a0586a1aa	verified		measured		comparable	primary caller-owned Rust/C kernel	741	38	direct TA_CDL3BLACKCROWS call; caller output allocation excluded	catalogue_fixture_v1:f64le	fnv1a64:a4171d0a7611733a	0.6.4	43f9d5042ecc4bd367941846494ad907bf20ea50	3.12.13	0.6.4	0.6.4	2.2.3	rustc 1.93.0 (254b59607 2026-01-19)	Apple M2	Darwin 25.5.0 Darwin Kernel Version 25.5.0: Tue Jun  9 22:27:52 PDT 2026; root:xnu-12377.121.10~1/RELEASE_ARM64_T8112	aarch64	64	ta-core=default(f64,std); ta-benchmarks=catalogue-matrix	b156ac1ec5c781af0a386c4deab4769a4c5479c1	true
TA-Lib Python	Pattern Recognition	CDL3BLACKCROWS: Three Black Crows	CDL3BLACKCROWS	official Python NumPy API	candle_settings=TA-Lib defaults	65536	integer	1	143572.581075733	143419.354102544	144051.06494744	456465987.50934523	31	1	0	1	13	65523	fnv1a64:c45b932a0586a1aa	verified		measured		unavailable	user-facing Python API cost; not aggregated with caller-owned kernels	717	31	direct talib.CDL3BLACKCROWS NumPy API expression including API-owned output; fixture loading excluded	catalogue_fixture_v1:f64le	fnv1a64:a4171d0a7611733a	0.6.4	43f9d5042ecc4bd367941846494ad907bf20ea50	3.12.13	0.6.4	0.6.4	2.2.3	rustc 1.93.0 (254b59607 2026-01-19)	Apple M2	Darwin 25.5.0 Darwin Kernel Version 25.5.0: Tue Jun  9 22:27:52 PDT 2026; root:xnu-12377.121.10~1/RELEASE_ARM64_T8112	aarch64	64	ta-core=default(f64,std); ta-benchmarks=catalogue-matrix	b156ac1ec5c781af0a386c4deab4769a4c5479c1	true
fast-ta	Statistic Functions	LINEARREG: Linear Regression endpoint	LINEARREG	Owned Compact Output	timeperiod=14	65536	float	1	483882.63636363635	483234.8181818182	484564.36363636365	135437800.5635852	31	0	0	0	13	65523	fnv1a64:6e3590c0494b4248	verified		measured		unavailable	separate Rust execution cost; not aggregated with the direct C kernel	201	11	IndicatorConfig::compute; API-owned Compact Output allocation included	catalogue_fixture_v1:f64le	fnv1a64:a4171d0a7611733a	0.6.4	43f9d5042ecc4bd367941846494ad907bf20ea50	3.12.13	0.6.4	0.6.4	2.2.3	rustc 1.93.0 (254b59607 2026-01-19)	Apple M2	Darwin 25.5.0 Darwin Kernel Version 25.5.0: Tue Jun  9 22:27:52 PDT 2026; root:xnu-12377.121.10~1/RELEASE_ARM64_T8112	aarch64	64	ta-core=default(f64,std); ta-benchmarks=catalogue-matrix	b156ac1ec5c781af0a386c4deab4769a4c5479c1	true
fast-ta	Statistic Functions	LINEARREG: Linear Regression endpoint	LINEARREG	caller-owned Batch Computation	timeperiod=14	65536	float	1	460526.54545454547	460242.36363636365	461250	142306671.88862076	31	6	1	5	13	65523	fnv1a64:6e3590c0494b4248	verified		measured		comparable	primary caller-owned Rust/C kernel	207	11	IndicatorConfig::compute_into; caller output allocation excluded	catalogue_fixture_v1:f64le	fnv1a64:a4171d0a7611733a	0.6.4	43f9d5042ecc4bd367941846494ad907bf20ea50	3.12.13	0.6.4	0.6.4	2.2.3	rustc 1.93.0 (254b59607 2026-01-19)	Apple M2	Darwin 25.5.0 Darwin Kernel Version 25.5.0: Tue Jun  9 22:27:52 PDT 2026; root:xnu-12377.121.10~1/RELEASE_ARM64_T8112	aarch64	64	ta-core=default(f64,std); ta-benchmarks=catalogue-matrix	b156ac1ec5c781af0a386c4deab4769a4c5479c1	true
fast-ta	Statistic Functions	LINEARREG: Linear Regression endpoint	LINEARREG	Prepared Batch Runner	timeperiod=14	65536	float	1	456427.0833333333	454885.4166666667	456774.3333333333	143584818.6776822	31	1	0	1	13	65523	fnv1a64:6e3590c0494b4248	verified		measured		unavailable	separate Rust execution cost; not aggregated with the direct C kernel	220	12	PreparedBatchRunner::compute_into; preparation and caller output allocation excluded	catalogue_fixture_v1:f64le	fnv1a64:a4171d0a7611733a	0.6.4	43f9d5042ecc4bd367941846494ad907bf20ea50	3.12.13	0.6.4	0.6.4	2.2.3	rustc 1.93.0 (254b59607 2026-01-19)	Apple M2	Darwin 25.5.0 Darwin Kernel Version 25.5.0: Tue Jun  9 22:27:52 PDT 2026; root:xnu-12377.121.10~1/RELEASE_ARM64_T8112	aarch64	64	ta-core=default(f64,std); ta-benchmarks=catalogue-matrix	b156ac1ec5c781af0a386c4deab4769a4c5479c1	true
fast-ta	Statistic Functions	LINEARREG: Linear Regression endpoint	LINEARREG	Streaming Computation	timeperiod=14	65536	float	1	430197.9166666667	428069.4166666667	448881.9166666667	152339184.96815902	31	0	0	0	13	65523	fnv1a64:6e3590c0494b4248	verified		measured		unavailable	separate Rust execution cost; not aggregated with the direct C kernel	234	12	StreamingComputation::reset plus one next call per observation; stream and output allocation excluded	catalogue_fixture_v1:f64le	fnv1a64:a4171d0a7611733a	0.6.4	43f9d5042ecc4bd367941846494ad907bf20ea50	3.12.13	0.6.4	0.6.4	2.2.3	rustc 1.93.0 (254b59607 2026-01-19)	Apple M2	Darwin 25.5.0 Darwin Kernel Version 25.5.0: Tue Jun  9 22:27:52 PDT 2026; root:xnu-12377.121.10~1/RELEASE_ARM64_T8112	aarch64	64	ta-core=default(f64,std); ta-benchmarks=catalogue-matrix	b156ac1ec5c781af0a386c4deab4769a4c5479c1	true
TA-Lib C	Statistic Functions	LINEARREG: Linear Regression endpoint	LINEARREG	direct C caller-owned	timeperiod=14	65536	float	1	482265.1818181818	471962.0909090909	482560.54545454547	135892041.28924167	31	0	0	0	13	65523	fnv1a64:a5ae9e210bf80e82	verified		measured		comparable	primary caller-owned Rust/C kernel	213	11	direct TA_LINEARREG call; caller output allocation excluded	catalogue_fixture_v1:f64le	fnv1a64:a4171d0a7611733a	0.6.4	43f9d5042ecc4bd367941846494ad907bf20ea50	3.12.13	0.6.4	0.6.4	2.2.3	rustc 1.93.0 (254b59607 2026-01-19)	Apple M2	Darwin 25.5.0 Darwin Kernel Version 25.5.0: Tue Jun  9 22:27:52 PDT 2026; root:xnu-12377.121.10~1/RELEASE_ARM64_T8112	aarch64	64	ta-core=default(f64,std); ta-benchmarks=catalogue-matrix	b156ac1ec5c781af0a386c4deab4769a4c5479c1	true
TA-Lib Python	Statistic Functions	LINEARREG: Linear Regression endpoint	LINEARREG	official Python NumPy API	timeperiod=14	65536	float	1	482583.365572447	470204.548698596	483102.270994674	135802443.00849512	31	0	0	0	13	65523	fnv1a64:a5ae9e210bf80e82	verified		measured		unavailable	user-facing Python API cost; not aggregated with caller-owned kernels	217	11	direct talib.LINEARREG NumPy API expression including API-owned output; fixture loading excluded	catalogue_fixture_v1:f64le	fnv1a64:a4171d0a7611733a	0.6.4	43f9d5042ecc4bd367941846494ad907bf20ea50	3.12.13	0.6.4	0.6.4	2.2.3	rustc 1.93.0 (254b59607 2026-01-19)	Apple M2	Darwin 25.5.0 Darwin Kernel Version 25.5.0: Tue Jun  9 22:27:52 PDT 2026; root:xnu-12377.121.10~1/RELEASE_ARM64_T8112	aarch64	64	ta-core=default(f64,std); ta-benchmarks=catalogue-matrix	b156ac1ec5c781af0a386c4deab4769a4c5479c1	true
fast-ta	Price Transform	TYPPRICE: Typical Price	TYPPRICE	Owned Compact Output	none	65536	float	1	125820.42857142857	125601.19047619047	126087.28571428571	520869311.479058	31	2	0	2	0	65536	fnv1a64:4353ac99036ca1fd	verified		measured		unavailable	separate Rust execution cost; not aggregated with the direct C kernel	805	42	IndicatorConfig::compute; API-owned Compact Output allocation included	catalogue_fixture_v1:f64le	fnv1a64:a4171d0a7611733a	0.6.4	43f9d5042ecc4bd367941846494ad907bf20ea50	3.12.13	0.6.4	0.6.4	2.2.3	rustc 1.93.0 (254b59607 2026-01-19)	Apple M2	Darwin 25.5.0 Darwin Kernel Version 25.5.0: Tue Jun  9 22:27:52 PDT 2026; root:xnu-12377.121.10~1/RELEASE_ARM64_T8112	aarch64	64	ta-core=default(f64,std); ta-benchmarks=catalogue-matrix	b156ac1ec5c781af0a386c4deab4769a4c5479c1	true
fast-ta	Price Transform	TYPPRICE: Typical Price	TYPPRICE	caller-owned Batch Computation	none	65536	float	1	126958.325	123345.825	127387.5	516200887.1808919	31	0	0	0	0	65536	fnv1a64:4353ac99036ca1fd	verified		measured		comparable	primary caller-owned Rust/C kernel	794	40	IndicatorConfig::compute_into; caller output allocation excluded	catalogue_fixture_v1:f64le	fnv1a64:a4171d0a7611733a	0.6.4	43f9d5042ecc4bd367941846494ad907bf20ea50	3.12.13	0.6.4	0.6.4	2.2.3	rustc 1.93.0 (254b59607 2026-01-19)	Apple M2	Darwin 25.5.0 Darwin Kernel Version 25.5.0: Tue Jun  9 22:27:52 PDT 2026; root:xnu-12377.121.10~1/RELEASE_ARM64_T8112	aarch64	64	ta-core=default(f64,std); ta-benchmarks=catalogue-matrix	b156ac1ec5c781af0a386c4deab4769a4c5479c1	true
fast-ta	Price Transform	TYPPRICE: Typical Price	TYPPRICE	Prepared Batch Runner	none	65536	float	1	123562.5	121849.21428571429	127280.73809523809	530387455.74102175	31	0	0	0	0	65536	fnv1a64:4353ac99036ca1fd	verified		measured		unavailable	separate Rust execution cost; not aggregated with the direct C kernel	803	42	PreparedBatchRunner::compute_into; preparation and caller output allocation excluded	catalogue_fixture_v1:f64le	fnv1a64:a4171d0a7611733a	0.6.4	43f9d5042ecc4bd367941846494ad907bf20ea50	3.12.13	0.6.4	0.6.4	2.2.3	rustc 1.93.0 (254b59607 2026-01-19)	Apple M2	Darwin 25.5.0 Darwin Kernel Version 25.5.0: Tue Jun  9 22:27:52 PDT 2026; root:xnu-12377.121.10~1/RELEASE_ARM64_T8112	aarch64	64	ta-core=default(f64,std); ta-benchmarks=catalogue-matrix	b156ac1ec5c781af0a386c4deab4769a4c5479c1	true
fast-ta	Price Transform	TYPPRICE: Typical Price	TYPPRICE	Streaming Computation	none	65536	float	1	293595.5882352941	293294.1176470588	294325.9411764706	223218613.0381427	31	4	0	4	0	65536	fnv1a64:4353ac99036ca1fd	verified		measured		unavailable	separate Rust execution cost; not aggregated with the direct C kernel	342	17	StreamingComputation::reset plus one next call per observation; stream and output allocation excluded	catalogue_fixture_v1:f64le	fnv1a64:a4171d0a7611733a	0.6.4	43f9d5042ecc4bd367941846494ad907bf20ea50	3.12.13	0.6.4	0.6.4	2.2.3	rustc 1.93.0 (254b59607 2026-01-19)	Apple M2	Darwin 25.5.0 Darwin Kernel Version 25.5.0: Tue Jun  9 22:27:52 PDT 2026; root:xnu-12377.121.10~1/RELEASE_ARM64_T8112	aarch64	64	ta-core=default(f64,std); ta-benchmarks=catalogue-matrix	b156ac1ec5c781af0a386c4deab4769a4c5479c1	true
TA-Lib C	Price Transform	TYPPRICE: Typical Price	TYPPRICE	direct C caller-owned	none	65536	float	1	25574.91414141414	25528.20202020202	27021.883838383837	2562511046.474084	31	0	0	0	0	65536	fnv1a64:4353ac99036ca1fd	verified		measured		comparable	primary caller-owned Rust/C kernel	3928	198	direct TA_TYPPRICE call; caller output allocation excluded	catalogue_fixture_v1:f64le	fnv1a64:a4171d0a7611733a	0.6.4	43f9d5042ecc4bd367941846494ad907bf20ea50	3.12.13	0.6.4	0.6.4	2.2.3	rustc 1.93.0 (254b59607 2026-01-19)	Apple M2	Darwin 25.5.0 Darwin Kernel Version 25.5.0: Tue Jun  9 22:27:52 PDT 2026; root:xnu-12377.121.10~1/RELEASE_ARM64_T8112	aarch64	64	ta-core=default(f64,std); ta-benchmarks=catalogue-matrix	b156ac1ec5c781af0a386c4deab4769a4c5479c1	true
TA-Lib Python	Price Transform	TYPPRICE: Typical Price	TYPPRICE	official Python NumPy API	none	65536	float	1	27801.730641258	27694.056278848	28074.438110768	2357263324.5623937	31	3	0	3	0	65536	fnv1a64:4353ac99036ca1fd	verified		measured		unavailable	user-facing Python API cost; not aggregated with caller-owned kernels	3673	178	direct talib.TYPPRICE NumPy API expression including API-owned output; fixture loading excluded	catalogue_fixture_v1:f64le	fnv1a64:a4171d0a7611733a	0.6.4	43f9d5042ecc4bd367941846494ad907bf20ea50	3.12.13	0.6.4	0.6.4	2.2.3	rustc 1.93.0 (254b59607 2026-01-19)	Apple M2	Darwin 25.5.0 Darwin Kernel Version 25.5.0: Tue Jun  9 22:27:52 PDT 2026; root:xnu-12377.121.10~1/RELEASE_ARM64_T8112	aarch64	64	ta-core=default(f64,std); ta-benchmarks=catalogue-matrix	b156ac1ec5c781af0a386c4deab4769a4c5479c1	true
fast-ta	Volume Indicators	OBV: On Balance Volume	OBV	Owned Compact Output	none	65536	float	1	163592.74193548388	163241.93548387097	163733.87096774194	400604569.766582	31	1	0	1	0	65536	fnv1a64:e593c37485616ce2	verified		measured		unavailable	separate Rust execution cost; not aggregated with the direct C kernel	608	31	IndicatorConfig::compute; API-owned Compact Output allocation included	catalogue_fixture_v1:f64le	fnv1a64:a4171d0a7611733a	0.6.4	43f9d5042ecc4bd367941846494ad907bf20ea50	3.12.13	0.6.4	0.6.4	2.2.3	rustc 1.93.0 (254b59607 2026-01-19)	Apple M2	Darwin 25.5.0 Darwin Kernel Version 25.5.0: Tue Jun  9 22:27:52 PDT 2026; root:xnu-12377.121.10~1/RELEASE_ARM64_T8112	aarch64	64	ta-core=default(f64,std); ta-benchmarks=catalogue-matrix	b156ac1ec5c781af0a386c4deab4769a4c5479c1	true
fast-ta	Volume Indicators	OBV: On Balance Volume	OBV	caller-owned Batch Computation	none	65536	float	1	155462.6551724138	155359.1724137931	156106.3103448276	421554616.6204235	31	5	0	5	0	65536	fnv1a64:e593c37485616ce2	verified		measured		comparable	primary caller-owned Rust/C kernel	635	29	IndicatorConfig::compute_into; caller output allocation excluded	catalogue_fixture_v1:f64le	fnv1a64:a4171d0a7611733a	0.6.4	43f9d5042ecc4bd367941846494ad907bf20ea50	3.12.13	0.6.4	0.6.4	2.2.3	rustc 1.93.0 (254b59607 2026-01-19)	Apple M2	Darwin 25.5.0 Darwin Kernel Version 25.5.0: Tue Jun  9 22:27:52 PDT 2026; root:xnu-12377.121.10~1/RELEASE_ARM64_T8112	aarch64	64	ta-core=default(f64,std); ta-benchmarks=catalogue-matrix	b156ac1ec5c781af0a386c4deab4769a4c5479c1	true
fast-ta	Volume Indicators	OBV: On Balance Volume	OBV	Prepared Batch Runner	none	65536	float	1	179515.7931034483	175672.41379310345	183627.89655172414	365070943.7148743	31	0	0	0	0	65536	fnv1a64:e593c37485616ce2	verified		measured		unavailable	separate Rust execution cost; not aggregated with the direct C kernel	613	29	PreparedBatchRunner::compute_into; preparation and caller output allocation excluded	catalogue_fixture_v1:f64le	fnv1a64:a4171d0a7611733a	0.6.4	43f9d5042ecc4bd367941846494ad907bf20ea50	3.12.13	0.6.4	0.6.4	2.2.3	rustc 1.93.0 (254b59607 2026-01-19)	Apple M2	Darwin 25.5.0 Darwin Kernel Version 25.5.0: Tue Jun  9 22:27:52 PDT 2026; root:xnu-12377.121.10~1/RELEASE_ARM64_T8112	aarch64	64	ta-core=default(f64,std); ta-benchmarks=catalogue-matrix	b156ac1ec5c781af0a386c4deab4769a4c5479c1	true
fast-ta	Volume Indicators	OBV: On Balance Volume	OBV	Streaming Computation	none	65536	float	1	663107.1428571428	654006	669148.8571428572	98831690.6339204	31	3	0	3	0	65536	fnv1a64:e593c37485616ce2	verified		measured		unavailable	separate Rust execution cost; not aggregated with the direct C kernel	170	7	StreamingComputation::reset plus one next call per observation; stream and output allocation excluded	catalogue_fixture_v1:f64le	fnv1a64:a4171d0a7611733a	0.6.4	43f9d5042ecc4bd367941846494ad907bf20ea50	3.12.13	0.6.4	0.6.4	2.2.3	rustc 1.93.0 (254b59607 2026-01-19)	Apple M2	Darwin 25.5.0 Darwin Kernel Version 25.5.0: Tue Jun  9 22:27:52 PDT 2026; root:xnu-12377.121.10~1/RELEASE_ARM64_T8112	aarch64	64	ta-core=default(f64,std); ta-benchmarks=catalogue-matrix	b156ac1ec5c781af0a386c4deab4769a4c5479c1	true
TA-Lib C	Volume Indicators	OBV: On Balance Volume	OBV	direct C caller-owned	none	65536	float	1	116194.13636363637	107901.52272727272	118396.77272727272	564021576.742059	31	0	0	0	0	65536	fnv1a64:e593c37485616ce2	verified		measured		comparable	primary caller-owned Rust/C kernel	957	44	direct TA_OBV call; caller output allocation excluded	catalogue_fixture_v1:f64le	fnv1a64:a4171d0a7611733a	0.6.4	43f9d5042ecc4bd367941846494ad907bf20ea50	3.12.13	0.6.4	0.6.4	2.2.3	rustc 1.93.0 (254b59607 2026-01-19)	Apple M2	Darwin 25.5.0 Darwin Kernel Version 25.5.0: Tue Jun  9 22:27:52 PDT 2026; root:xnu-12377.121.10~1/RELEASE_ARM64_T8112	aarch64	64	ta-core=default(f64,std); ta-benchmarks=catalogue-matrix	b156ac1ec5c781af0a386c4deab4769a4c5479c1	true
TA-Lib Python	Volume Indicators	OBV: On Balance Volume	OBV	official Python NumPy API	none	65536	float	1	114797.48862384	109323.628008539	116665.697342521	570883568.8448164	31	0	0	0	0	65536	fnv1a64:e593c37485616ce2	verified		measured		unavailable	user-facing Python API cost; not aggregated with caller-owned kernels	839	43	direct talib.OBV NumPy API expression including API-owned output; fixture loading excluded	catalogue_fixture_v1:f64le	fnv1a64:a4171d0a7611733a	0.6.4	43f9d5042ecc4bd367941846494ad907bf20ea50	3.12.13	0.6.4	0.6.4	2.2.3	rustc 1.93.0 (254b59607 2026-01-19)	Apple M2	Darwin 25.5.0 Darwin Kernel Version 25.5.0: Tue Jun  9 22:27:52 PDT 2026; root:xnu-12377.121.10~1/RELEASE_ARM64_T8112	aarch64	64	ta-core=default(f64,std); ta-benchmarks=catalogue-matrix	b156ac1ec5c781af0a386c4deab4769a4c5479c1	true
fast-ta	Math Transform	SIN: Vector Trigonometric Sine	SIN	Owned Compact Output	none	65536	float	1	438913.25	438086.8333333333	439604.1666666667	149314243.7600141	31	2	0	2	0	65536	fnv1a64:30b1808cf18aee44	verified		measured		unavailable	separate Rust execution cost; not aggregated with the direct C kernel	227	12	IndicatorConfig::compute; API-owned Compact Output allocation included	catalogue_fixture_v1:f64le	fnv1a64:a4171d0a7611733a	0.6.4	43f9d5042ecc4bd367941846494ad907bf20ea50	3.12.13	0.6.4	0.6.4	2.2.3	rustc 1.93.0 (254b59607 2026-01-19)	Apple M2	Darwin 25.5.0 Darwin Kernel Version 25.5.0: Tue Jun  9 22:27:52 PDT 2026; root:xnu-12377.121.10~1/RELEASE_ARM64_T8112	aarch64	64	ta-core=default(f64,std); ta-benchmarks=catalogue-matrix	b156ac1ec5c781af0a386c4deab4769a4c5479c1	true
fast-ta	Math Transform	SIN: Vector Trigonometric Sine	SIN	caller-owned Batch Computation	none	65536	float	1	502652.8333333333	502121.5	503000	130380245.87546673	31	0	0	0	0	65536	fnv1a64:30b1808cf18aee44	verified		measured		comparable	primary caller-owned Rust/C kernel	232	12	IndicatorConfig::compute_into; caller output allocation excluded	catalogue_fixture_v1:f64le	fnv1a64:a4171d0a7611733a	0.6.4	43f9d5042ecc4bd367941846494ad907bf20ea50	3.12.13	0.6.4	0.6.4	2.2.3	rustc 1.93.0 (254b59607 2026-01-19)	Apple M2	Darwin 25.5.0 Darwin Kernel Version 25.5.0: Tue Jun  9 22:27:52 PDT 2026; root:xnu-12377.121.10~1/RELEASE_ARM64_T8112	aarch64	64	ta-core=default(f64,std); ta-benchmarks=catalogue-matrix	b156ac1ec5c781af0a386c4deab4769a4c5479c1	true
fast-ta	Math Transform	SIN: Vector Trigonometric Sine	SIN	Prepared Batch Runner	none	65536	float	1	497912.9090909091	470450.7272727273	498401.54545454547	131621411.70361665	31	0	0	0	0	65536	fnv1a64:30b1808cf18aee44	verified		measured		unavailable	separate Rust execution cost; not aggregated with the direct C kernel	208	11	PreparedBatchRunner::compute_into; preparation and caller output allocation excluded	catalogue_fixture_v1:f64le	fnv1a64:a4171d0a7611733a	0.6.4	43f9d5042ecc4bd367941846494ad907bf20ea50	3.12.13	0.6.4	0.6.4	2.2.3	rustc 1.93.0 (254b59607 2026-01-19)	Apple M2	Darwin 25.5.0 Darwin Kernel Version 25.5.0: Tue Jun  9 22:27:52 PDT 2026; root:xnu-12377.121.10~1/RELEASE_ARM64_T8112	aarch64	64	ta-core=default(f64,std); ta-benchmarks=catalogue-matrix	b156ac1ec5c781af0a386c4deab4769a4c5479c1	true
fast-ta	Math Transform	SIN: Vector Trigonometric Sine	SIN	Streaming Computation	none	65536	float	1	475337.1818181818	474958.36363636365	475806.8181818182	137872656.51999375	31	11	7	4	0	65536	fnv1a64:30b1808cf18aee44	verified		measured		unavailable	separate Rust execution cost; not aggregated with the direct C kernel	222	11	StreamingComputation::reset plus one next call per observation; stream and output allocation excluded	catalogue_fixture_v1:f64le	fnv1a64:a4171d0a7611733a	0.6.4	43f9d5042ecc4bd367941846494ad907bf20ea50	3.12.13	0.6.4	0.6.4	2.2.3	rustc 1.93.0 (254b59607 2026-01-19)	Apple M2	Darwin 25.5.0 Darwin Kernel Version 25.5.0: Tue Jun  9 22:27:52 PDT 2026; root:xnu-12377.121.10~1/RELEASE_ARM64_T8112	aarch64	64	ta-core=default(f64,std); ta-benchmarks=catalogue-matrix	b156ac1ec5c781af0a386c4deab4769a4c5479c1	true
TA-Lib C	Math Transform	SIN: Vector Trigonometric Sine	SIN	direct C caller-owned	none	65536	float	1	443940.9166666667	443652.75	445031.25	147623247.91343293	31	1	0	1	0	65536	fnv1a64:30b1808cf18aee44	verified		measured		comparable	primary caller-owned Rust/C kernel	225	12	direct TA_SIN call; caller output allocation excluded	catalogue_fixture_v1:f64le	fnv1a64:a4171d0a7611733a	0.6.4	43f9d5042ecc4bd367941846494ad907bf20ea50	3.12.13	0.6.4	0.6.4	2.2.3	rustc 1.93.0 (254b59607 2026-01-19)	Apple M2	Darwin 25.5.0 Darwin Kernel Version 25.5.0: Tue Jun  9 22:27:52 PDT 2026; root:xnu-12377.121.10~1/RELEASE_ARM64_T8112	aarch64	64	ta-core=default(f64,std); ta-benchmarks=catalogue-matrix	b156ac1ec5c781af0a386c4deab4769a4c5479c1	true
TA-Lib Python	Math Transform	SIN: Vector Trigonometric Sine	SIN	official Python NumPy API	none	65536	float	1	384945.462708576	384833.305501021	385211.538881637	170247493.08349222	31	3	0	3	0	65536	fnv1a64:30b1808cf18aee44	verified		measured		unavailable	user-facing Python API cost; not aggregated with caller-owned kernels	260	13	direct talib.SIN NumPy API expression including API-owned output; fixture loading excluded	catalogue_fixture_v1:f64le	fnv1a64:a4171d0a7611733a	0.6.4	43f9d5042ecc4bd367941846494ad907bf20ea50	3.12.13	0.6.4	0.6.4	2.2.3	rustc 1.93.0 (254b59607 2026-01-19)	Apple M2	Darwin 25.5.0 Darwin Kernel Version 25.5.0: Tue Jun  9 22:27:52 PDT 2026; root:xnu-12377.121.10~1/RELEASE_ARM64_T8112	aarch64	64	ta-core=default(f64,std); ta-benchmarks=catalogue-matrix	b156ac1ec5c781af0a386c4deab4769a4c5479c1	true
fast-ta	Math Operators	ADD: Vector Arithmetic Add	ADD	Owned Compact Output	none	65536	float	1	113589.7435897436	113081.20512820513	113949.79487179487	576953498.8713318	31	0	0	0	0	65536	fnv1a64:9215e92ad1f1444b	verified		measured		unavailable	separate Rust execution cost; not aggregated with the direct C kernel	785	39	IndicatorConfig::compute; API-owned Compact Output allocation included	catalogue_fixture_v1:f64le	fnv1a64:a4171d0a7611733a	0.6.4	43f9d5042ecc4bd367941846494ad907bf20ea50	3.12.13	0.6.4	0.6.4	2.2.3	rustc 1.93.0 (254b59607 2026-01-19)	Apple M2	Darwin 25.5.0 Darwin Kernel Version 25.5.0: Tue Jun  9 22:27:52 PDT 2026; root:xnu-12377.121.10~1/RELEASE_ARM64_T8112	aarch64	64	ta-core=default(f64,std); ta-benchmarks=catalogue-matrix	b156ac1ec5c781af0a386c4deab4769a4c5479c1	true
fast-ta	Math Operators	ADD: Vector Arithmetic Add	ADD	caller-owned Batch Computation	none	65536	float	1	103829.62222222223	103754.62222222223	103988.88888888889	631187888.3632652	31	1	0	1	0	65536	fnv1a64:9215e92ad1f1444b	verified		measured		comparable	primary caller-owned Rust/C kernel	967	45	IndicatorConfig::compute_into; caller output allocation excluded	catalogue_fixture_v1:f64le	fnv1a64:a4171d0a7611733a	0.6.4	43f9d5042ecc4bd367941846494ad907bf20ea50	3.12.13	0.6.4	0.6.4	2.2.3	rustc 1.93.0 (254b59607 2026-01-19)	Apple M2	Darwin 25.5.0 Darwin Kernel Version 25.5.0: Tue Jun  9 22:27:52 PDT 2026; root:xnu-12377.121.10~1/RELEASE_ARM64_T8112	aarch64	64	ta-core=default(f64,std); ta-benchmarks=catalogue-matrix	b156ac1ec5c781af0a386c4deab4769a4c5479c1	true
fast-ta	Math Operators	ADD: Vector Arithmetic Add	ADD	Prepared Batch Runner	none	65536	float	1	98316.48936170213	98137.40425531915	103254.44680851063	666581978.5213839	31	0	0	0	0	65536	fnv1a64:9215e92ad1f1444b	verified		measured		unavailable	separate Rust execution cost; not aggregated with the direct C kernel	935	47	PreparedBatchRunner::compute_into; preparation and caller output allocation excluded	catalogue_fixture_v1:f64le	fnv1a64:a4171d0a7611733a	0.6.4	43f9d5042ecc4bd367941846494ad907bf20ea50	3.12.13	0.6.4	0.6.4	2.2.3	rustc 1.93.0 (254b59607 2026-01-19)	Apple M2	Darwin 25.5.0 Darwin Kernel Version 25.5.0: Tue Jun  9 22:27:52 PDT 2026; root:xnu-12377.121.10~1/RELEASE_ARM64_T8112	aarch64	64	ta-core=default(f64,std); ta-benchmarks=catalogue-matrix	b156ac1ec5c781af0a386c4deab4769a4c5479c1	true
fast-ta	Math Operators	ADD: Vector Arithmetic Add	ADD	Streaming Computation	none	65536	float	1	146206.89655172414	145116.37931034484	146464.06896551725	448241509.4339622	31	3	0	3	0	65536	fnv1a64:9215e92ad1f1444b	verified		measured		unavailable	separate Rust execution cost; not aggregated with the direct C kernel	626	29	StreamingComputation::reset plus one next call per observation; stream and output allocation excluded	catalogue_fixture_v1:f64le	fnv1a64:a4171d0a7611733a	0.6.4	43f9d5042ecc4bd367941846494ad907bf20ea50	3.12.13	0.6.4	0.6.4	2.2.3	rustc 1.93.0 (254b59607 2026-01-19)	Apple M2	Darwin 25.5.0 Darwin Kernel Version 25.5.0: Tue Jun  9 22:27:52 PDT 2026; root:xnu-12377.121.10~1/RELEASE_ARM64_T8112	aarch64	64	ta-core=default(f64,std); ta-benchmarks=catalogue-matrix	b156ac1ec5c781af0a386c4deab4769a4c5479c1	true
TA-Lib C	Math Operators	ADD: Vector Arithmetic Add	ADD	direct C caller-owned	none	65536	float	1	24828.703703703704	23923.9417989418	26467.15343915344	2639525638.6350923	31	0	0	0	0	65536	fnv1a64:9215e92ad1f1444b	verified		measured		comparable	primary caller-owned Rust/C kernel	4055	189	direct TA_ADD call; caller output allocation excluded	catalogue_fixture_v1:f64le	fnv1a64:a4171d0a7611733a	0.6.4	43f9d5042ecc4bd367941846494ad907bf20ea50	3.12.13	0.6.4	0.6.4	2.2.3	rustc 1.93.0 (254b59607 2026-01-19)	Apple M2	Darwin 25.5.0 Darwin Kernel Version 25.5.0: Tue Jun  9 22:27:52 PDT 2026; root:xnu-12377.121.10~1/RELEASE_ARM64_T8112	aarch64	64	ta-core=default(f64,std); ta-benchmarks=catalogue-matrix	b156ac1ec5c781af0a386c4deab4769a4c5479c1	true
TA-Lib Python	Math Operators	ADD: Vector Arithmetic Add	ADD	official Python NumPy API	none	65536	float	1	25620.238323297	24368.84762054	26282.342982345	2557977766.366318	31	0	0	0	0	65536	fnv1a64:9215e92ad1f1444b	verified		measured		unavailable	user-facing Python API cost; not aggregated with caller-owned kernels	3993	210	direct talib.ADD NumPy API expression including API-owned output; fixture loading excluded	catalogue_fixture_v1:f64le	fnv1a64:a4171d0a7611733a	0.6.4	43f9d5042ecc4bd367941846494ad907bf20ea50	3.12.13	0.6.4	0.6.4	2.2.3	rustc 1.93.0 (254b59607 2026-01-19)	Apple M2	Darwin 25.5.0 Darwin Kernel Version 25.5.0: Tue Jun  9 22:27:52 PDT 2026; root:xnu-12377.121.10~1/RELEASE_ARM64_T8112	aarch64	64	ta-core=default(f64,std); ta-benchmarks=catalogue-matrix	b156ac1ec5c781af0a386c4deab4769a4c5479c1	true
