implementation	indicator_family	indicator_definition	case_id	mode	parameters	input_length	output_kind	output_arity	median_ns	ci95_lower_ns	ci95_upper_ns	throughput_observations_per_second	sample_count	outlier_count	outlier_low_count	outlier_high_count	output_begin	output_count	output_checksum	semantic_status	semantic_reason	timing_status	timing_reason	comparison_status	comparison_reason	warmup_iterations	iterations_per_sample	timed_boundary	fixture	input_checksum	ta_lib_version	ta_lib_revision	python_version	python_binding_version	python_ta_lib_version	numpy_version	rustc	cpu	os	arch	float_width	features	commit	dirty
fast-ta	Overlap Studies	SMA: Simple Moving Average	SMA	Owned Compact Output	timeperiod=14	256	float	1	291.18003971034807	290.02914038775987	294.520847932726	879181142.548976	31	0	0	0	13	243	fnv1a64:3e37ece299fccaa3	verified		measured		unavailable	separate Rust execution cost; not aggregated with the direct C kernel	323681	17124	IndicatorConfig::compute; API-owned Compact Output allocation included	catalogue_fixture_v1:f64le	fnv1a64:73fedfe0ae0a803f	0.6.4	43f9d5042ecc4bd367941846494ad907bf20ea50	3.12.13	0.6.4	0.6.4	2.2.3	rustc 1.93.0 (254b59607 2026-01-19)	Apple M2	Darwin 25.5.0 Darwin Kernel Version 25.5.0: Tue Jun  9 22:27:52 PDT 2026; root:xnu-12377.121.10~1/RELEASE_ARM64_T8112	aarch64	64	ta-core=default(f64,std); ta-benchmarks=catalogue-matrix	4c83bdfcb2569e9d106c8547f98a1d06f289a397	false
fast-ta	Overlap Studies	SMA: Simple Moving Average	SMA	caller-owned Batch Computation	timeperiod=14	256	float	1	257.37754029432375	256.04899556178464	260.23417425835083	994647783.5915735	31	0	0	0	13	243	fnv1a64:3e37ece299fccaa3	verified		measured		comparable	primary caller-owned Rust/C kernel	364189	17124	IndicatorConfig::compute_into; caller output allocation excluded	catalogue_fixture_v1:f64le	fnv1a64:73fedfe0ae0a803f	0.6.4	43f9d5042ecc4bd367941846494ad907bf20ea50	3.12.13	0.6.4	0.6.4	2.2.3	rustc 1.93.0 (254b59607 2026-01-19)	Apple M2	Darwin 25.5.0 Darwin Kernel Version 25.5.0: Tue Jun  9 22:27:52 PDT 2026; root:xnu-12377.121.10~1/RELEASE_ARM64_T8112	aarch64	64	ta-core=default(f64,std); ta-benchmarks=catalogue-matrix	4c83bdfcb2569e9d106c8547f98a1d06f289a397	false
fast-ta	Overlap Studies	SMA: Simple Moving Average	SMA	Prepared Batch Runner	timeperiod=14	256	float	1	258.3633824128499	256.0064016760752	260.41727288599196	990852486.9477311	31	0	0	0	13	243	fnv1a64:3e37ece299fccaa3	verified		measured		unavailable	separate Rust execution cost; not aggregated with the direct C kernel	363782	17183	PreparedBatchRunner::compute_into; preparation and caller output allocation excluded	catalogue_fixture_v1:f64le	fnv1a64:73fedfe0ae0a803f	0.6.4	43f9d5042ecc4bd367941846494ad907bf20ea50	3.12.13	0.6.4	0.6.4	2.2.3	rustc 1.93.0 (254b59607 2026-01-19)	Apple M2	Darwin 25.5.0 Darwin Kernel Version 25.5.0: Tue Jun  9 22:27:52 PDT 2026; root:xnu-12377.121.10~1/RELEASE_ARM64_T8112	aarch64	64	ta-core=default(f64,std); ta-benchmarks=catalogue-matrix	4c83bdfcb2569e9d106c8547f98a1d06f289a397	false
fast-ta	Overlap Studies	SMA: Simple Moving Average	SMA	Streaming Computation	timeperiod=14	256	float	1	1270.8817454169894	1265.943712884069	1276.3684482313452	201434949.33590674	31	1	0	1	13	243	fnv1a64:3e37ece299fccaa3	verified		measured		unavailable	separate Rust execution cost; not aggregated with the direct C kernel	77725	3873	StreamingComputation::reset plus one next call per observation; stream and output allocation excluded	catalogue_fixture_v1:f64le	fnv1a64:73fedfe0ae0a803f	0.6.4	43f9d5042ecc4bd367941846494ad907bf20ea50	3.12.13	0.6.4	0.6.4	2.2.3	rustc 1.93.0 (254b59607 2026-01-19)	Apple M2	Darwin 25.5.0 Darwin Kernel Version 25.5.0: Tue Jun  9 22:27:52 PDT 2026; root:xnu-12377.121.10~1/RELEASE_ARM64_T8112	aarch64	64	ta-core=default(f64,std); ta-benchmarks=catalogue-matrix	4c83bdfcb2569e9d106c8547f98a1d06f289a397	false
TA-Lib C	Overlap Studies	SMA: Simple Moving Average	SMA	direct C caller-owned	timeperiod=14	256	float	1	462.53507968492397	459.92095621908777	465.5805092507785	553471533.8226576	31	0	0	0	13	243	fnv1a64:5ba01d7e61357601	verified		measured		comparable	primary caller-owned Rust/C kernel	211573	10918	direct TA_SMA call; caller output allocation excluded	catalogue_fixture_v1:f64le	fnv1a64:73fedfe0ae0a803f	0.6.4	43f9d5042ecc4bd367941846494ad907bf20ea50	3.12.13	0.6.4	0.6.4	2.2.3	rustc 1.93.0 (254b59607 2026-01-19)	Apple M2	Darwin 25.5.0 Darwin Kernel Version 25.5.0: Tue Jun  9 22:27:52 PDT 2026; root:xnu-12377.121.10~1/RELEASE_ARM64_T8112	aarch64	64	ta-core=default(f64,std); ta-benchmarks=catalogue-matrix	4c83bdfcb2569e9d106c8547f98a1d06f289a397	false
TA-Lib Python	Overlap Studies	SMA: Simple Moving Average	SMA	official Python NumPy API	timeperiod=14	256	float	1	565.436628952	560.729280336	571.343943056	452747464.33473784	31	0	0	0	13	243	fnv1a64:5ba01d7e61357601	verified		measured		unavailable	user-facing Python API cost; not aggregated with caller-owned kernels	113745	8577	direct talib.SMA NumPy API expression including API-owned output; fixture loading excluded	catalogue_fixture_v1:f64le	fnv1a64:73fedfe0ae0a803f	0.6.4	43f9d5042ecc4bd367941846494ad907bf20ea50	3.12.13	0.6.4	0.6.4	2.2.3	rustc 1.93.0 (254b59607 2026-01-19)	Apple M2	Darwin 25.5.0 Darwin Kernel Version 25.5.0: Tue Jun  9 22:27:52 PDT 2026; root:xnu-12377.121.10~1/RELEASE_ARM64_T8112	aarch64	64	ta-core=default(f64,std); ta-benchmarks=catalogue-matrix	4c83bdfcb2569e9d106c8547f98a1d06f289a397	false
fast-ta	Overlap Studies	BBANDS: Bollinger Bands	BBANDS	Owned Compact Output	timeperiod=20;nbdevup=2;nbdevdn=2;matype=SMA	256	float	3	932.6332949750671	929.1490218642117	945.0916762562332	274491594.26250577	31	0	0	0	19	237	fnv1a64:452fee1cda830f1b	verified		measured		unavailable	separate Rust execution cost; not aggregated with the direct C kernel	105756	5214	IndicatorConfig::compute; API-owned Compact Output allocation included	catalogue_fixture_v1:f64le	fnv1a64:73fedfe0ae0a803f	0.6.4	43f9d5042ecc4bd367941846494ad907bf20ea50	3.12.13	0.6.4	0.6.4	2.2.3	rustc 1.93.0 (254b59607 2026-01-19)	Apple M2	Darwin 25.5.0 Darwin Kernel Version 25.5.0: Tue Jun  9 22:27:52 PDT 2026; root:xnu-12377.121.10~1/RELEASE_ARM64_T8112	aarch64	64	ta-core=default(f64,std); ta-benchmarks=catalogue-matrix	4c83bdfcb2569e9d106c8547f98a1d06f289a397	false
fast-ta	Overlap Studies	BBANDS: Bollinger Bands	BBANDS	caller-owned Batch Computation	timeperiod=20;nbdevup=2;nbdevdn=2;matype=SMA	256	float	3	819.9840769903763	816.353280839895	824.1833770778653	312201184.3688576	31	0	0	0	19	237	fnv1a64:452fee1cda830f1b	verified		measured		comparable	primary caller-owned Rust/C kernel	119282	5715	IndicatorConfig::compute_into; caller output allocation excluded	catalogue_fixture_v1:f64le	fnv1a64:73fedfe0ae0a803f	0.6.4	43f9d5042ecc4bd367941846494ad907bf20ea50	3.12.13	0.6.4	0.6.4	2.2.3	rustc 1.93.0 (254b59607 2026-01-19)	Apple M2	Darwin 25.5.0 Darwin Kernel Version 25.5.0: Tue Jun  9 22:27:52 PDT 2026; root:xnu-12377.121.10~1/RELEASE_ARM64_T8112	aarch64	64	ta-core=default(f64,std); ta-benchmarks=catalogue-matrix	4c83bdfcb2569e9d106c8547f98a1d06f289a397	false
fast-ta	Overlap Studies	BBANDS: Bollinger Bands	BBANDS	Prepared Batch Runner	timeperiod=20;nbdevup=2;nbdevdn=2;matype=SMA	256	float	3	822.6128736475334	819.3654868879515	829.5052264808362	311203493.4061691	31	0	0	0	19	237	fnv1a64:452fee1cda830f1b	verified		measured		unavailable	separate Rust execution cost; not aggregated with the direct C kernel	118528	5453	PreparedBatchRunner::compute_into; preparation and caller output allocation excluded	catalogue_fixture_v1:f64le	fnv1a64:73fedfe0ae0a803f	0.6.4	43f9d5042ecc4bd367941846494ad907bf20ea50	3.12.13	0.6.4	0.6.4	2.2.3	rustc 1.93.0 (254b59607 2026-01-19)	Apple M2	Darwin 25.5.0 Darwin Kernel Version 25.5.0: Tue Jun  9 22:27:52 PDT 2026; root:xnu-12377.121.10~1/RELEASE_ARM64_T8112	aarch64	64	ta-core=default(f64,std); ta-benchmarks=catalogue-matrix	4c83bdfcb2569e9d106c8547f98a1d06f289a397	false
fast-ta	Overlap Studies	BBANDS: Bollinger Bands	BBANDS	Streaming Computation	timeperiod=20;nbdevup=2;nbdevdn=2;matype=SMA	256	float	3	2081.008996851102	2070.306342780027	2111.7669815564554	123017248.06926292	31	0	0	0	19	237	fnv1a64:452fee1cda830f1b	verified		measured		unavailable	separate Rust execution cost; not aggregated with the direct C kernel	47351	2223	StreamingComputation::reset plus one next call per observation; stream and output allocation excluded	catalogue_fixture_v1:f64le	fnv1a64:73fedfe0ae0a803f	0.6.4	43f9d5042ecc4bd367941846494ad907bf20ea50	3.12.13	0.6.4	0.6.4	2.2.3	rustc 1.93.0 (254b59607 2026-01-19)	Apple M2	Darwin 25.5.0 Darwin Kernel Version 25.5.0: Tue Jun  9 22:27:52 PDT 2026; root:xnu-12377.121.10~1/RELEASE_ARM64_T8112	aarch64	64	ta-core=default(f64,std); ta-benchmarks=catalogue-matrix	4c83bdfcb2569e9d106c8547f98a1d06f289a397	false
TA-Lib C	Overlap Studies	BBANDS: Bollinger Bands	BBANDS	direct C caller-owned	timeperiod=20;nbdevup=2;nbdevdn=2;matype=SMA	256	float	3	985.6832	983.5834	989.4666	259718335.465188	31	0	0	0	19	237	fnv1a64:1fe927e3fb52b1e4	verified		measured		comparable	primary caller-owned Rust/C kernel	100160	5000	direct TA_BBANDS call; caller output allocation excluded	catalogue_fixture_v1:f64le	fnv1a64:73fedfe0ae0a803f	0.6.4	43f9d5042ecc4bd367941846494ad907bf20ea50	3.12.13	0.6.4	0.6.4	2.2.3	rustc 1.93.0 (254b59607 2026-01-19)	Apple M2	Darwin 25.5.0 Darwin Kernel Version 25.5.0: Tue Jun  9 22:27:52 PDT 2026; root:xnu-12377.121.10~1/RELEASE_ARM64_T8112	aarch64	64	ta-core=default(f64,std); ta-benchmarks=catalogue-matrix	4c83bdfcb2569e9d106c8547f98a1d06f289a397	false
TA-Lib Python	Overlap Studies	BBANDS: Bollinger Bands	BBANDS	official Python NumPy API	timeperiod=20;nbdevup=2;nbdevdn=2;matype=SMA	256	float	3	1360.885517664	1357.938902992	1375.859926968	188112810.8699632	31	1	0	1	19	237	fnv1a64:1fe927e3fb52b1e4	verified		measured		unavailable	user-facing Python API cost; not aggregated with caller-owned kernels	60026	3634	direct talib.BBANDS NumPy API expression including API-owned output; fixture loading excluded	catalogue_fixture_v1:f64le	fnv1a64:73fedfe0ae0a803f	0.6.4	43f9d5042ecc4bd367941846494ad907bf20ea50	3.12.13	0.6.4	0.6.4	2.2.3	rustc 1.93.0 (254b59607 2026-01-19)	Apple M2	Darwin 25.5.0 Darwin Kernel Version 25.5.0: Tue Jun  9 22:27:52 PDT 2026; root:xnu-12377.121.10~1/RELEASE_ARM64_T8112	aarch64	64	ta-core=default(f64,std); ta-benchmarks=catalogue-matrix	4c83bdfcb2569e9d106c8547f98a1d06f289a397	false
fast-ta	Momentum Indicators	RSI: Relative Strength Index	RSI	Owned Compact Output	timeperiod=14	256	float	1	1307.4180218608371	1301.363902959211	1321.5142628632366	195805775.75000638	31	0	0	0	14	242	fnv1a64:704911d19149ae89	verified		measured		unavailable	separate Rust execution cost; not aggregated with the direct C kernel	74983	3751	IndicatorConfig::compute; API-owned Compact Output allocation included	catalogue_fixture_v1:f64le	fnv1a64:73fedfe0ae0a803f	0.6.4	43f9d5042ecc4bd367941846494ad907bf20ea50	3.12.13	0.6.4	0.6.4	2.2.3	rustc 1.93.0 (254b59607 2026-01-19)	Apple M2	Darwin 25.5.0 Darwin Kernel Version 25.5.0: Tue Jun  9 22:27:52 PDT 2026; root:xnu-12377.121.10~1/RELEASE_ARM64_T8112	aarch64	64	ta-core=default(f64,std); ta-benchmarks=catalogue-matrix	4c83bdfcb2569e9d106c8547f98a1d06f289a397	false
fast-ta	Momentum Indicators	RSI: Relative Strength Index	RSI	caller-owned Batch Computation	timeperiod=14	256	float	1	1273.0977443609022	1269.4948735475052	1286.6968557758032	201084324.54140633	31	0	0	0	14	242	fnv1a64:704911d19149ae89	verified		measured		comparable	primary caller-owned Rust/C kernel	77126	2926	IndicatorConfig::compute_into; caller output allocation excluded	catalogue_fixture_v1:f64le	fnv1a64:73fedfe0ae0a803f	0.6.4	43f9d5042ecc4bd367941846494ad907bf20ea50	3.12.13	0.6.4	0.6.4	2.2.3	rustc 1.93.0 (254b59607 2026-01-19)	Apple M2	Darwin 25.5.0 Darwin Kernel Version 25.5.0: Tue Jun  9 22:27:52 PDT 2026; root:xnu-12377.121.10~1/RELEASE_ARM64_T8112	aarch64	64	ta-core=default(f64,std); ta-benchmarks=catalogue-matrix	4c83bdfcb2569e9d106c8547f98a1d06f289a397	false
fast-ta	Momentum Indicators	RSI: Relative Strength Index	RSI	Prepared Batch Runner	timeperiod=14	256	float	1	1276.9493932352182	1272.183578621224	1286.7609088561837	200477796.03184634	31	1	0	1	14	242	fnv1a64:704911d19149ae89	verified		measured		unavailable	separate Rust execution cost; not aggregated with the direct C kernel	76491	3873	PreparedBatchRunner::compute_into; preparation and caller output allocation excluded	catalogue_fixture_v1:f64le	fnv1a64:73fedfe0ae0a803f	0.6.4	43f9d5042ecc4bd367941846494ad907bf20ea50	3.12.13	0.6.4	0.6.4	2.2.3	rustc 1.93.0 (254b59607 2026-01-19)	Apple M2	Darwin 25.5.0 Darwin Kernel Version 25.5.0: Tue Jun  9 22:27:52 PDT 2026; root:xnu-12377.121.10~1/RELEASE_ARM64_T8112	aarch64	64	ta-core=default(f64,std); ta-benchmarks=catalogue-matrix	4c83bdfcb2569e9d106c8547f98a1d06f289a397	false
fast-ta	Momentum Indicators	RSI: Relative Strength Index	RSI	Streaming Computation	timeperiod=14	256	float	1	2199.264459161148	2190.1580573951437	2219.6101545253864	116402554.01464748	31	0	0	0	14	242	fnv1a64:704911d19149ae89	verified		measured		unavailable	separate Rust execution cost; not aggregated with the direct C kernel	44907	2265	StreamingComputation::reset plus one next call per observation; stream and output allocation excluded	catalogue_fixture_v1:f64le	fnv1a64:73fedfe0ae0a803f	0.6.4	43f9d5042ecc4bd367941846494ad907bf20ea50	3.12.13	0.6.4	0.6.4	2.2.3	rustc 1.93.0 (254b59607 2026-01-19)	Apple M2	Darwin 25.5.0 Darwin Kernel Version 25.5.0: Tue Jun  9 22:27:52 PDT 2026; root:xnu-12377.121.10~1/RELEASE_ARM64_T8112	aarch64	64	ta-core=default(f64,std); ta-benchmarks=catalogue-matrix	4c83bdfcb2569e9d106c8547f98a1d06f289a397	false
TA-Lib C	Momentum Indicators	RSI: Relative Strength Index	RSI	direct C caller-owned	timeperiod=14	256	float	1	1405.7602419576574	1396.744294748419	1415.8990926587846	182107867.5859371	31	0	0	0	14	242	fnv1a64:704911d19149ae89	verified		measured		comparable	primary caller-owned Rust/C kernel	70149	3637	direct TA_RSI call; caller output allocation excluded	catalogue_fixture_v1:f64le	fnv1a64:73fedfe0ae0a803f	0.6.4	43f9d5042ecc4bd367941846494ad907bf20ea50	3.12.13	0.6.4	0.6.4	2.2.3	rustc 1.93.0 (254b59607 2026-01-19)	Apple M2	Darwin 25.5.0 Darwin Kernel Version 25.5.0: Tue Jun  9 22:27:52 PDT 2026; root:xnu-12377.121.10~1/RELEASE_ARM64_T8112	aarch64	64	ta-core=default(f64,std); ta-benchmarks=catalogue-matrix	4c83bdfcb2569e9d106c8547f98a1d06f289a397	false
TA-Lib Python	Momentum Indicators	RSI: Relative Strength Index	RSI	official Python NumPy API	timeperiod=14	256	float	1	1502.876117602	1494.735601331	1520.92974831	170340054.64700273	31	0	0	0	14	242	fnv1a64:704911d19149ae89	verified		measured		unavailable	user-facing Python API cost; not aggregated with caller-owned kernels	55418	3245	direct talib.RSI NumPy API expression including API-owned output; fixture loading excluded	catalogue_fixture_v1:f64le	fnv1a64:73fedfe0ae0a803f	0.6.4	43f9d5042ecc4bd367941846494ad907bf20ea50	3.12.13	0.6.4	0.6.4	2.2.3	rustc 1.93.0 (254b59607 2026-01-19)	Apple M2	Darwin 25.5.0 Darwin Kernel Version 25.5.0: Tue Jun  9 22:27:52 PDT 2026; root:xnu-12377.121.10~1/RELEASE_ARM64_T8112	aarch64	64	ta-core=default(f64,std); ta-benchmarks=catalogue-matrix	4c83bdfcb2569e9d106c8547f98a1d06f289a397	false
fast-ta	Momentum Indicators	MACD: Moving Average Convergence/Divergence	MACD	Owned Compact Output	fastperiod=12;slowperiod=26;signalperiod=9	256	float	3	860.9939482853475	857.9222446359802	865.0513478818999	297330777.42279017	31	0	0	0	33	223	fnv1a64:fb88d74066d8bf54	verified		measured		unavailable	separate Rust execution cost; not aggregated with the direct C kernel	114517	5453	IndicatorConfig::compute; API-owned Compact Output allocation included	catalogue_fixture_v1:f64le	fnv1a64:73fedfe0ae0a803f	0.6.4	43f9d5042ecc4bd367941846494ad907bf20ea50	3.12.13	0.6.4	0.6.4	2.2.3	rustc 1.93.0 (254b59607 2026-01-19)	Apple M2	Darwin 25.5.0 Darwin Kernel Version 25.5.0: Tue Jun  9 22:27:52 PDT 2026; root:xnu-12377.121.10~1/RELEASE_ARM64_T8112	aarch64	64	ta-core=default(f64,std); ta-benchmarks=catalogue-matrix	4c83bdfcb2569e9d106c8547f98a1d06f289a397	false
fast-ta	Momentum Indicators	MACD: Moving Average Convergence/Divergence	MACD	caller-owned Batch Computation	fastperiod=12;slowperiod=26;signalperiod=9	256	float	3	754.7453337551408	749.0971211641886	760.156279658336	339187257.6757833	31	0	0	0	33	223	fnv1a64:fb88d74066d8bf54	verified		measured		comparable	primary caller-owned Rust/C kernel	129533	6322	IndicatorConfig::compute_into; caller output allocation excluded	catalogue_fixture_v1:f64le	fnv1a64:73fedfe0ae0a803f	0.6.4	43f9d5042ecc4bd367941846494ad907bf20ea50	3.12.13	0.6.4	0.6.4	2.2.3	rustc 1.93.0 (254b59607 2026-01-19)	Apple M2	Darwin 25.5.0 Darwin Kernel Version 25.5.0: Tue Jun  9 22:27:52 PDT 2026; root:xnu-12377.121.10~1/RELEASE_ARM64_T8112	aarch64	64	ta-core=default(f64,std); ta-benchmarks=catalogue-matrix	4c83bdfcb2569e9d106c8547f98a1d06f289a397	false
fast-ta	Momentum Indicators	MACD: Moving Average Convergence/Divergence	MACD	Prepared Batch Runner	fastperiod=12;slowperiod=26;signalperiod=9	256	float	3	751.7491254372814	746.5710478094286	755.8928868898884	340539139.10586673	31	0	0	0	33	223	fnv1a64:fb88d74066d8bf54	verified		measured		unavailable	separate Rust execution cost; not aggregated with the direct C kernel	128674	6003	PreparedBatchRunner::compute_into; preparation and caller output allocation excluded	catalogue_fixture_v1:f64le	fnv1a64:73fedfe0ae0a803f	0.6.4	43f9d5042ecc4bd367941846494ad907bf20ea50	3.12.13	0.6.4	0.6.4	2.2.3	rustc 1.93.0 (254b59607 2026-01-19)	Apple M2	Darwin 25.5.0 Darwin Kernel Version 25.5.0: Tue Jun  9 22:27:52 PDT 2026; root:xnu-12377.121.10~1/RELEASE_ARM64_T8112	aarch64	64	ta-core=default(f64,std); ta-benchmarks=catalogue-matrix	4c83bdfcb2569e9d106c8547f98a1d06f289a397	false
fast-ta	Momentum Indicators	MACD: Moving Average Convergence/Divergence	MACD	Streaming Computation	fastperiod=12;slowperiod=26;signalperiod=9	256	float	3	3658.9065217391303	3633.544202898551	3681.8840579710145	69966258.6291818	31	0	0	0	33	223	fnv1a64:fb88d74066d8bf54	verified		measured		unavailable	separate Rust execution cost; not aggregated with the direct C kernel	27254	1380	StreamingComputation::reset plus one next call per observation; stream and output allocation excluded	catalogue_fixture_v1:f64le	fnv1a64:73fedfe0ae0a803f	0.6.4	43f9d5042ecc4bd367941846494ad907bf20ea50	3.12.13	0.6.4	0.6.4	2.2.3	rustc 1.93.0 (254b59607 2026-01-19)	Apple M2	Darwin 25.5.0 Darwin Kernel Version 25.5.0: Tue Jun  9 22:27:52 PDT 2026; root:xnu-12377.121.10~1/RELEASE_ARM64_T8112	aarch64	64	ta-core=default(f64,std); ta-benchmarks=catalogue-matrix	4c83bdfcb2569e9d106c8547f98a1d06f289a397	false
TA-Lib C	Momentum Indicators	MACD: Moving Average Convergence/Divergence	MACD	direct C caller-owned	fastperiod=12;slowperiod=26;signalperiod=9	256	float	3	1523.5827834433114	1521.233353329334	1539.2795440911818	168025001.84560868	31	1	0	1	33	223	fnv1a64:ae8cc7092892ecc8	verified		measured		comparable	primary caller-owned Rust/C kernel	64928	3334	direct TA_MACD call; caller output allocation excluded	catalogue_fixture_v1:f64le	fnv1a64:73fedfe0ae0a803f	0.6.4	43f9d5042ecc4bd367941846494ad907bf20ea50	3.12.13	0.6.4	0.6.4	2.2.3	rustc 1.93.0 (254b59607 2026-01-19)	Apple M2	Darwin 25.5.0 Darwin Kernel Version 25.5.0: Tue Jun  9 22:27:52 PDT 2026; root:xnu-12377.121.10~1/RELEASE_ARM64_T8112	aarch64	64	ta-core=default(f64,std); ta-benchmarks=catalogue-matrix	4c83bdfcb2569e9d106c8547f98a1d06f289a397	false
TA-Lib Python	Momentum Indicators	MACD: Moving Average Convergence/Divergence	MACD	official Python NumPy API	fastperiod=12;slowperiod=26;signalperiod=9	256	float	3	1918.08820597	1908.617865372	1937.42311039	133466229.13545196	31	1	0	1	33	223	fnv1a64:ae8cc7092892ecc8	verified		measured		unavailable	user-facing Python API cost; not aggregated with caller-owned kernels	44941	1905	direct talib.MACD NumPy API expression including API-owned output; fixture loading excluded	catalogue_fixture_v1:f64le	fnv1a64:73fedfe0ae0a803f	0.6.4	43f9d5042ecc4bd367941846494ad907bf20ea50	3.12.13	0.6.4	0.6.4	2.2.3	rustc 1.93.0 (254b59607 2026-01-19)	Apple M2	Darwin 25.5.0 Darwin Kernel Version 25.5.0: Tue Jun  9 22:27:52 PDT 2026; root:xnu-12377.121.10~1/RELEASE_ARM64_T8112	aarch64	64	ta-core=default(f64,std); ta-benchmarks=catalogue-matrix	4c83bdfcb2569e9d106c8547f98a1d06f289a397	false
fast-ta	Volatility Indicators	ATR: Average True Range	ATR	Owned Compact Output	timeperiod=14	256	float	1	1359.830805134189	1352.8418903150525	1367.4399066511085	188258715.0058994	31	1	0	1	14	242	fnv1a64:e201ee4cd8bdbc90	verified		measured		unavailable	separate Rust execution cost; not aggregated with the direct C kernel	72465	3428	IndicatorConfig::compute; API-owned Compact Output allocation included	catalogue_fixture_v1:f64le	fnv1a64:73fedfe0ae0a803f	0.6.4	43f9d5042ecc4bd367941846494ad907bf20ea50	3.12.13	0.6.4	0.6.4	2.2.3	rustc 1.93.0 (254b59607 2026-01-19)	Apple M2	Darwin 25.5.0 Darwin Kernel Version 25.5.0: Tue Jun  9 22:27:52 PDT 2026; root:xnu-12377.121.10~1/RELEASE_ARM64_T8112	aarch64	64	ta-core=default(f64,std); ta-benchmarks=catalogue-matrix	4c83bdfcb2569e9d106c8547f98a1d06f289a397	false
fast-ta	Volatility Indicators	ATR: Average True Range	ATR	caller-owned Batch Computation	timeperiod=14	256	float	1	1327.2042892493814	1321.9914764916139	1339.611492988727	192886658.12313214	31	1	0	1	14	242	fnv1a64:e201ee4cd8bdbc90	verified		measured		comparable	primary caller-owned Rust/C kernel	74307	3637	IndicatorConfig::compute_into; caller output allocation excluded	catalogue_fixture_v1:f64le	fnv1a64:73fedfe0ae0a803f	0.6.4	43f9d5042ecc4bd367941846494ad907bf20ea50	3.12.13	0.6.4	0.6.4	2.2.3	rustc 1.93.0 (254b59607 2026-01-19)	Apple M2	Darwin 25.5.0 Darwin Kernel Version 25.5.0: Tue Jun  9 22:27:52 PDT 2026; root:xnu-12377.121.10~1/RELEASE_ARM64_T8112	aarch64	64	ta-core=default(f64,std); ta-benchmarks=catalogue-matrix	4c83bdfcb2569e9d106c8547f98a1d06f289a397	false
fast-ta	Volatility Indicators	ATR: Average True Range	ATR	Prepared Batch Runner	timeperiod=14	256	float	1	1321.8883695353313	1316.8361286774814	1336.3920813857576	193662343.88610956	31	0	0	0	14	242	fnv1a64:e201ee4cd8bdbc90	verified		measured		unavailable	separate Rust execution cost; not aggregated with the direct C kernel	74537	3637	PreparedBatchRunner::compute_into; preparation and caller output allocation excluded	catalogue_fixture_v1:f64le	fnv1a64:73fedfe0ae0a803f	0.6.4	43f9d5042ecc4bd367941846494ad907bf20ea50	3.12.13	0.6.4	0.6.4	2.2.3	rustc 1.93.0 (254b59607 2026-01-19)	Apple M2	Darwin 25.5.0 Darwin Kernel Version 25.5.0: Tue Jun  9 22:27:52 PDT 2026; root:xnu-12377.121.10~1/RELEASE_ARM64_T8112	aarch64	64	ta-core=default(f64,std); ta-benchmarks=catalogue-matrix	4c83bdfcb2569e9d106c8547f98a1d06f289a397	false
fast-ta	Volatility Indicators	ATR: Average True Range	ATR	Streaming Computation	timeperiod=14	256	float	1	2205.3720197930725	2194.3130904183536	2224.4903283850654	116080188.60419758	31	0	0	0	14	242	fnv1a64:e201ee4cd8bdbc90	verified		measured		unavailable	separate Rust execution cost; not aggregated with the direct C kernel	44944	2223	StreamingComputation::reset plus one next call per observation; stream and output allocation excluded	catalogue_fixture_v1:f64le	fnv1a64:73fedfe0ae0a803f	0.6.4	43f9d5042ecc4bd367941846494ad907bf20ea50	3.12.13	0.6.4	0.6.4	2.2.3	rustc 1.93.0 (254b59607 2026-01-19)	Apple M2	Darwin 25.5.0 Darwin Kernel Version 25.5.0: Tue Jun  9 22:27:52 PDT 2026; root:xnu-12377.121.10~1/RELEASE_ARM64_T8112	aarch64	64	ta-core=default(f64,std); ta-benchmarks=catalogue-matrix	4c83bdfcb2569e9d106c8547f98a1d06f289a397	false
TA-Lib C	Volatility Indicators	ATR: Average True Range	ATR	direct C caller-owned	timeperiod=14	256	float	1	1334.8210794730132	1332.147046323842	1339.2477688057797	191786003.3354198	31	4	0	4	14	242	fnv1a64:e201ee4cd8bdbc90	verified		measured		comparable	primary caller-owned Rust/C kernel	73902	2353	direct TA_ATR call; caller output allocation excluded	catalogue_fixture_v1:f64le	fnv1a64:73fedfe0ae0a803f	0.6.4	43f9d5042ecc4bd367941846494ad907bf20ea50	3.12.13	0.6.4	0.6.4	2.2.3	rustc 1.93.0 (254b59607 2026-01-19)	Apple M2	Darwin 25.5.0 Darwin Kernel Version 25.5.0: Tue Jun  9 22:27:52 PDT 2026; root:xnu-12377.121.10~1/RELEASE_ARM64_T8112	aarch64	64	ta-core=default(f64,std); ta-benchmarks=catalogue-matrix	4c83bdfcb2569e9d106c8547f98a1d06f289a397	false
TA-Lib Python	Volatility Indicators	ATR: Average True Range	ATR	official Python NumPy API	timeperiod=14	256	float	1	1461.4451102	1455.383918884	1470.181165262	175169083.13098818	31	0	0	0	14	242	fnv1a64:e201ee4cd8bdbc90	verified		measured		unavailable	user-facing Python API cost; not aggregated with caller-owned kernels	56501	3334	direct talib.ATR NumPy API expression including API-owned output; fixture loading excluded	catalogue_fixture_v1:f64le	fnv1a64:73fedfe0ae0a803f	0.6.4	43f9d5042ecc4bd367941846494ad907bf20ea50	3.12.13	0.6.4	0.6.4	2.2.3	rustc 1.93.0 (254b59607 2026-01-19)	Apple M2	Darwin 25.5.0 Darwin Kernel Version 25.5.0: Tue Jun  9 22:27:52 PDT 2026; root:xnu-12377.121.10~1/RELEASE_ARM64_T8112	aarch64	64	ta-core=default(f64,std); ta-benchmarks=catalogue-matrix	4c83bdfcb2569e9d106c8547f98a1d06f289a397	false
fast-ta	Momentum Indicators	ADX: Average Directional Movement Index	ADX	Owned Compact Output	timeperiod=14	256	float	1	1596.156971075723	1588.4790380240495	1608.4796880077997	160385228.16930085	31	0	0	0	27	229	fnv1a64:5f19198bbbe9b60c	verified		measured		unavailable	separate Rust execution cost; not aggregated with the direct C kernel	61515	3077	IndicatorConfig::compute; API-owned Compact Output allocation included	catalogue_fixture_v1:f64le	fnv1a64:73fedfe0ae0a803f	0.6.4	43f9d5042ecc4bd367941846494ad907bf20ea50	3.12.13	0.6.4	0.6.4	2.2.3	rustc 1.93.0 (254b59607 2026-01-19)	Apple M2	Darwin 25.5.0 Darwin Kernel Version 25.5.0: Tue Jun  9 22:27:52 PDT 2026; root:xnu-12377.121.10~1/RELEASE_ARM64_T8112	aarch64	64	ta-core=default(f64,std); ta-benchmarks=catalogue-matrix	4c83bdfcb2569e9d106c8547f98a1d06f289a397	false
fast-ta	Momentum Indicators	ADX: Average Directional Movement Index	ADX	caller-owned Batch Computation	timeperiod=14	256	float	1	1558.891127721807	1552.608059798505	1573.4211894702632	164219293.73228472	31	1	0	1	27	229	fnv1a64:5f19198bbbe9b60c	verified		measured		comparable	primary caller-owned Rust/C kernel	63092	3077	IndicatorConfig::compute_into; caller output allocation excluded	catalogue_fixture_v1:f64le	fnv1a64:73fedfe0ae0a803f	0.6.4	43f9d5042ecc4bd367941846494ad907bf20ea50	3.12.13	0.6.4	0.6.4	2.2.3	rustc 1.93.0 (254b59607 2026-01-19)	Apple M2	Darwin 25.5.0 Darwin Kernel Version 25.5.0: Tue Jun  9 22:27:52 PDT 2026; root:xnu-12377.121.10~1/RELEASE_ARM64_T8112	aarch64	64	ta-core=default(f64,std); ta-benchmarks=catalogue-matrix	4c83bdfcb2569e9d106c8547f98a1d06f289a397	false
fast-ta	Momentum Indicators	ADX: Average Directional Movement Index	ADX	Prepared Batch Runner	timeperiod=14	256	float	1	1558.8002532446976	1548.5387780943336	1570.3678379233934	164228867.3402041	31	0	0	0	27	229	fnv1a64:5f19198bbbe9b60c	verified		measured		unavailable	separate Rust execution cost; not aggregated with the direct C kernel	63499	3159	PreparedBatchRunner::compute_into; preparation and caller output allocation excluded	catalogue_fixture_v1:f64le	fnv1a64:73fedfe0ae0a803f	0.6.4	43f9d5042ecc4bd367941846494ad907bf20ea50	3.12.13	0.6.4	0.6.4	2.2.3	rustc 1.93.0 (254b59607 2026-01-19)	Apple M2	Darwin 25.5.0 Darwin Kernel Version 25.5.0: Tue Jun  9 22:27:52 PDT 2026; root:xnu-12377.121.10~1/RELEASE_ARM64_T8112	aarch64	64	ta-core=default(f64,std); ta-benchmarks=catalogue-matrix	4c83bdfcb2569e9d106c8547f98a1d06f289a397	false
fast-ta	Momentum Indicators	ADX: Average Directional Movement Index	ADX	Streaming Computation	timeperiod=14	256	float	1	3384.3906882591095	3358.046558704453	3406.686234817814	75641385.28335313	31	0	0	0	27	229	fnv1a64:5f19198bbbe9b60c	verified		measured		unavailable	separate Rust execution cost; not aggregated with the direct C kernel	29517	1482	StreamingComputation::reset plus one next call per observation; stream and output allocation excluded	catalogue_fixture_v1:f64le	fnv1a64:73fedfe0ae0a803f	0.6.4	43f9d5042ecc4bd367941846494ad907bf20ea50	3.12.13	0.6.4	0.6.4	2.2.3	rustc 1.93.0 (254b59607 2026-01-19)	Apple M2	Darwin 25.5.0 Darwin Kernel Version 25.5.0: Tue Jun  9 22:27:52 PDT 2026; root:xnu-12377.121.10~1/RELEASE_ARM64_T8112	aarch64	64	ta-core=default(f64,std); ta-benchmarks=catalogue-matrix	4c83bdfcb2569e9d106c8547f98a1d06f289a397	false
TA-Lib C	Momentum Indicators	ADX: Average Directional Movement Index	ADX	direct C caller-owned	timeperiod=14	256	float	1	1523.1611269389048	1512.5039569484013	1531.5498575498575	168071516.18586993	31	0	0	0	27	229	fnv1a64:1dcdacc4b2a9a145	verified		measured		comparable	primary caller-owned Rust/C kernel	65581	3159	direct TA_ADX call; caller output allocation excluded	catalogue_fixture_v1:f64le	fnv1a64:73fedfe0ae0a803f	0.6.4	43f9d5042ecc4bd367941846494ad907bf20ea50	3.12.13	0.6.4	0.6.4	2.2.3	rustc 1.93.0 (254b59607 2026-01-19)	Apple M2	Darwin 25.5.0 Darwin Kernel Version 25.5.0: Tue Jun  9 22:27:52 PDT 2026; root:xnu-12377.121.10~1/RELEASE_ARM64_T8112	aarch64	64	ta-core=default(f64,std); ta-benchmarks=catalogue-matrix	4c83bdfcb2569e9d106c8547f98a1d06f289a397	false
TA-Lib Python	Momentum Indicators	ADX: Average Directional Movement Index	ADX	official Python NumPy API	timeperiod=14	256	float	1	1596.745176289	1585.501351153	1605.320205412	160326145.83810443	31	0	0	0	27	229	fnv1a64:1dcdacc4b2a9a145	verified		measured		unavailable	user-facing Python API cost; not aggregated with caller-owned kernels	51121	2998	direct talib.ADX NumPy API expression including API-owned output; fixture loading excluded	catalogue_fixture_v1:f64le	fnv1a64:73fedfe0ae0a803f	0.6.4	43f9d5042ecc4bd367941846494ad907bf20ea50	3.12.13	0.6.4	0.6.4	2.2.3	rustc 1.93.0 (254b59607 2026-01-19)	Apple M2	Darwin 25.5.0 Darwin Kernel Version 25.5.0: Tue Jun  9 22:27:52 PDT 2026; root:xnu-12377.121.10~1/RELEASE_ARM64_T8112	aarch64	64	ta-core=default(f64,std); ta-benchmarks=catalogue-matrix	4c83bdfcb2569e9d106c8547f98a1d06f289a397	false
fast-ta	Cycle Indicators	HT_DCPHASE: Hilbert Transform Dominant Cycle Phase	HT_DCPHASE	Owned Compact Output	none	256	float	1	24383.871287128713	24253.50495049505	24569.925742574258	10498743.082487166	31	0	0	0	63	193	fnv1a64:5de06b02103ca09e	verified		measured		unavailable	separate Rust execution cost; not aggregated with the direct C kernel	4096	202	IndicatorConfig::compute; API-owned Compact Output allocation included	catalogue_fixture_v1:f64le	fnv1a64:73fedfe0ae0a803f	0.6.4	43f9d5042ecc4bd367941846494ad907bf20ea50	3.12.13	0.6.4	0.6.4	2.2.3	rustc 1.93.0 (254b59607 2026-01-19)	Apple M2	Darwin 25.5.0 Darwin Kernel Version 25.5.0: Tue Jun  9 22:27:52 PDT 2026; root:xnu-12377.121.10~1/RELEASE_ARM64_T8112	aarch64	64	ta-core=default(f64,std); ta-benchmarks=catalogue-matrix	4c83bdfcb2569e9d106c8547f98a1d06f289a397	false
fast-ta	Cycle Indicators	HT_DCPHASE: Hilbert Transform Dominant Cycle Phase	HT_DCPHASE	caller-owned Batch Computation	none	256	float	1	24159.052884615383	24066.50480769231	24414.264423076922	10596441.88961655	31	0	0	0	63	193	fnv1a64:5de06b02103ca09e	verified		measured		comparable	primary caller-owned Rust/C kernel	4100	208	IndicatorConfig::compute_into; caller output allocation excluded	catalogue_fixture_v1:f64le	fnv1a64:73fedfe0ae0a803f	0.6.4	43f9d5042ecc4bd367941846494ad907bf20ea50	3.12.13	0.6.4	0.6.4	2.2.3	rustc 1.93.0 (254b59607 2026-01-19)	Apple M2	Darwin 25.5.0 Darwin Kernel Version 25.5.0: Tue Jun  9 22:27:52 PDT 2026; root:xnu-12377.121.10~1/RELEASE_ARM64_T8112	aarch64	64	ta-core=default(f64,std); ta-benchmarks=catalogue-matrix	4c83bdfcb2569e9d106c8547f98a1d06f289a397	false
fast-ta	Cycle Indicators	HT_DCPHASE: Hilbert Transform Dominant Cycle Phase	HT_DCPHASE	Prepared Batch Runner	none	256	float	1	24028.306220095692	23979.665071770334	24192.583732057417	10654100.944739021	31	0	0	0	63	193	fnv1a64:5de06b02103ca09e	verified		measured		unavailable	separate Rust execution cost; not aggregated with the direct C kernel	4113	209	PreparedBatchRunner::compute_into; preparation and caller output allocation excluded	catalogue_fixture_v1:f64le	fnv1a64:73fedfe0ae0a803f	0.6.4	43f9d5042ecc4bd367941846494ad907bf20ea50	3.12.13	0.6.4	0.6.4	2.2.3	rustc 1.93.0 (254b59607 2026-01-19)	Apple M2	Darwin 25.5.0 Darwin Kernel Version 25.5.0: Tue Jun  9 22:27:52 PDT 2026; root:xnu-12377.121.10~1/RELEASE_ARM64_T8112	aarch64	64	ta-core=default(f64,std); ta-benchmarks=catalogue-matrix	4c83bdfcb2569e9d106c8547f98a1d06f289a397	false
fast-ta	Cycle Indicators	HT_DCPHASE: Hilbert Transform Dominant Cycle Phase	HT_DCPHASE	Streaming Computation	none	256	float	1	23429.265116279068	23378.683720930232	23738.372093023256	10926505.749517797	31	0	0	0	63	193	fnv1a64:5de06b02103ca09e	verified		measured		unavailable	separate Rust execution cost; not aggregated with the direct C kernel	4238	215	StreamingComputation::reset plus one next call per observation; stream and output allocation excluded	catalogue_fixture_v1:f64le	fnv1a64:73fedfe0ae0a803f	0.6.4	43f9d5042ecc4bd367941846494ad907bf20ea50	3.12.13	0.6.4	0.6.4	2.2.3	rustc 1.93.0 (254b59607 2026-01-19)	Apple M2	Darwin 25.5.0 Darwin Kernel Version 25.5.0: Tue Jun  9 22:27:52 PDT 2026; root:xnu-12377.121.10~1/RELEASE_ARM64_T8112	aarch64	64	ta-core=default(f64,std); ta-benchmarks=catalogue-matrix	4c83bdfcb2569e9d106c8547f98a1d06f289a397	false
TA-Lib C	Cycle Indicators	HT_DCPHASE: Hilbert Transform Dominant Cycle Phase	HT_DCPHASE	direct C caller-owned	none	256	float	1	19563.706563706564	19490.988416988417	19672.297297297297	13085454.904282613	31	1	0	1	63	193	fnv1a64:a308bbdd7dd86e9c	verified		measured		comparable	primary caller-owned Rust/C kernel	5061	259	direct TA_HT_DCPHASE call; caller output allocation excluded	catalogue_fixture_v1:f64le	fnv1a64:73fedfe0ae0a803f	0.6.4	43f9d5042ecc4bd367941846494ad907bf20ea50	3.12.13	0.6.4	0.6.4	2.2.3	rustc 1.93.0 (254b59607 2026-01-19)	Apple M2	Darwin 25.5.0 Darwin Kernel Version 25.5.0: Tue Jun  9 22:27:52 PDT 2026; root:xnu-12377.121.10~1/RELEASE_ARM64_T8112	aarch64	64	ta-core=default(f64,std); ta-benchmarks=catalogue-matrix	4c83bdfcb2569e9d106c8547f98a1d06f289a397	false
TA-Lib Python	Cycle Indicators	HT_DCPHASE: Hilbert Transform Dominant Cycle Phase	HT_DCPHASE	official Python NumPy API	none	256	float	1	19747.700852041	19613.188905935	19882.216693936	12963534.434619583	31	0	0	0	63	193	fnv1a64:a308bbdd7dd86e9c	verified		measured		unavailable	user-facing Python API cost; not aggregated with caller-owned kernels	4921	254	direct talib.HT_DCPHASE NumPy API expression including API-owned output; fixture loading excluded	catalogue_fixture_v1:f64le	fnv1a64:73fedfe0ae0a803f	0.6.4	43f9d5042ecc4bd367941846494ad907bf20ea50	3.12.13	0.6.4	0.6.4	2.2.3	rustc 1.93.0 (254b59607 2026-01-19)	Apple M2	Darwin 25.5.0 Darwin Kernel Version 25.5.0: Tue Jun  9 22:27:52 PDT 2026; root:xnu-12377.121.10~1/RELEASE_ARM64_T8112	aarch64	64	ta-core=default(f64,std); ta-benchmarks=catalogue-matrix	4c83bdfcb2569e9d106c8547f98a1d06f289a397	false
fast-ta	Pattern Recognition	CDLDOJI: Doji	CDLDOJI	Owned Compact Output	candle_settings=TA-Lib defaults	256	integer	1	947.775	944.725	954.2916	270106301.6011184	31	0	0	0	10	246	fnv1a64:1a5464c16caf8419	verified		measured		unavailable	separate Rust execution cost; not aggregated with the direct C kernel	104250	5000	IndicatorConfig::compute; API-owned Compact Output allocation included	catalogue_fixture_v1:f64le	fnv1a64:73fedfe0ae0a803f	0.6.4	43f9d5042ecc4bd367941846494ad907bf20ea50	3.12.13	0.6.4	0.6.4	2.2.3	rustc 1.93.0 (254b59607 2026-01-19)	Apple M2	Darwin 25.5.0 Darwin Kernel Version 25.5.0: Tue Jun  9 22:27:52 PDT 2026; root:xnu-12377.121.10~1/RELEASE_ARM64_T8112	aarch64	64	ta-core=default(f64,std); ta-benchmarks=catalogue-matrix	4c83bdfcb2569e9d106c8547f98a1d06f289a397	false
fast-ta	Pattern Recognition	CDLDOJI: Doji	CDLDOJI	caller-owned Batch Computation	candle_settings=TA-Lib defaults	256	integer	1	883.9225132808207	882.0677779813152	890.6699029126214	289618146.5610767	31	0	0	0	10	246	fnv1a64:1a5464c16caf8419	verified		measured		comparable	primary caller-owned Rust/C kernel	111027	5459	IndicatorConfig::compute_into; caller output allocation excluded	catalogue_fixture_v1:f64le	fnv1a64:73fedfe0ae0a803f	0.6.4	43f9d5042ecc4bd367941846494ad907bf20ea50	3.12.13	0.6.4	0.6.4	2.2.3	rustc 1.93.0 (254b59607 2026-01-19)	Apple M2	Darwin 25.5.0 Darwin Kernel Version 25.5.0: Tue Jun  9 22:27:52 PDT 2026; root:xnu-12377.121.10~1/RELEASE_ARM64_T8112	aarch64	64	ta-core=default(f64,std); ta-benchmarks=catalogue-matrix	4c83bdfcb2569e9d106c8547f98a1d06f289a397	false
fast-ta	Pattern Recognition	CDLDOJI: Doji	CDLDOJI	Prepared Batch Runner	candle_settings=TA-Lib defaults	256	integer	1	892.0967629046369	885.8412948381452	896.0556430446194	286964386.2023136	31	0	0	0	10	246	fnv1a64:1a5464c16caf8419	verified		measured		unavailable	separate Rust execution cost; not aggregated with the direct C kernel	111535	5715	PreparedBatchRunner::compute_into; preparation and caller output allocation excluded	catalogue_fixture_v1:f64le	fnv1a64:73fedfe0ae0a803f	0.6.4	43f9d5042ecc4bd367941846494ad907bf20ea50	3.12.13	0.6.4	0.6.4	2.2.3	rustc 1.93.0 (254b59607 2026-01-19)	Apple M2	Darwin 25.5.0 Darwin Kernel Version 25.5.0: Tue Jun  9 22:27:52 PDT 2026; root:xnu-12377.121.10~1/RELEASE_ARM64_T8112	aarch64	64	ta-core=default(f64,std); ta-benchmarks=catalogue-matrix	4c83bdfcb2569e9d106c8547f98a1d06f289a397	false
fast-ta	Pattern Recognition	CDLDOJI: Doji	CDLDOJI	Streaming Computation	candle_settings=TA-Lib defaults	256	integer	1	2550.125	2541.7314049586776	2585.786673553719	100387235.91980785	31	0	0	0	10	246	fnv1a64:1a5464c16caf8419	verified		measured		unavailable	separate Rust execution cost; not aggregated with the direct C kernel	38560	1936	StreamingComputation::reset plus one next call per observation; stream and output allocation excluded	catalogue_fixture_v1:f64le	fnv1a64:73fedfe0ae0a803f	0.6.4	43f9d5042ecc4bd367941846494ad907bf20ea50	3.12.13	0.6.4	0.6.4	2.2.3	rustc 1.93.0 (254b59607 2026-01-19)	Apple M2	Darwin 25.5.0 Darwin Kernel Version 25.5.0: Tue Jun  9 22:27:52 PDT 2026; root:xnu-12377.121.10~1/RELEASE_ARM64_T8112	aarch64	64	ta-core=default(f64,std); ta-benchmarks=catalogue-matrix	4c83bdfcb2569e9d106c8547f98a1d06f289a397	false
TA-Lib C	Pattern Recognition	CDLDOJI: Doji	CDLDOJI	direct C caller-owned	candle_settings=TA-Lib defaults	256	integer	1	390.259234608985	388.5087354409318	391.3859400998336	655974227.6348585	31	1	0	1	10	246	fnv1a64:1a5464c16caf8419	verified		measured		comparable	primary caller-owned Rust/C kernel	248676	12020	direct TA_CDLDOJI call; caller output allocation excluded	catalogue_fixture_v1:f64le	fnv1a64:73fedfe0ae0a803f	0.6.4	43f9d5042ecc4bd367941846494ad907bf20ea50	3.12.13	0.6.4	0.6.4	2.2.3	rustc 1.93.0 (254b59607 2026-01-19)	Apple M2	Darwin 25.5.0 Darwin Kernel Version 25.5.0: Tue Jun  9 22:27:52 PDT 2026; root:xnu-12377.121.10~1/RELEASE_ARM64_T8112	aarch64	64	ta-core=default(f64,std); ta-benchmarks=catalogue-matrix	4c83bdfcb2569e9d106c8547f98a1d06f289a397	false
TA-Lib Python	Pattern Recognition	CDLDOJI: Doji	CDLDOJI	official Python NumPy API	candle_settings=TA-Lib defaults	256	integer	1	497.732185636	496.160361243	500.194698734	514332822.7265117	31	0	0	0	10	246	fnv1a64:1a5464c16caf8419	verified		measured		unavailable	user-facing Python API cost; not aggregated with caller-owned kernels	125443	8562	direct talib.CDLDOJI NumPy API expression including API-owned output; fixture loading excluded	catalogue_fixture_v1:f64le	fnv1a64:73fedfe0ae0a803f	0.6.4	43f9d5042ecc4bd367941846494ad907bf20ea50	3.12.13	0.6.4	0.6.4	2.2.3	rustc 1.93.0 (254b59607 2026-01-19)	Apple M2	Darwin 25.5.0 Darwin Kernel Version 25.5.0: Tue Jun  9 22:27:52 PDT 2026; root:xnu-12377.121.10~1/RELEASE_ARM64_T8112	aarch64	64	ta-core=default(f64,std); ta-benchmarks=catalogue-matrix	4c83bdfcb2569e9d106c8547f98a1d06f289a397	false
fast-ta	Pattern Recognition	CDLENGULFING: Engulfing Pattern	CDLENGULFING	Owned Compact Output	candle_settings=TA-Lib defaults	256	integer	1	605.6365280289331	600.9638336347197	615.3562386980109	422695772.385397	31	3	0	3	2	254	fnv1a64:76a5786b86f2c019	verified		measured		unavailable	separate Rust execution cost; not aggregated with the direct C kernel	162401	553	IndicatorConfig::compute; API-owned Compact Output allocation included	catalogue_fixture_v1:f64le	fnv1a64:73fedfe0ae0a803f	0.6.4	43f9d5042ecc4bd367941846494ad907bf20ea50	3.12.13	0.6.4	0.6.4	2.2.3	rustc 1.93.0 (254b59607 2026-01-19)	Apple M2	Darwin 25.5.0 Darwin Kernel Version 25.5.0: Tue Jun  9 22:27:52 PDT 2026; root:xnu-12377.121.10~1/RELEASE_ARM64_T8112	aarch64	64	ta-core=default(f64,std); ta-benchmarks=catalogue-matrix	4c83bdfcb2569e9d106c8547f98a1d06f289a397	false
fast-ta	Pattern Recognition	CDLENGULFING: Engulfing Pattern	CDLENGULFING	caller-owned Batch Computation	candle_settings=TA-Lib defaults	256	integer	1	540.0023359028264	537.8465311843028	546.3724597056762	474072023.35892725	31	0	0	0	2	254	fnv1a64:76a5786b86f2c019	verified		measured		comparable	primary caller-owned Rust/C kernel	181980	8562	IndicatorConfig::compute_into; caller output allocation excluded	catalogue_fixture_v1:f64le	fnv1a64:73fedfe0ae0a803f	0.6.4	43f9d5042ecc4bd367941846494ad907bf20ea50	3.12.13	0.6.4	0.6.4	2.2.3	rustc 1.93.0 (254b59607 2026-01-19)	Apple M2	Darwin 25.5.0 Darwin Kernel Version 25.5.0: Tue Jun  9 22:27:52 PDT 2026; root:xnu-12377.121.10~1/RELEASE_ARM64_T8112	aarch64	64	ta-core=default(f64,std); ta-benchmarks=catalogue-matrix	4c83bdfcb2569e9d106c8547f98a1d06f289a397	false
fast-ta	Pattern Recognition	CDLENGULFING: Engulfing Pattern	CDLENGULFING	Prepared Batch Runner	candle_settings=TA-Lib defaults	256	integer	1	539.4913571595422	538.6542863816866	545.3409250175192	474521040.24030524	31	0	0	0	2	254	fnv1a64:76a5786b86f2c019	verified		measured		unavailable	separate Rust execution cost; not aggregated with the direct C kernel	181541	8562	PreparedBatchRunner::compute_into; preparation and caller output allocation excluded	catalogue_fixture_v1:f64le	fnv1a64:73fedfe0ae0a803f	0.6.4	43f9d5042ecc4bd367941846494ad907bf20ea50	3.12.13	0.6.4	0.6.4	2.2.3	rustc 1.93.0 (254b59607 2026-01-19)	Apple M2	Darwin 25.5.0 Darwin Kernel Version 25.5.0: Tue Jun  9 22:27:52 PDT 2026; root:xnu-12377.121.10~1/RELEASE_ARM64_T8112	aarch64	64	ta-core=default(f64,std); ta-benchmarks=catalogue-matrix	4c83bdfcb2569e9d106c8547f98a1d06f289a397	false
fast-ta	Pattern Recognition	CDLENGULFING: Engulfing Pattern	CDLENGULFING	Streaming Computation	candle_settings=TA-Lib defaults	256	integer	1	2725.702566964286	2718.4709821428573	2746.210379464286	93920739.22618656	31	0	0	0	2	254	fnv1a64:76a5786b86f2c019	verified		measured		unavailable	separate Rust execution cost; not aggregated with the direct C kernel	36287	1792	StreamingComputation::reset plus one next call per observation; stream and output allocation excluded	catalogue_fixture_v1:f64le	fnv1a64:73fedfe0ae0a803f	0.6.4	43f9d5042ecc4bd367941846494ad907bf20ea50	3.12.13	0.6.4	0.6.4	2.2.3	rustc 1.93.0 (254b59607 2026-01-19)	Apple M2	Darwin 25.5.0 Darwin Kernel Version 25.5.0: Tue Jun  9 22:27:52 PDT 2026; root:xnu-12377.121.10~1/RELEASE_ARM64_T8112	aarch64	64	ta-core=default(f64,std); ta-benchmarks=catalogue-matrix	4c83bdfcb2569e9d106c8547f98a1d06f289a397	false
TA-Lib C	Pattern Recognition	CDLENGULFING: Engulfing Pattern	CDLENGULFING	direct C caller-owned	candle_settings=TA-Lib defaults	256	integer	1	295.58277041114167	294.4013009757318	297.84838628971727	866085664.0727607	31	0	0	0	2	254	fnv1a64:76a5786b86f2c019	verified		measured		comparable	primary caller-owned Rust/C kernel	325149	11991	direct TA_CDLENGULFING call; caller output allocation excluded	catalogue_fixture_v1:f64le	fnv1a64:73fedfe0ae0a803f	0.6.4	43f9d5042ecc4bd367941846494ad907bf20ea50	3.12.13	0.6.4	0.6.4	2.2.3	rustc 1.93.0 (254b59607 2026-01-19)	Apple M2	Darwin 25.5.0 Darwin Kernel Version 25.5.0: Tue Jun  9 22:27:52 PDT 2026; root:xnu-12377.121.10~1/RELEASE_ARM64_T8112	aarch64	64	ta-core=default(f64,std); ta-benchmarks=catalogue-matrix	4c83bdfcb2569e9d106c8547f98a1d06f289a397	false
TA-Lib Python	Pattern Recognition	CDLENGULFING: Engulfing Pattern	CDLENGULFING	official Python NumPy API	candle_settings=TA-Lib defaults	256	integer	1	417.804101016	414.883397752	419.150001835	612727350.8744146	31	0	0	0	2	254	fnv1a64:76a5786b86f2c019	verified		measured		unavailable	user-facing Python API cost; not aggregated with caller-owned kernels	140266	10000	direct talib.CDLENGULFING NumPy API expression including API-owned output; fixture loading excluded	catalogue_fixture_v1:f64le	fnv1a64:73fedfe0ae0a803f	0.6.4	43f9d5042ecc4bd367941846494ad907bf20ea50	3.12.13	0.6.4	0.6.4	2.2.3	rustc 1.93.0 (254b59607 2026-01-19)	Apple M2	Darwin 25.5.0 Darwin Kernel Version 25.5.0: Tue Jun  9 22:27:52 PDT 2026; root:xnu-12377.121.10~1/RELEASE_ARM64_T8112	aarch64	64	ta-core=default(f64,std); ta-benchmarks=catalogue-matrix	4c83bdfcb2569e9d106c8547f98a1d06f289a397	false
fast-ta	Pattern Recognition	CDL3WHITESOLDIERS: Three Advancing White Soldiers	CDL3WHITESOLDIERS	Owned Compact Output	candle_settings=TA-Lib defaults	256	integer	1	5526.878021978022	5488.141758241758	5550.046153846154	46319097.14345022	31	0	0	0	12	244	fnv1a64:dbe064041adf4dbd	verified		measured		unavailable	separate Rust execution cost; not aggregated with the direct C kernel	18095	910	IndicatorConfig::compute; API-owned Compact Output allocation included	catalogue_fixture_v1:f64le	fnv1a64:73fedfe0ae0a803f	0.6.4	43f9d5042ecc4bd367941846494ad907bf20ea50	3.12.13	0.6.4	0.6.4	2.2.3	rustc 1.93.0 (254b59607 2026-01-19)	Apple M2	Darwin 25.5.0 Darwin Kernel Version 25.5.0: Tue Jun  9 22:27:52 PDT 2026; root:xnu-12377.121.10~1/RELEASE_ARM64_T8112	aarch64	64	ta-core=default(f64,std); ta-benchmarks=catalogue-matrix	4c83bdfcb2569e9d106c8547f98a1d06f289a397	false
fast-ta	Pattern Recognition	CDL3WHITESOLDIERS: Three Advancing White Soldiers	CDL3WHITESOLDIERS	caller-owned Batch Computation	candle_settings=TA-Lib defaults	256	integer	1	5441.142857142857	5397.210021321962	5461.753731343284	47048939.29846671	31	0	0	0	12	244	fnv1a64:dbe064041adf4dbd	verified		measured		comparable	primary caller-owned Rust/C kernel	18350	938	IndicatorConfig::compute_into; caller output allocation excluded	catalogue_fixture_v1:f64le	fnv1a64:73fedfe0ae0a803f	0.6.4	43f9d5042ecc4bd367941846494ad907bf20ea50	3.12.13	0.6.4	0.6.4	2.2.3	rustc 1.93.0 (254b59607 2026-01-19)	Apple M2	Darwin 25.5.0 Darwin Kernel Version 25.5.0: Tue Jun  9 22:27:52 PDT 2026; root:xnu-12377.121.10~1/RELEASE_ARM64_T8112	aarch64	64	ta-core=default(f64,std); ta-benchmarks=catalogue-matrix	4c83bdfcb2569e9d106c8547f98a1d06f289a397	false
fast-ta	Pattern Recognition	CDL3WHITESOLDIERS: Three Advancing White Soldiers	CDL3WHITESOLDIERS	Prepared Batch Runner	candle_settings=TA-Lib defaults	256	integer	1	5453.463203463203	5421.852813852814	5492.920995670996	46942647.35066482	31	0	0	0	12	244	fnv1a64:dbe064041adf4dbd	verified		measured		unavailable	separate Rust execution cost; not aggregated with the direct C kernel	18318	924	PreparedBatchRunner::compute_into; preparation and caller output allocation excluded	catalogue_fixture_v1:f64le	fnv1a64:73fedfe0ae0a803f	0.6.4	43f9d5042ecc4bd367941846494ad907bf20ea50	3.12.13	0.6.4	0.6.4	2.2.3	rustc 1.93.0 (254b59607 2026-01-19)	Apple M2	Darwin 25.5.0 Darwin Kernel Version 25.5.0: Tue Jun  9 22:27:52 PDT 2026; root:xnu-12377.121.10~1/RELEASE_ARM64_T8112	aarch64	64	ta-core=default(f64,std); ta-benchmarks=catalogue-matrix	4c83bdfcb2569e9d106c8547f98a1d06f289a397	false
fast-ta	Pattern Recognition	CDL3WHITESOLDIERS: Three Advancing White Soldiers	CDL3WHITESOLDIERS	Streaming Computation	candle_settings=TA-Lib defaults	256	integer	1	5961.260714285714	5939.682142857143	6026.3892857142855	42943936.23592325	31	0	0	0	12	244	fnv1a64:dbe064041adf4dbd	verified		measured		unavailable	separate Rust execution cost; not aggregated with the direct C kernel	16654	840	StreamingComputation::reset plus one next call per observation; stream and output allocation excluded	catalogue_fixture_v1:f64le	fnv1a64:73fedfe0ae0a803f	0.6.4	43f9d5042ecc4bd367941846494ad907bf20ea50	3.12.13	0.6.4	0.6.4	2.2.3	rustc 1.93.0 (254b59607 2026-01-19)	Apple M2	Darwin 25.5.0 Darwin Kernel Version 25.5.0: Tue Jun  9 22:27:52 PDT 2026; root:xnu-12377.121.10~1/RELEASE_ARM64_T8112	aarch64	64	ta-core=default(f64,std); ta-benchmarks=catalogue-matrix	4c83bdfcb2569e9d106c8547f98a1d06f289a397	false
TA-Lib C	Pattern Recognition	CDL3WHITESOLDIERS: Three Advancing White Soldiers	CDL3WHITESOLDIERS	direct C caller-owned	candle_settings=TA-Lib defaults	256	integer	1	1279.6726098191214	1278.5529715762275	1292.6571059431524	200051167.8031344	31	0	0	0	12	244	fnv1a64:dbe064041adf4dbd	verified		measured		comparable	primary caller-owned Rust/C kernel	76523	3870	direct TA_CDL3WHITESOLDIERS call; caller output allocation excluded	catalogue_fixture_v1:f64le	fnv1a64:73fedfe0ae0a803f	0.6.4	43f9d5042ecc4bd367941846494ad907bf20ea50	3.12.13	0.6.4	0.6.4	2.2.3	rustc 1.93.0 (254b59607 2026-01-19)	Apple M2	Darwin 25.5.0 Darwin Kernel Version 25.5.0: Tue Jun  9 22:27:52 PDT 2026; root:xnu-12377.121.10~1/RELEASE_ARM64_T8112	aarch64	64	ta-core=default(f64,std); ta-benchmarks=catalogue-matrix	4c83bdfcb2569e9d106c8547f98a1d06f289a397	false
TA-Lib Python	Pattern Recognition	CDL3WHITESOLDIERS: Three Advancing White Soldiers	CDL3WHITESOLDIERS	official Python NumPy API	candle_settings=TA-Lib defaults	256	integer	1	1378.353072484	1375.708409307	1389.617170293	185728900.02606475	31	0	0	0	12	244	fnv1a64:dbe064041adf4dbd	verified		measured		unavailable	user-facing Python API cost; not aggregated with caller-owned kernels	59298	3529	direct talib.CDL3WHITESOLDIERS NumPy API expression including API-owned output; fixture loading excluded	catalogue_fixture_v1:f64le	fnv1a64:73fedfe0ae0a803f	0.6.4	43f9d5042ecc4bd367941846494ad907bf20ea50	3.12.13	0.6.4	0.6.4	2.2.3	rustc 1.93.0 (254b59607 2026-01-19)	Apple M2	Darwin 25.5.0 Darwin Kernel Version 25.5.0: Tue Jun  9 22:27:52 PDT 2026; root:xnu-12377.121.10~1/RELEASE_ARM64_T8112	aarch64	64	ta-core=default(f64,std); ta-benchmarks=catalogue-matrix	4c83bdfcb2569e9d106c8547f98a1d06f289a397	false
fast-ta	Statistic Functions	LINEARREG: Linear Regression endpoint	LINEARREG	Owned Compact Output	timeperiod=14	256	float	1	1486.8692568609313	1481.845513413506	1499.9740980573542	172173847.04050276	31	1	0	1	13	243	fnv1a64:a694f85735c86cf8	verified		measured		unavailable	separate Rust execution cost; not aggregated with the direct C kernel	65586	3243	IndicatorConfig::compute; API-owned Compact Output allocation included	catalogue_fixture_v1:f64le	fnv1a64:73fedfe0ae0a803f	0.6.4	43f9d5042ecc4bd367941846494ad907bf20ea50	3.12.13	0.6.4	0.6.4	2.2.3	rustc 1.93.0 (254b59607 2026-01-19)	Apple M2	Darwin 25.5.0 Darwin Kernel Version 25.5.0: Tue Jun  9 22:27:52 PDT 2026; root:xnu-12377.121.10~1/RELEASE_ARM64_T8112	aarch64	64	ta-core=default(f64,std); ta-benchmarks=catalogue-matrix	4c83bdfcb2569e9d106c8547f98a1d06f289a397	false
fast-ta	Statistic Functions	LINEARREG: Linear Regression endpoint	LINEARREG	caller-owned Batch Computation	timeperiod=14	256	float	1	1455.3398088189947	1445.8063521430774	1467.3783533765031	175903935.5954562	31	0	0	0	13	243	fnv1a64:a694f85735c86cf8	verified		measured		comparable	primary caller-owned Rust/C kernel	67557	3243	IndicatorConfig::compute_into; caller output allocation excluded	catalogue_fixture_v1:f64le	fnv1a64:73fedfe0ae0a803f	0.6.4	43f9d5042ecc4bd367941846494ad907bf20ea50	3.12.13	0.6.4	0.6.4	2.2.3	rustc 1.93.0 (254b59607 2026-01-19)	Apple M2	Darwin 25.5.0 Darwin Kernel Version 25.5.0: Tue Jun  9 22:27:52 PDT 2026; root:xnu-12377.121.10~1/RELEASE_ARM64_T8112	aarch64	64	ta-core=default(f64,std); ta-benchmarks=catalogue-matrix	4c83bdfcb2569e9d106c8547f98a1d06f289a397	false
fast-ta	Statistic Functions	LINEARREG: Linear Regression endpoint	LINEARREG	Prepared Batch Runner	timeperiod=14	256	float	1	1432.0260947810439	1428.2393521295742	1443.498800239952	178767692.10629663	31	2	0	2	13	243	fnv1a64:a694f85735c86cf8	verified		measured		unavailable	separate Rust execution cost; not aggregated with the direct C kernel	68667	3334	PreparedBatchRunner::compute_into; preparation and caller output allocation excluded	catalogue_fixture_v1:f64le	fnv1a64:73fedfe0ae0a803f	0.6.4	43f9d5042ecc4bd367941846494ad907bf20ea50	3.12.13	0.6.4	0.6.4	2.2.3	rustc 1.93.0 (254b59607 2026-01-19)	Apple M2	Darwin 25.5.0 Darwin Kernel Version 25.5.0: Tue Jun  9 22:27:52 PDT 2026; root:xnu-12377.121.10~1/RELEASE_ARM64_T8112	aarch64	64	ta-core=default(f64,std); ta-benchmarks=catalogue-matrix	4c83bdfcb2569e9d106c8547f98a1d06f289a397	false
fast-ta	Statistic Functions	LINEARREG: Linear Regression endpoint	LINEARREG	Streaming Computation	timeperiod=14	256	float	1	1398.6029154518951	1394.5093294460642	1414.200583090379	183039801.48453015	31	0	0	0	13	243	fnv1a64:a694f85735c86cf8	verified		measured		unavailable	separate Rust execution cost; not aggregated with the direct C kernel	70633	3430	StreamingComputation::reset plus one next call per observation; stream and output allocation excluded	catalogue_fixture_v1:f64le	fnv1a64:73fedfe0ae0a803f	0.6.4	43f9d5042ecc4bd367941846494ad907bf20ea50	3.12.13	0.6.4	0.6.4	2.2.3	rustc 1.93.0 (254b59607 2026-01-19)	Apple M2	Darwin 25.5.0 Darwin Kernel Version 25.5.0: Tue Jun  9 22:27:52 PDT 2026; root:xnu-12377.121.10~1/RELEASE_ARM64_T8112	aarch64	64	ta-core=default(f64,std); ta-benchmarks=catalogue-matrix	4c83bdfcb2569e9d106c8547f98a1d06f289a397	false
TA-Lib C	Statistic Functions	LINEARREG: Linear Regression endpoint	LINEARREG	direct C caller-owned	timeperiod=14	256	float	1	1494.0129509713229	1484.6592661116251	1509.4434165895775	171350589.58730128	31	0	0	0	13	243	fnv1a64:e0c618d18c393f6b	verified		measured		comparable	primary caller-owned Rust/C kernel	66034	3243	direct TA_LINEARREG call; caller output allocation excluded	catalogue_fixture_v1:f64le	fnv1a64:73fedfe0ae0a803f	0.6.4	43f9d5042ecc4bd367941846494ad907bf20ea50	3.12.13	0.6.4	0.6.4	2.2.3	rustc 1.93.0 (254b59607 2026-01-19)	Apple M2	Darwin 25.5.0 Darwin Kernel Version 25.5.0: Tue Jun  9 22:27:52 PDT 2026; root:xnu-12377.121.10~1/RELEASE_ARM64_T8112	aarch64	64	ta-core=default(f64,std); ta-benchmarks=catalogue-matrix	4c83bdfcb2569e9d106c8547f98a1d06f289a397	false
TA-Lib Python	Statistic Functions	LINEARREG: Linear Regression endpoint	LINEARREG	official Python NumPy API	timeperiod=14	256	float	1	1587.068418228	1579.321194281	1592.796332314	161303694.9508643	31	0	0	0	13	243	fnv1a64:e0c618d18c393f6b	verified		measured		unavailable	user-facing Python API cost; not aggregated with caller-owned kernels	52795	3157	direct talib.LINEARREG NumPy API expression including API-owned output; fixture loading excluded	catalogue_fixture_v1:f64le	fnv1a64:73fedfe0ae0a803f	0.6.4	43f9d5042ecc4bd367941846494ad907bf20ea50	3.12.13	0.6.4	0.6.4	2.2.3	rustc 1.93.0 (254b59607 2026-01-19)	Apple M2	Darwin 25.5.0 Darwin Kernel Version 25.5.0: Tue Jun  9 22:27:52 PDT 2026; root:xnu-12377.121.10~1/RELEASE_ARM64_T8112	aarch64	64	ta-core=default(f64,std); ta-benchmarks=catalogue-matrix	4c83bdfcb2569e9d106c8547f98a1d06f289a397	false
fast-ta	Price Transform	TYPPRICE: Typical Price	TYPPRICE	Owned Compact Output	none	256	float	1	208.9479	207.14375	210.04165	1225185799.9051437	31	1	0	1	0	256	fnv1a64:956ef7b87e4ad4a6	verified		measured		unavailable	separate Rust execution cost; not aggregated with the direct C kernel	459905	20000	IndicatorConfig::compute; API-owned Compact Output allocation included	catalogue_fixture_v1:f64le	fnv1a64:73fedfe0ae0a803f	0.6.4	43f9d5042ecc4bd367941846494ad907bf20ea50	3.12.13	0.6.4	0.6.4	2.2.3	rustc 1.93.0 (254b59607 2026-01-19)	Apple M2	Darwin 25.5.0 Darwin Kernel Version 25.5.0: Tue Jun  9 22:27:52 PDT 2026; root:xnu-12377.121.10~1/RELEASE_ARM64_T8112	aarch64	64	ta-core=default(f64,std); ta-benchmarks=catalogue-matrix	4c83bdfcb2569e9d106c8547f98a1d06f289a397	false
fast-ta	Price Transform	TYPPRICE: Typical Price	TYPPRICE	caller-owned Batch Computation	none	256	float	1	171.5025583426931	171.06056824327138	172.94467323931943	1492689103.1471713	31	1	0	1	0	256	fnv1a64:956ef7b87e4ad4a6	verified		measured		comparable	primary caller-owned Rust/C kernel	547184	24039	IndicatorConfig::compute_into; caller output allocation excluded	catalogue_fixture_v1:f64le	fnv1a64:73fedfe0ae0a803f	0.6.4	43f9d5042ecc4bd367941846494ad907bf20ea50	3.12.13	0.6.4	0.6.4	2.2.3	rustc 1.93.0 (254b59607 2026-01-19)	Apple M2	Darwin 25.5.0 Darwin Kernel Version 25.5.0: Tue Jun  9 22:27:52 PDT 2026; root:xnu-12377.121.10~1/RELEASE_ARM64_T8112	aarch64	64	ta-core=default(f64,std); ta-benchmarks=catalogue-matrix	4c83bdfcb2569e9d106c8547f98a1d06f289a397	false
fast-ta	Price Transform	TYPPRICE: Typical Price	TYPPRICE	Prepared Batch Runner	none	256	float	1	172.82238305501144	171.53451080641412	173.96640217788254	1481289607.7154088	31	0	0	0	0	256	fnv1a64:956ef7b87e4ad4a6	verified		measured		unavailable	separate Rust execution cost; not aggregated with the direct C kernel	547480	30121	PreparedBatchRunner::compute_into; preparation and caller output allocation excluded	catalogue_fixture_v1:f64le	fnv1a64:73fedfe0ae0a803f	0.6.4	43f9d5042ecc4bd367941846494ad907bf20ea50	3.12.13	0.6.4	0.6.4	2.2.3	rustc 1.93.0 (254b59607 2026-01-19)	Apple M2	Darwin 25.5.0 Darwin Kernel Version 25.5.0: Tue Jun  9 22:27:52 PDT 2026; root:xnu-12377.121.10~1/RELEASE_ARM64_T8112	aarch64	64	ta-core=default(f64,std); ta-benchmarks=catalogue-matrix	4c83bdfcb2569e9d106c8547f98a1d06f289a397	false
fast-ta	Price Transform	TYPPRICE: Typical Price	TYPPRICE	Streaming Computation	none	256	float	1	1956.2126076742366	1938.299138606108	1971.5152701644479	130865121.20191339	31	0	0	0	0	256	fnv1a64:956ef7b87e4ad4a6	verified		measured		unavailable	separate Rust execution cost; not aggregated with the direct C kernel	51063	2554	StreamingComputation::reset plus one next call per observation; stream and output allocation excluded	catalogue_fixture_v1:f64le	fnv1a64:73fedfe0ae0a803f	0.6.4	43f9d5042ecc4bd367941846494ad907bf20ea50	3.12.13	0.6.4	0.6.4	2.2.3	rustc 1.93.0 (254b59607 2026-01-19)	Apple M2	Darwin 25.5.0 Darwin Kernel Version 25.5.0: Tue Jun  9 22:27:52 PDT 2026; root:xnu-12377.121.10~1/RELEASE_ARM64_T8112	aarch64	64	ta-core=default(f64,std); ta-benchmarks=catalogue-matrix	4c83bdfcb2569e9d106c8547f98a1d06f289a397	false
TA-Lib C	Price Transform	TYPPRICE: Typical Price	TYPPRICE	direct C caller-owned	none	256	float	1	97.353125	96.845825	98.04480000000001	2629602285.4941735	31	1	0	1	0	256	fnv1a64:956ef7b87e4ad4a6	verified		measured		comparable	primary caller-owned Rust/C kernel	936484	40000	direct TA_TYPPRICE call; caller output allocation excluded	catalogue_fixture_v1:f64le	fnv1a64:73fedfe0ae0a803f	0.6.4	43f9d5042ecc4bd367941846494ad907bf20ea50	3.12.13	0.6.4	0.6.4	2.2.3	rustc 1.93.0 (254b59607 2026-01-19)	Apple M2	Darwin 25.5.0 Darwin Kernel Version 25.5.0: Tue Jun  9 22:27:52 PDT 2026; root:xnu-12377.121.10~1/RELEASE_ARM64_T8112	aarch64	64	ta-core=default(f64,std); ta-benchmarks=catalogue-matrix	4c83bdfcb2569e9d106c8547f98a1d06f289a397	false
TA-Lib Python	Price Transform	TYPPRICE: Typical Price	TYPPRICE	official Python NumPy API	none	256	float	1	187.331004021	186.273721027	189.369359354	1366565034.6447837	31	0	0	0	0	256	fnv1a64:956ef7b87e4ad4a6	verified		measured		unavailable	user-facing Python API cost; not aggregated with caller-owned kernels	202701	24039	direct talib.TYPPRICE NumPy API expression including API-owned output; fixture loading excluded	catalogue_fixture_v1:f64le	fnv1a64:73fedfe0ae0a803f	0.6.4	43f9d5042ecc4bd367941846494ad907bf20ea50	3.12.13	0.6.4	0.6.4	2.2.3	rustc 1.93.0 (254b59607 2026-01-19)	Apple M2	Darwin 25.5.0 Darwin Kernel Version 25.5.0: Tue Jun  9 22:27:52 PDT 2026; root:xnu-12377.121.10~1/RELEASE_ARM64_T8112	aarch64	64	ta-core=default(f64,std); ta-benchmarks=catalogue-matrix	4c83bdfcb2569e9d106c8547f98a1d06f289a397	false
fast-ta	Volume Indicators	OBV: On Balance Volume	OBV	Owned Compact Output	none	256	float	1	316.3842057897105	314.6311684415779	318.9340782960852	809142793.2093242	31	0	0	0	0	256	fnv1a64:34a87e118e2aea2c	verified		measured		unavailable	separate Rust execution cost; not aggregated with the direct C kernel	299894	13334	IndicatorConfig::compute; API-owned Compact Output allocation included	catalogue_fixture_v1:f64le	fnv1a64:73fedfe0ae0a803f	0.6.4	43f9d5042ecc4bd367941846494ad907bf20ea50	3.12.13	0.6.4	0.6.4	2.2.3	rustc 1.93.0 (254b59607 2026-01-19)	Apple M2	Darwin 25.5.0 Darwin Kernel Version 25.5.0: Tue Jun  9 22:27:52 PDT 2026; root:xnu-12377.121.10~1/RELEASE_ARM64_T8112	aarch64	64	ta-core=default(f64,std); ta-benchmarks=catalogue-matrix	4c83bdfcb2569e9d106c8547f98a1d06f289a397	false
fast-ta	Volume Indicators	OBV: On Balance Volume	OBV	caller-owned Batch Computation	none	256	float	1	281.7966169419286	280.6145444858817	283.82505327650506	908456612.3544178	31	0	0	0	0	256	fnv1a64:34a87e118e2aea2c	verified		measured		comparable	primary caller-owned Rust/C kernel	333977	15016	IndicatorConfig::compute_into; caller output allocation excluded	catalogue_fixture_v1:f64le	fnv1a64:73fedfe0ae0a803f	0.6.4	43f9d5042ecc4bd367941846494ad907bf20ea50	3.12.13	0.6.4	0.6.4	2.2.3	rustc 1.93.0 (254b59607 2026-01-19)	Apple M2	Darwin 25.5.0 Darwin Kernel Version 25.5.0: Tue Jun  9 22:27:52 PDT 2026; root:xnu-12377.121.10~1/RELEASE_ARM64_T8112	aarch64	64	ta-core=default(f64,std); ta-benchmarks=catalogue-matrix	4c83bdfcb2569e9d106c8547f98a1d06f289a397	false
fast-ta	Volume Indicators	OBV: On Balance Volume	OBV	Prepared Batch Runner	none	256	float	1	282.0075253063399	280.50639318060735	284.6324587107086	907777193.9664079	31	0	0	0	0	256	fnv1a64:34a87e118e2aea2c	verified		measured		unavailable	separate Rust execution cost; not aggregated with the direct C kernel	332558	15016	PreparedBatchRunner::compute_into; preparation and caller output allocation excluded	catalogue_fixture_v1:f64le	fnv1a64:73fedfe0ae0a803f	0.6.4	43f9d5042ecc4bd367941846494ad907bf20ea50	3.12.13	0.6.4	0.6.4	2.2.3	rustc 1.93.0 (254b59607 2026-01-19)	Apple M2	Darwin 25.5.0 Darwin Kernel Version 25.5.0: Tue Jun  9 22:27:52 PDT 2026; root:xnu-12377.121.10~1/RELEASE_ARM64_T8112	aarch64	64	ta-core=default(f64,std); ta-benchmarks=catalogue-matrix	4c83bdfcb2569e9d106c8547f98a1d06f289a397	false
fast-ta	Volume Indicators	OBV: On Balance Volume	OBV	Streaming Computation	none	256	float	1	1599.867403314917	1590.1309717257068	1607.5047123821905	160013260.76746693	31	0	0	0	0	256	fnv1a64:34a87e118e2aea2c	verified		measured		unavailable	separate Rust execution cost; not aggregated with the direct C kernel	61682	3077	StreamingComputation::reset plus one next call per observation; stream and output allocation excluded	catalogue_fixture_v1:f64le	fnv1a64:73fedfe0ae0a803f	0.6.4	43f9d5042ecc4bd367941846494ad907bf20ea50	3.12.13	0.6.4	0.6.4	2.2.3	rustc 1.93.0 (254b59607 2026-01-19)	Apple M2	Darwin 25.5.0 Darwin Kernel Version 25.5.0: Tue Jun  9 22:27:52 PDT 2026; root:xnu-12377.121.10~1/RELEASE_ARM64_T8112	aarch64	64	ta-core=default(f64,std); ta-benchmarks=catalogue-matrix	4c83bdfcb2569e9d106c8547f98a1d06f289a397	false
TA-Lib C	Volume Indicators	OBV: On Balance Volume	OBV	direct C caller-owned	none	256	float	1	242.69055127306706	241.714844662462	243.7952581172623	1054841231.5894309	31	0	0	0	0	256	fnv1a64:34a87e118e2aea2c	verified		measured		comparable	primary caller-owned Rust/C kernel	397346	17124	direct TA_OBV call; caller output allocation excluded	catalogue_fixture_v1:f64le	fnv1a64:73fedfe0ae0a803f	0.6.4	43f9d5042ecc4bd367941846494ad907bf20ea50	3.12.13	0.6.4	0.6.4	2.2.3	rustc 1.93.0 (254b59607 2026-01-19)	Apple M2	Darwin 25.5.0 Darwin Kernel Version 25.5.0: Tue Jun  9 22:27:52 PDT 2026; root:xnu-12377.121.10~1/RELEASE_ARM64_T8112	aarch64	64	ta-core=default(f64,std); ta-benchmarks=catalogue-matrix	4c83bdfcb2569e9d106c8547f98a1d06f289a397	false
TA-Lib Python	Volume Indicators	OBV: On Balance Volume	OBV	official Python NumPy API	none	256	float	1	340.423580397	338.039371208	342.542223136	752004310.9277397	31	0	0	0	0	256	fnv1a64:34a87e118e2aea2c	verified		measured		unavailable	user-facing Python API cost; not aggregated with caller-owned kernels	158413	13334	direct talib.OBV NumPy API expression including API-owned output; fixture loading excluded	catalogue_fixture_v1:f64le	fnv1a64:73fedfe0ae0a803f	0.6.4	43f9d5042ecc4bd367941846494ad907bf20ea50	3.12.13	0.6.4	0.6.4	2.2.3	rustc 1.93.0 (254b59607 2026-01-19)	Apple M2	Darwin 25.5.0 Darwin Kernel Version 25.5.0: Tue Jun  9 22:27:52 PDT 2026; root:xnu-12377.121.10~1/RELEASE_ARM64_T8112	aarch64	64	ta-core=default(f64,std); ta-benchmarks=catalogue-matrix	4c83bdfcb2569e9d106c8547f98a1d06f289a397	false
fast-ta	Math Transform	SIN: Vector Trigonometric Sine	SIN	Owned Compact Output	none	256	float	1	921.2804597701149	915.4134099616858	926.5086206896551	277874123.2218028	31	0	0	0	0	256	fnv1a64:4a7dd747524cff33	verified		measured		unavailable	separate Rust execution cost; not aggregated with the direct C kernel	106246	5220	IndicatorConfig::compute; API-owned Compact Output allocation included	catalogue_fixture_v1:f64le	fnv1a64:73fedfe0ae0a803f	0.6.4	43f9d5042ecc4bd367941846494ad907bf20ea50	3.12.13	0.6.4	0.6.4	2.2.3	rustc 1.93.0 (254b59607 2026-01-19)	Apple M2	Darwin 25.5.0 Darwin Kernel Version 25.5.0: Tue Jun  9 22:27:52 PDT 2026; root:xnu-12377.121.10~1/RELEASE_ARM64_T8112	aarch64	64	ta-core=default(f64,std); ta-benchmarks=catalogue-matrix	4c83bdfcb2569e9d106c8547f98a1d06f289a397	false
fast-ta	Math Transform	SIN: Vector Trigonometric Sine	SIN	caller-owned Batch Computation	none	256	float	1	885.7128186319458	883.2752613240418	888.3719053731891	289032736.8135108	31	6	1	5	0	256	fnv1a64:4a7dd747524cff33	verified		measured		comparable	primary caller-owned Rust/C kernel	111019	5453	IndicatorConfig::compute_into; caller output allocation excluded	catalogue_fixture_v1:f64le	fnv1a64:73fedfe0ae0a803f	0.6.4	43f9d5042ecc4bd367941846494ad907bf20ea50	3.12.13	0.6.4	0.6.4	2.2.3	rustc 1.93.0 (254b59607 2026-01-19)	Apple M2	Darwin 25.5.0 Darwin Kernel Version 25.5.0: Tue Jun  9 22:27:52 PDT 2026; root:xnu-12377.121.10~1/RELEASE_ARM64_T8112	aarch64	64	ta-core=default(f64,std); ta-benchmarks=catalogue-matrix	4c83bdfcb2569e9d106c8547f98a1d06f289a397	false
fast-ta	Math Transform	SIN: Vector Trigonometric Sine	SIN	Prepared Batch Runner	none	256	float	1	889.6860443792408	886.5303502659086	894.6909957821383	287741953.0376229	31	0	0	0	0	256	fnv1a64:4a7dd747524cff33	verified		measured		unavailable	separate Rust execution cost; not aggregated with the direct C kernel	111225	5453	PreparedBatchRunner::compute_into; preparation and caller output allocation excluded	catalogue_fixture_v1:f64le	fnv1a64:73fedfe0ae0a803f	0.6.4	43f9d5042ecc4bd367941846494ad907bf20ea50	3.12.13	0.6.4	0.6.4	2.2.3	rustc 1.93.0 (254b59607 2026-01-19)	Apple M2	Darwin 25.5.0 Darwin Kernel Version 25.5.0: Tue Jun  9 22:27:52 PDT 2026; root:xnu-12377.121.10~1/RELEASE_ARM64_T8112	aarch64	64	ta-core=default(f64,std); ta-benchmarks=catalogue-matrix	4c83bdfcb2569e9d106c8547f98a1d06f289a397	false
fast-ta	Math Transform	SIN: Vector Trigonometric Sine	SIN	Streaming Computation	none	256	float	1	936.2916	934.0666	942.4832	273419092.9407035	31	0	0	0	0	256	fnv1a64:4a7dd747524cff33	verified		measured		unavailable	separate Rust execution cost; not aggregated with the direct C kernel	105019	5000	StreamingComputation::reset plus one next call per observation; stream and output allocation excluded	catalogue_fixture_v1:f64le	fnv1a64:73fedfe0ae0a803f	0.6.4	43f9d5042ecc4bd367941846494ad907bf20ea50	3.12.13	0.6.4	0.6.4	2.2.3	rustc 1.93.0 (254b59607 2026-01-19)	Apple M2	Darwin 25.5.0 Darwin Kernel Version 25.5.0: Tue Jun  9 22:27:52 PDT 2026; root:xnu-12377.121.10~1/RELEASE_ARM64_T8112	aarch64	64	ta-core=default(f64,std); ta-benchmarks=catalogue-matrix	4c83bdfcb2569e9d106c8547f98a1d06f289a397	false
TA-Lib C	Math Transform	SIN: Vector Trigonometric Sine	SIN	direct C caller-owned	none	256	float	1	873.4834645669291	869.2622922134733	880.8544181977253	293079388.8890892	31	0	0	0	0	256	fnv1a64:4a7dd747524cff33	verified		measured		comparable	primary caller-owned Rust/C kernel	112893	5715	direct TA_SIN call; caller output allocation excluded	catalogue_fixture_v1:f64le	fnv1a64:73fedfe0ae0a803f	0.6.4	43f9d5042ecc4bd367941846494ad907bf20ea50	3.12.13	0.6.4	0.6.4	2.2.3	rustc 1.93.0 (254b59607 2026-01-19)	Apple M2	Darwin 25.5.0 Darwin Kernel Version 25.5.0: Tue Jun  9 22:27:52 PDT 2026; root:xnu-12377.121.10~1/RELEASE_ARM64_T8112	aarch64	64	ta-core=default(f64,std); ta-benchmarks=catalogue-matrix	4c83bdfcb2569e9d106c8547f98a1d06f289a397	false
TA-Lib Python	Math Transform	SIN: Vector Trigonometric Sine	SIN	official Python NumPy API	none	256	float	1	978.291030597	973.161929037	986.831268859	261680820.9350305	31	1	0	1	0	256	fnv1a64:4a7dd747524cff33	verified		measured		unavailable	user-facing Python API cost; not aggregated with caller-owned kernels	78260	4996	direct talib.SIN NumPy API expression including API-owned output; fixture loading excluded	catalogue_fixture_v1:f64le	fnv1a64:73fedfe0ae0a803f	0.6.4	43f9d5042ecc4bd367941846494ad907bf20ea50	3.12.13	0.6.4	0.6.4	2.2.3	rustc 1.93.0 (254b59607 2026-01-19)	Apple M2	Darwin 25.5.0 Darwin Kernel Version 25.5.0: Tue Jun  9 22:27:52 PDT 2026; root:xnu-12377.121.10~1/RELEASE_ARM64_T8112	aarch64	64	ta-core=default(f64,std); ta-benchmarks=catalogue-matrix	4c83bdfcb2569e9d106c8547f98a1d06f289a397	false
fast-ta	Math Operators	ADD: Vector Arithmetic Add	ADD	Owned Compact Output	none	256	float	1	138.88772780471493	138.50978097308143	139.57916736331717	1843215408.9233317	31	2	0	2	0	256	fnv1a64:c5367dde45f21bf7	verified		measured		unavailable	separate Rust execution cost; not aggregated with the direct C kernel	677699	23924	IndicatorConfig::compute; API-owned Compact Output allocation included	catalogue_fixture_v1:f64le	fnv1a64:73fedfe0ae0a803f	0.6.4	43f9d5042ecc4bd367941846494ad907bf20ea50	3.12.13	0.6.4	0.6.4	2.2.3	rustc 1.93.0 (254b59607 2026-01-19)	Apple M2	Darwin 25.5.0 Darwin Kernel Version 25.5.0: Tue Jun  9 22:27:52 PDT 2026; root:xnu-12377.121.10~1/RELEASE_ARM64_T8112	aarch64	64	ta-core=default(f64,std); ta-benchmarks=catalogue-matrix	4c83bdfcb2569e9d106c8547f98a1d06f289a397	false
fast-ta	Math Operators	ADD: Vector Arithmetic Add	ADD	caller-owned Batch Computation	none	256	float	1	106.45643332614	105.42031174781295	106.84653309208015	2404739591.600991	31	0	0	0	0	256	fnv1a64:c5367dde45f21bf7	verified		measured		comparable	primary caller-owned Rust/C kernel	880401	60241	IndicatorConfig::compute_into; caller output allocation excluded	catalogue_fixture_v1:f64le	fnv1a64:73fedfe0ae0a803f	0.6.4	43f9d5042ecc4bd367941846494ad907bf20ea50	3.12.13	0.6.4	0.6.4	2.2.3	rustc 1.93.0 (254b59607 2026-01-19)	Apple M2	Darwin 25.5.0 Darwin Kernel Version 25.5.0: Tue Jun  9 22:27:52 PDT 2026; root:xnu-12377.121.10~1/RELEASE_ARM64_T8112	aarch64	64	ta-core=default(f64,std); ta-benchmarks=catalogue-matrix	4c83bdfcb2569e9d106c8547f98a1d06f289a397	false
fast-ta	Math Operators	ADD: Vector Arithmetic Add	ADD	Prepared Batch Runner	none	256	float	1	102.94375	102.615625	103.89164999999998	2486794972.9828186	31	1	0	1	0	256	fnv1a64:c5367dde45f21bf7	verified		measured		unavailable	separate Rust execution cost; not aggregated with the direct C kernel	899241	40000	PreparedBatchRunner::compute_into; preparation and caller output allocation excluded	catalogue_fixture_v1:f64le	fnv1a64:73fedfe0ae0a803f	0.6.4	43f9d5042ecc4bd367941846494ad907bf20ea50	3.12.13	0.6.4	0.6.4	2.2.3	rustc 1.93.0 (254b59607 2026-01-19)	Apple M2	Darwin 25.5.0 Darwin Kernel Version 25.5.0: Tue Jun  9 22:27:52 PDT 2026; root:xnu-12377.121.10~1/RELEASE_ARM64_T8112	aarch64	64	ta-core=default(f64,std); ta-benchmarks=catalogue-matrix	4c83bdfcb2569e9d106c8547f98a1d06f289a397	false
fast-ta	Math Operators	ADD: Vector Arithmetic Add	ADD	Streaming Computation	none	256	float	1	291.7887586574321	290.7454714970698	293.309336707512	877347027.2737646	31	0	0	0	0	256	fnv1a64:c5367dde45f21bf7	verified		measured		unavailable	separate Rust execution cost; not aggregated with the direct C kernel	332875	15016	StreamingComputation::reset plus one next call per observation; stream and output allocation excluded	catalogue_fixture_v1:f64le	fnv1a64:73fedfe0ae0a803f	0.6.4	43f9d5042ecc4bd367941846494ad907bf20ea50	3.12.13	0.6.4	0.6.4	2.2.3	rustc 1.93.0 (254b59607 2026-01-19)	Apple M2	Darwin 25.5.0 Darwin Kernel Version 25.5.0: Tue Jun  9 22:27:52 PDT 2026; root:xnu-12377.121.10~1/RELEASE_ARM64_T8112	aarch64	64	ta-core=default(f64,std); ta-benchmarks=catalogue-matrix	4c83bdfcb2569e9d106c8547f98a1d06f289a397	false
TA-Lib C	Math Operators	ADD: Vector Arithmetic Add	ADD	direct C caller-owned	none	256	float	1	60.19018608588835	59.88653906807656	60.400458159725105	4253185056.359536	31	4	0	4	0	256	fnv1a64:c5367dde45f21bf7	verified		measured		comparable	primary caller-owned Rust/C kernel	1470624	60241	direct TA_ADD call; caller output allocation excluded	catalogue_fixture_v1:f64le	fnv1a64:73fedfe0ae0a803f	0.6.4	43f9d5042ecc4bd367941846494ad907bf20ea50	3.12.13	0.6.4	0.6.4	2.2.3	rustc 1.93.0 (254b59607 2026-01-19)	Apple M2	Darwin 25.5.0 Darwin Kernel Version 25.5.0: Tue Jun  9 22:27:52 PDT 2026; root:xnu-12377.121.10~1/RELEASE_ARM64_T8112	aarch64	64	ta-core=default(f64,std); ta-benchmarks=catalogue-matrix	4c83bdfcb2569e9d106c8547f98a1d06f289a397	false
TA-Lib Python	Math Operators	ADD: Vector Arithmetic Add	ADD	official Python NumPy API	none	256	float	1	160.227462313	159.887763866	161.669578359	1597728605.9733691	31	1	0	1	0	256	fnv1a64:c5367dde45f21bf7	verified		measured		unavailable	user-facing Python API cost; not aggregated with caller-owned kernels	214175	24039	direct talib.ADD NumPy API expression including API-owned output; fixture loading excluded	catalogue_fixture_v1:f64le	fnv1a64:73fedfe0ae0a803f	0.6.4	43f9d5042ecc4bd367941846494ad907bf20ea50	3.12.13	0.6.4	0.6.4	2.2.3	rustc 1.93.0 (254b59607 2026-01-19)	Apple M2	Darwin 25.5.0 Darwin Kernel Version 25.5.0: Tue Jun  9 22:27:52 PDT 2026; root:xnu-12377.121.10~1/RELEASE_ARM64_T8112	aarch64	64	ta-core=default(f64,std); ta-benchmarks=catalogue-matrix	4c83bdfcb2569e9d106c8547f98a1d06f289a397	false
fast-ta	Overlap Studies	SMA: Simple Moving Average	SMA	Owned Compact Output	timeperiod=14	4096	float	1	4830.959164292498	4815.605887939221	4862.535612535613	847864753.2927068	31	2	0	2	13	4083	fnv1a64:85a9e76a8f8e5d5a	verified		measured		unavailable	separate Rust execution cost; not aggregated with the direct C kernel	20553	1053	IndicatorConfig::compute; API-owned Compact Output allocation included	catalogue_fixture_v1:f64le	fnv1a64:06be03be64d63c6c	0.6.4	43f9d5042ecc4bd367941846494ad907bf20ea50	3.12.13	0.6.4	0.6.4	2.2.3	rustc 1.93.0 (254b59607 2026-01-19)	Apple M2	Darwin 25.5.0 Darwin Kernel Version 25.5.0: Tue Jun  9 22:27:52 PDT 2026; root:xnu-12377.121.10~1/RELEASE_ARM64_T8112	aarch64	64	ta-core=default(f64,std); ta-benchmarks=catalogue-matrix	4c83bdfcb2569e9d106c8547f98a1d06f289a397	false
fast-ta	Overlap Studies	SMA: Simple Moving Average	SMA	caller-owned Batch Computation	timeperiod=14	4096	float	1	4333.983535528596	4317.410745233969	4381.5719237435005	945088961.7882292	31	0	0	0	13	4083	fnv1a64:85a9e76a8f8e5d5a	verified		measured		comparable	primary caller-owned Rust/C kernel	22786	1154	IndicatorConfig::compute_into; caller output allocation excluded	catalogue_fixture_v1:f64le	fnv1a64:06be03be64d63c6c	0.6.4	43f9d5042ecc4bd367941846494ad907bf20ea50	3.12.13	0.6.4	0.6.4	2.2.3	rustc 1.93.0 (254b59607 2026-01-19)	Apple M2	Darwin 25.5.0 Darwin Kernel Version 25.5.0: Tue Jun  9 22:27:52 PDT 2026; root:xnu-12377.121.10~1/RELEASE_ARM64_T8112	aarch64	64	ta-core=default(f64,std); ta-benchmarks=catalogue-matrix	4c83bdfcb2569e9d106c8547f98a1d06f289a397	false
fast-ta	Overlap Studies	SMA: Simple Moving Average	SMA	Prepared Batch Runner	timeperiod=14	4096	float	1	4341.927209705373	4315.496533795494	4380.488734835355	943359895.7726285	31	1	0	1	13	4083	fnv1a64:85a9e76a8f8e5d5a	verified		measured		unavailable	separate Rust execution cost; not aggregated with the direct C kernel	22842	1154	PreparedBatchRunner::compute_into; preparation and caller output allocation excluded	catalogue_fixture_v1:f64le	fnv1a64:06be03be64d63c6c	0.6.4	43f9d5042ecc4bd367941846494ad907bf20ea50	3.12.13	0.6.4	0.6.4	2.2.3	rustc 1.93.0 (254b59607 2026-01-19)	Apple M2	Darwin 25.5.0 Darwin Kernel Version 25.5.0: Tue Jun  9 22:27:52 PDT 2026; root:xnu-12377.121.10~1/RELEASE_ARM64_T8112	aarch64	64	ta-core=default(f64,std); ta-benchmarks=catalogue-matrix	4c83bdfcb2569e9d106c8547f98a1d06f289a397	false
fast-ta	Overlap Studies	SMA: Simple Moving Average	SMA	Streaming Computation	timeperiod=14	4096	float	1	20363.47967479675	20297.764227642278	20618.056910569107	201144404.8567737	31	0	0	0	13	4083	fnv1a64:85a9e76a8f8e5d5a	verified		measured		unavailable	separate Rust execution cost; not aggregated with the direct C kernel	4882	246	StreamingComputation::reset plus one next call per observation; stream and output allocation excluded	catalogue_fixture_v1:f64le	fnv1a64:06be03be64d63c6c	0.6.4	43f9d5042ecc4bd367941846494ad907bf20ea50	3.12.13	0.6.4	0.6.4	2.2.3	rustc 1.93.0 (254b59607 2026-01-19)	Apple M2	Darwin 25.5.0 Darwin Kernel Version 25.5.0: Tue Jun  9 22:27:52 PDT 2026; root:xnu-12377.121.10~1/RELEASE_ARM64_T8112	aarch64	64	ta-core=default(f64,std); ta-benchmarks=catalogue-matrix	4c83bdfcb2569e9d106c8547f98a1d06f289a397	false
TA-Lib C	Overlap Studies	SMA: Simple Moving Average	SMA	direct C caller-owned	timeperiod=14	4096	float	1	7319.97084548105	7306.912536443148	7346.635568513119	559565070.1981479	31	0	0	0	13	4083	fnv1a64:9577750b1dc4758a	verified		measured		comparable	primary caller-owned Rust/C kernel	13622	686	direct TA_SMA call; caller output allocation excluded	catalogue_fixture_v1:f64le	fnv1a64:06be03be64d63c6c	0.6.4	43f9d5042ecc4bd367941846494ad907bf20ea50	3.12.13	0.6.4	0.6.4	2.2.3	rustc 1.93.0 (254b59607 2026-01-19)	Apple M2	Darwin 25.5.0 Darwin Kernel Version 25.5.0: Tue Jun  9 22:27:52 PDT 2026; root:xnu-12377.121.10~1/RELEASE_ARM64_T8112	aarch64	64	ta-core=default(f64,std); ta-benchmarks=catalogue-matrix	4c83bdfcb2569e9d106c8547f98a1d06f289a397	false
TA-Lib Python	Overlap Studies	SMA: Simple Moving Average	SMA	official Python NumPy API	timeperiod=14	4096	float	1	7437.034260243	7416.479842635	7496.213147642	550757177.7497991	31	1	0	1	13	4083	fnv1a64:9577750b1dc4758a	verified		measured		unavailable	user-facing Python API cost; not aggregated with caller-owned kernels	12888	671	direct talib.SMA NumPy API expression including API-owned output; fixture loading excluded	catalogue_fixture_v1:f64le	fnv1a64:06be03be64d63c6c	0.6.4	43f9d5042ecc4bd367941846494ad907bf20ea50	3.12.13	0.6.4	0.6.4	2.2.3	rustc 1.93.0 (254b59607 2026-01-19)	Apple M2	Darwin 25.5.0 Darwin Kernel Version 25.5.0: Tue Jun  9 22:27:52 PDT 2026; root:xnu-12377.121.10~1/RELEASE_ARM64_T8112	aarch64	64	ta-core=default(f64,std); ta-benchmarks=catalogue-matrix	4c83bdfcb2569e9d106c8547f98a1d06f289a397	false
fast-ta	Overlap Studies	BBANDS: Bollinger Bands	BBANDS	Owned Compact Output	timeperiod=20;nbdevup=2;nbdevdn=2;matype=SMA	4096	float	3	15255.255255255255	15176.3003003003	15340.840840840841	268497637.79527557	31	0	0	0	19	4077	fnv1a64:d9bc0e193c594d44	verified		measured		unavailable	separate Rust execution cost; not aggregated with the direct C kernel	6574	333	IndicatorConfig::compute; API-owned Compact Output allocation included	catalogue_fixture_v1:f64le	fnv1a64:06be03be64d63c6c	0.6.4	43f9d5042ecc4bd367941846494ad907bf20ea50	3.12.13	0.6.4	0.6.4	2.2.3	rustc 1.93.0 (254b59607 2026-01-19)	Apple M2	Darwin 25.5.0 Darwin Kernel Version 25.5.0: Tue Jun  9 22:27:52 PDT 2026; root:xnu-12377.121.10~1/RELEASE_ARM64_T8112	aarch64	64	ta-core=default(f64,std); ta-benchmarks=catalogue-matrix	4c83bdfcb2569e9d106c8547f98a1d06f289a397	false
fast-ta	Overlap Studies	BBANDS: Bollinger Bands	BBANDS	caller-owned Batch Computation	timeperiod=20;nbdevup=2;nbdevdn=2;matype=SMA	4096	float	3	13785.596638655463	13740.778711484594	13872.434173669468	297121706.61621004	31	0	0	0	19	4077	fnv1a64:d9bc0e193c594d44	verified		measured		comparable	primary caller-owned Rust/C kernel	7210	357	IndicatorConfig::compute_into; caller output allocation excluded	catalogue_fixture_v1:f64le	fnv1a64:06be03be64d63c6c	0.6.4	43f9d5042ecc4bd367941846494ad907bf20ea50	3.12.13	0.6.4	0.6.4	2.2.3	rustc 1.93.0 (254b59607 2026-01-19)	Apple M2	Darwin 25.5.0 Darwin Kernel Version 25.5.0: Tue Jun  9 22:27:52 PDT 2026; root:xnu-12377.121.10~1/RELEASE_ARM64_T8112	aarch64	64	ta-core=default(f64,std); ta-benchmarks=catalogue-matrix	4c83bdfcb2569e9d106c8547f98a1d06f289a397	false
fast-ta	Overlap Studies	BBANDS: Bollinger Bands	BBANDS	Prepared Batch Runner	timeperiod=20;nbdevup=2;nbdevdn=2;matype=SMA	4096	float	3	13821.887362637362	13736.607142857143	13928.228021978022	296341584.3680005	31	0	0	0	19	4077	fnv1a64:d9bc0e193c594d44	verified		measured		unavailable	separate Rust execution cost; not aggregated with the direct C kernel	7177	364	PreparedBatchRunner::compute_into; preparation and caller output allocation excluded	catalogue_fixture_v1:f64le	fnv1a64:06be03be64d63c6c	0.6.4	43f9d5042ecc4bd367941846494ad907bf20ea50	3.12.13	0.6.4	0.6.4	2.2.3	rustc 1.93.0 (254b59607 2026-01-19)	Apple M2	Darwin 25.5.0 Darwin Kernel Version 25.5.0: Tue Jun  9 22:27:52 PDT 2026; root:xnu-12377.121.10~1/RELEASE_ARM64_T8112	aarch64	64	ta-core=default(f64,std); ta-benchmarks=catalogue-matrix	4c83bdfcb2569e9d106c8547f98a1d06f289a397	false
fast-ta	Overlap Studies	BBANDS: Bollinger Bands	BBANDS	Streaming Computation	timeperiod=20;nbdevup=2;nbdevdn=2;matype=SMA	4096	float	3	33866.666666666664	33513.886666666665	34215.833333333336	120944881.88976379	31	3	0	3	19	4077	fnv1a64:d9bc0e193c594d44	verified		measured		unavailable	separate Rust execution cost; not aggregated with the direct C kernel	2895	150	StreamingComputation::reset plus one next call per observation; stream and output allocation excluded	catalogue_fixture_v1:f64le	fnv1a64:06be03be64d63c6c	0.6.4	43f9d5042ecc4bd367941846494ad907bf20ea50	3.12.13	0.6.4	0.6.4	2.2.3	rustc 1.93.0 (254b59607 2026-01-19)	Apple M2	Darwin 25.5.0 Darwin Kernel Version 25.5.0: Tue Jun  9 22:27:52 PDT 2026; root:xnu-12377.121.10~1/RELEASE_ARM64_T8112	aarch64	64	ta-core=default(f64,std); ta-benchmarks=catalogue-matrix	4c83bdfcb2569e9d106c8547f98a1d06f289a397	false
TA-Lib C	Overlap Studies	BBANDS: Bollinger Bands	BBANDS	direct C caller-owned	timeperiod=20;nbdevup=2;nbdevdn=2;matype=SMA	4096	float	3	16419.37012987013	16314.801948051949	16507.844155844155	249461457.26677746	31	0	0	0	19	4077	fnv1a64:bc9fd89b1f41e7d7	verified		measured		comparable	primary caller-owned Rust/C kernel	6039	308	direct TA_BBANDS call; caller output allocation excluded	catalogue_fixture_v1:f64le	fnv1a64:06be03be64d63c6c	0.6.4	43f9d5042ecc4bd367941846494ad907bf20ea50	3.12.13	0.6.4	0.6.4	2.2.3	rustc 1.93.0 (254b59607 2026-01-19)	Apple M2	Darwin 25.5.0 Darwin Kernel Version 25.5.0: Tue Jun  9 22:27:52 PDT 2026; root:xnu-12377.121.10~1/RELEASE_ARM64_T8112	aarch64	64	ta-core=default(f64,std); ta-benchmarks=catalogue-matrix	4c83bdfcb2569e9d106c8547f98a1d06f289a397	false
TA-Lib Python	Overlap Studies	BBANDS: Bollinger Bands	BBANDS	official Python NumPy API	timeperiod=20;nbdevup=2;nbdevdn=2;matype=SMA	4096	float	3	18247.259242284	17912.209957623	18461.078257825	224472067.0438234	31	0	0	0	19	4077	fnv1a64:bc9fd89b1f41e7d7	verified		measured		unavailable	user-facing Python API cost; not aggregated with caller-owned kernels	5298	243	direct talib.BBANDS NumPy API expression including API-owned output; fixture loading excluded	catalogue_fixture_v1:f64le	fnv1a64:06be03be64d63c6c	0.6.4	43f9d5042ecc4bd367941846494ad907bf20ea50	3.12.13	0.6.4	0.6.4	2.2.3	rustc 1.93.0 (254b59607 2026-01-19)	Apple M2	Darwin 25.5.0 Darwin Kernel Version 25.5.0: Tue Jun  9 22:27:52 PDT 2026; root:xnu-12377.121.10~1/RELEASE_ARM64_T8112	aarch64	64	ta-core=default(f64,std); ta-benchmarks=catalogue-matrix	4c83bdfcb2569e9d106c8547f98a1d06f289a397	false
fast-ta	Momentum Indicators	RSI: Relative Strength Index	RSI	Owned Compact Output	timeperiod=14	4096	float	1	21971.56086956522	21868.11304347826	22078.078260869566	186422804.65716648	31	0	0	0	14	4082	fnv1a64:6ed644285034132b	verified		measured		unavailable	separate Rust execution cost; not aggregated with the direct C kernel	4556	230	IndicatorConfig::compute; API-owned Compact Output allocation included	catalogue_fixture_v1:f64le	fnv1a64:06be03be64d63c6c	0.6.4	43f9d5042ecc4bd367941846494ad907bf20ea50	3.12.13	0.6.4	0.6.4	2.2.3	rustc 1.93.0 (254b59607 2026-01-19)	Apple M2	Darwin 25.5.0 Darwin Kernel Version 25.5.0: Tue Jun  9 22:27:52 PDT 2026; root:xnu-12377.121.10~1/RELEASE_ARM64_T8112	aarch64	64	ta-core=default(f64,std); ta-benchmarks=catalogue-matrix	4c83bdfcb2569e9d106c8547f98a1d06f289a397	false
fast-ta	Momentum Indicators	RSI: Relative Strength Index	RSI	caller-owned Batch Computation	timeperiod=14	4096	float	1	21414.893617021276	21314.71914893617	21620.91914893617	191268753.10481867	31	0	0	0	14	4082	fnv1a64:6ed644285034132b	verified		measured		comparable	primary caller-owned Rust/C kernel	4654	235	IndicatorConfig::compute_into; caller output allocation excluded	catalogue_fixture_v1:f64le	fnv1a64:06be03be64d63c6c	0.6.4	43f9d5042ecc4bd367941846494ad907bf20ea50	3.12.13	0.6.4	0.6.4	2.2.3	rustc 1.93.0 (254b59607 2026-01-19)	Apple M2	Darwin 25.5.0 Darwin Kernel Version 25.5.0: Tue Jun  9 22:27:52 PDT 2026; root:xnu-12377.121.10~1/RELEASE_ARM64_T8112	aarch64	64	ta-core=default(f64,std); ta-benchmarks=catalogue-matrix	4c83bdfcb2569e9d106c8547f98a1d06f289a397	false
fast-ta	Momentum Indicators	RSI: Relative Strength Index	RSI	Prepared Batch Runner	timeperiod=14	4096	float	1	21369	21303.14406779661	21532.3093220339	191679535.7761243	31	0	0	0	14	4082	fnv1a64:6ed644285034132b	verified		measured		unavailable	separate Rust execution cost; not aggregated with the direct C kernel	4644	236	PreparedBatchRunner::compute_into; preparation and caller output allocation excluded	catalogue_fixture_v1:f64le	fnv1a64:06be03be64d63c6c	0.6.4	43f9d5042ecc4bd367941846494ad907bf20ea50	3.12.13	0.6.4	0.6.4	2.2.3	rustc 1.93.0 (254b59607 2026-01-19)	Apple M2	Darwin 25.5.0 Darwin Kernel Version 25.5.0: Tue Jun  9 22:27:52 PDT 2026; root:xnu-12377.121.10~1/RELEASE_ARM64_T8112	aarch64	64	ta-core=default(f64,std); ta-benchmarks=catalogue-matrix	4c83bdfcb2569e9d106c8547f98a1d06f289a397	false
fast-ta	Momentum Indicators	RSI: Relative Strength Index	RSI	Streaming Computation	timeperiod=14	4096	float	1	36569.8417266187	36267.98561151079	36713.72661870503	112004859.92310369	31	0	0	0	14	4082	fnv1a64:6ed644285034132b	verified		measured		unavailable	separate Rust execution cost; not aggregated with the direct C kernel	2744	139	StreamingComputation::reset plus one next call per observation; stream and output allocation excluded	catalogue_fixture_v1:f64le	fnv1a64:06be03be64d63c6c	0.6.4	43f9d5042ecc4bd367941846494ad907bf20ea50	3.12.13	0.6.4	0.6.4	2.2.3	rustc 1.93.0 (254b59607 2026-01-19)	Apple M2	Darwin 25.5.0 Darwin Kernel Version 25.5.0: Tue Jun  9 22:27:52 PDT 2026; root:xnu-12377.121.10~1/RELEASE_ARM64_T8112	aarch64	64	ta-core=default(f64,std); ta-benchmarks=catalogue-matrix	4c83bdfcb2569e9d106c8547f98a1d06f289a397	false
TA-Lib C	Momentum Indicators	RSI: Relative Strength Index	RSI	direct C caller-owned	timeperiod=14	4096	float	1	23025.49315068493	22898.780821917808	23286.908675799088	177889783.86672068	31	0	0	0	14	4082	fnv1a64:6ed644285034132b	verified		measured		comparable	primary caller-owned Rust/C kernel	4322	219	direct TA_RSI call; caller output allocation excluded	catalogue_fixture_v1:f64le	fnv1a64:06be03be64d63c6c	0.6.4	43f9d5042ecc4bd367941846494ad907bf20ea50	3.12.13	0.6.4	0.6.4	2.2.3	rustc 1.93.0 (254b59607 2026-01-19)	Apple M2	Darwin 25.5.0 Darwin Kernel Version 25.5.0: Tue Jun  9 22:27:52 PDT 2026; root:xnu-12377.121.10~1/RELEASE_ARM64_T8112	aarch64	64	ta-core=default(f64,std); ta-benchmarks=catalogue-matrix	4c83bdfcb2569e9d106c8547f98a1d06f289a397	false
TA-Lib Python	Momentum Indicators	RSI: Relative Strength Index	RSI	official Python NumPy API	timeperiod=14	4096	float	1	23168.385394106	23004.967920106	23327.596430077	176792639.20747864	31	0	0	0	14	4082	fnv1a64:6ed644285034132b	verified		measured		unavailable	user-facing Python API cost; not aggregated with caller-owned kernels	4253	218	direct talib.RSI NumPy API expression including API-owned output; fixture loading excluded	catalogue_fixture_v1:f64le	fnv1a64:06be03be64d63c6c	0.6.4	43f9d5042ecc4bd367941846494ad907bf20ea50	3.12.13	0.6.4	0.6.4	2.2.3	rustc 1.93.0 (254b59607 2026-01-19)	Apple M2	Darwin 25.5.0 Darwin Kernel Version 25.5.0: Tue Jun  9 22:27:52 PDT 2026; root:xnu-12377.121.10~1/RELEASE_ARM64_T8112	aarch64	64	ta-core=default(f64,std); ta-benchmarks=catalogue-matrix	4c83bdfcb2569e9d106c8547f98a1d06f289a397	false
fast-ta	Momentum Indicators	MACD: Moving Average Convergence/Divergence	MACD	Owned Compact Output	fastperiod=12;slowperiod=26;signalperiod=9	4096	float	3	14198.555865921788	14137.220670391062	14276.536312849163	288480042.52537286	31	2	0	2	33	4063	fnv1a64:c59701467711d106	verified		measured		unavailable	separate Rust execution cost; not aggregated with the direct C kernel	7033	358	IndicatorConfig::compute; API-owned Compact Output allocation included	catalogue_fixture_v1:f64le	fnv1a64:06be03be64d63c6c	0.6.4	43f9d5042ecc4bd367941846494ad907bf20ea50	3.12.13	0.6.4	0.6.4	2.2.3	rustc 1.93.0 (254b59607 2026-01-19)	Apple M2	Darwin 25.5.0 Darwin Kernel Version 25.5.0: Tue Jun  9 22:27:52 PDT 2026; root:xnu-12377.121.10~1/RELEASE_ARM64_T8112	aarch64	64	ta-core=default(f64,std); ta-benchmarks=catalogue-matrix	4c83bdfcb2569e9d106c8547f98a1d06f289a397	false
fast-ta	Momentum Indicators	MACD: Moving Average Convergence/Divergence	MACD	caller-owned Batch Computation	fastperiod=12;slowperiod=26;signalperiod=9	4096	float	3	12863.360313315927	12807.8772845953	12964.532637075718	318423794.4232886	31	1	0	1	33	4063	fnv1a64:c59701467711d106	verified		measured		comparable	primary caller-owned Rust/C kernel	7749	383	IndicatorConfig::compute_into; caller output allocation excluded	catalogue_fixture_v1:f64le	fnv1a64:06be03be64d63c6c	0.6.4	43f9d5042ecc4bd367941846494ad907bf20ea50	3.12.13	0.6.4	0.6.4	2.2.3	rustc 1.93.0 (254b59607 2026-01-19)	Apple M2	Darwin 25.5.0 Darwin Kernel Version 25.5.0: Tue Jun  9 22:27:52 PDT 2026; root:xnu-12377.121.10~1/RELEASE_ARM64_T8112	aarch64	64	ta-core=default(f64,std); ta-benchmarks=catalogue-matrix	4c83bdfcb2569e9d106c8547f98a1d06f289a397	false
fast-ta	Momentum Indicators	MACD: Moving Average Convergence/Divergence	MACD	Prepared Batch Runner	fastperiod=12;slowperiod=26;signalperiod=9	4096	float	3	12788.123711340206	12742.91237113402	12921.713917525773	320297182.9532556	31	0	0	0	33	4063	fnv1a64:c59701467711d106	verified		measured		unavailable	separate Rust execution cost; not aggregated with the direct C kernel	7725	388	PreparedBatchRunner::compute_into; preparation and caller output allocation excluded	catalogue_fixture_v1:f64le	fnv1a64:06be03be64d63c6c	0.6.4	43f9d5042ecc4bd367941846494ad907bf20ea50	3.12.13	0.6.4	0.6.4	2.2.3	rustc 1.93.0 (254b59607 2026-01-19)	Apple M2	Darwin 25.5.0 Darwin Kernel Version 25.5.0: Tue Jun  9 22:27:52 PDT 2026; root:xnu-12377.121.10~1/RELEASE_ARM64_T8112	aarch64	64	ta-core=default(f64,std); ta-benchmarks=catalogue-matrix	4c83bdfcb2569e9d106c8547f98a1d06f289a397	false
fast-ta	Momentum Indicators	MACD: Moving Average Convergence/Divergence	MACD	Streaming Computation	fastperiod=12;slowperiod=26;signalperiod=9	4096	float	3	60239.583333333336	60059.02380952381	60742.55952380953	67995158.22237593	31	2	0	2	33	4063	fnv1a64:c59701467711d106	verified		measured		unavailable	separate Rust execution cost; not aggregated with the direct C kernel	1651	84	StreamingComputation::reset plus one next call per observation; stream and output allocation excluded	catalogue_fixture_v1:f64le	fnv1a64:06be03be64d63c6c	0.6.4	43f9d5042ecc4bd367941846494ad907bf20ea50	3.12.13	0.6.4	0.6.4	2.2.3	rustc 1.93.0 (254b59607 2026-01-19)	Apple M2	Darwin 25.5.0 Darwin Kernel Version 25.5.0: Tue Jun  9 22:27:52 PDT 2026; root:xnu-12377.121.10~1/RELEASE_ARM64_T8112	aarch64	64	ta-core=default(f64,std); ta-benchmarks=catalogue-matrix	4c83bdfcb2569e9d106c8547f98a1d06f289a397	false
TA-Lib C	Momentum Indicators	MACD: Moving Average Convergence/Divergence	MACD	direct C caller-owned	fastperiod=12;slowperiod=26;signalperiod=9	4096	float	3	27778.465838509317	27622.155279503106	28036.236024844722	147452347.5778749	31	0	0	0	33	4063	fnv1a64:1a2ab1fe5c86c3b9	verified		measured		comparable	primary caller-owned Rust/C kernel	3574	161	direct TA_MACD call; caller output allocation excluded	catalogue_fixture_v1:f64le	fnv1a64:06be03be64d63c6c	0.6.4	43f9d5042ecc4bd367941846494ad907bf20ea50	3.12.13	0.6.4	0.6.4	2.2.3	rustc 1.93.0 (254b59607 2026-01-19)	Apple M2	Darwin 25.5.0 Darwin Kernel Version 25.5.0: Tue Jun  9 22:27:52 PDT 2026; root:xnu-12377.121.10~1/RELEASE_ARM64_T8112	aarch64	64	ta-core=default(f64,std); ta-benchmarks=catalogue-matrix	4c83bdfcb2569e9d106c8547f98a1d06f289a397	false
TA-Lib Python	Momentum Indicators	MACD: Moving Average Convergence/Divergence	MACD	official Python NumPy API	fastperiod=12;slowperiod=26;signalperiod=9	4096	float	3	28135.183189685	28030.08893453	28368.283528835	145582844.52548674	31	0	0	0	33	4063	fnv1a64:1a2ab1fe5c86c3b9	verified		measured		unavailable	user-facing Python API cost; not aggregated with caller-owned kernels	3477	180	direct talib.MACD NumPy API expression including API-owned output; fixture loading excluded	catalogue_fixture_v1:f64le	fnv1a64:06be03be64d63c6c	0.6.4	43f9d5042ecc4bd367941846494ad907bf20ea50	3.12.13	0.6.4	0.6.4	2.2.3	rustc 1.93.0 (254b59607 2026-01-19)	Apple M2	Darwin 25.5.0 Darwin Kernel Version 25.5.0: Tue Jun  9 22:27:52 PDT 2026; root:xnu-12377.121.10~1/RELEASE_ARM64_T8112	aarch64	64	ta-core=default(f64,std); ta-benchmarks=catalogue-matrix	4c83bdfcb2569e9d106c8547f98a1d06f289a397	false
fast-ta	Volatility Indicators	ATR: Average True Range	ATR	Owned Compact Output	timeperiod=14	4096	float	1	22652.51196172249	22578.746411483255	22822.569377990432	180818798.67986798	31	0	0	0	14	4082	fnv1a64:2f3c03f7c4fd984a	verified		measured		unavailable	separate Rust execution cost; not aggregated with the direct C kernel	4377	209	IndicatorConfig::compute; API-owned Compact Output allocation included	catalogue_fixture_v1:f64le	fnv1a64:06be03be64d63c6c	0.6.4	43f9d5042ecc4bd367941846494ad907bf20ea50	3.12.13	0.6.4	0.6.4	2.2.3	rustc 1.93.0 (254b59607 2026-01-19)	Apple M2	Darwin 25.5.0 Darwin Kernel Version 25.5.0: Tue Jun  9 22:27:52 PDT 2026; root:xnu-12377.121.10~1/RELEASE_ARM64_T8112	aarch64	64	ta-core=default(f64,std); ta-benchmarks=catalogue-matrix	4c83bdfcb2569e9d106c8547f98a1d06f289a397	false
fast-ta	Volatility Indicators	ATR: Average True Range	ATR	caller-owned Batch Computation	timeperiod=14	4096	float	1	22081.140350877195	22051.17105263158	22152.776315789473	185497666.1038832	31	1	0	1	14	4082	fnv1a64:2f3c03f7c4fd984a	verified		measured		comparable	primary caller-owned Rust/C kernel	4484	228	IndicatorConfig::compute_into; caller output allocation excluded	catalogue_fixture_v1:f64le	fnv1a64:06be03be64d63c6c	0.6.4	43f9d5042ecc4bd367941846494ad907bf20ea50	3.12.13	0.6.4	0.6.4	2.2.3	rustc 1.93.0 (254b59607 2026-01-19)	Apple M2	Darwin 25.5.0 Darwin Kernel Version 25.5.0: Tue Jun  9 22:27:52 PDT 2026; root:xnu-12377.121.10~1/RELEASE_ARM64_T8112	aarch64	64	ta-core=default(f64,std); ta-benchmarks=catalogue-matrix	4c83bdfcb2569e9d106c8547f98a1d06f289a397	false
fast-ta	Volatility Indicators	ATR: Average True Range	ATR	Prepared Batch Runner	timeperiod=14	4096	float	1	22196.22026431718	22045.889867841408	22324.52422907489	184535923.2889197	31	0	0	0	14	4082	fnv1a64:2f3c03f7c4fd984a	verified		measured		unavailable	separate Rust execution cost; not aggregated with the direct C kernel	4492	227	PreparedBatchRunner::compute_into; preparation and caller output allocation excluded	catalogue_fixture_v1:f64le	fnv1a64:06be03be64d63c6c	0.6.4	43f9d5042ecc4bd367941846494ad907bf20ea50	3.12.13	0.6.4	0.6.4	2.2.3	rustc 1.93.0 (254b59607 2026-01-19)	Apple M2	Darwin 25.5.0 Darwin Kernel Version 25.5.0: Tue Jun  9 22:27:52 PDT 2026; root:xnu-12377.121.10~1/RELEASE_ARM64_T8112	aarch64	64	ta-core=default(f64,std); ta-benchmarks=catalogue-matrix	4c83bdfcb2569e9d106c8547f98a1d06f289a397	false
fast-ta	Volatility Indicators	ATR: Average True Range	ATR	Streaming Computation	timeperiod=14	4096	float	1	35095.0350877193	35000.36842105263	35482.08771929825	116711665.61771871	31	0	0	0	14	4082	fnv1a64:2f3c03f7c4fd984a	verified		measured		unavailable	separate Rust execution cost; not aggregated with the direct C kernel	2826	114	StreamingComputation::reset plus one next call per observation; stream and output allocation excluded	catalogue_fixture_v1:f64le	fnv1a64:06be03be64d63c6c	0.6.4	43f9d5042ecc4bd367941846494ad907bf20ea50	3.12.13	0.6.4	0.6.4	2.2.3	rustc 1.93.0 (254b59607 2026-01-19)	Apple M2	Darwin 25.5.0 Darwin Kernel Version 25.5.0: Tue Jun  9 22:27:52 PDT 2026; root:xnu-12377.121.10~1/RELEASE_ARM64_T8112	aarch64	64	ta-core=default(f64,std); ta-benchmarks=catalogue-matrix	4c83bdfcb2569e9d106c8547f98a1d06f289a397	false
TA-Lib C	Volatility Indicators	ATR: Average True Range	ATR	direct C caller-owned	timeperiod=14	4096	float	1	21760.41379310345	21678.69827586207	21948.275862068964	188231714.6605985	31	0	0	0	14	4082	fnv1a64:2f3c03f7c4fd984a	verified		measured		comparable	primary caller-owned Rust/C kernel	4568	232	direct TA_ATR call; caller output allocation excluded	catalogue_fixture_v1:f64le	fnv1a64:06be03be64d63c6c	0.6.4	43f9d5042ecc4bd367941846494ad907bf20ea50	3.12.13	0.6.4	0.6.4	2.2.3	rustc 1.93.0 (254b59607 2026-01-19)	Apple M2	Darwin 25.5.0 Darwin Kernel Version 25.5.0: Tue Jun  9 22:27:52 PDT 2026; root:xnu-12377.121.10~1/RELEASE_ARM64_T8112	aarch64	64	ta-core=default(f64,std); ta-benchmarks=catalogue-matrix	4c83bdfcb2569e9d106c8547f98a1d06f289a397	false
TA-Lib Python	Volatility Indicators	ATR: Average True Range	ATR	official Python NumPy API	timeperiod=14	4096	float	1	22068.267883567	21928.941870491	22261.343734239	185605867.28467533	31	0	0	0	14	4082	fnv1a64:2f3c03f7c4fd984a	verified		measured		unavailable	user-facing Python API cost; not aggregated with caller-owned kernels	4423	224	direct talib.ATR NumPy API expression including API-owned output; fixture loading excluded	catalogue_fixture_v1:f64le	fnv1a64:06be03be64d63c6c	0.6.4	43f9d5042ecc4bd367941846494ad907bf20ea50	3.12.13	0.6.4	0.6.4	2.2.3	rustc 1.93.0 (254b59607 2026-01-19)	Apple M2	Darwin 25.5.0 Darwin Kernel Version 25.5.0: Tue Jun  9 22:27:52 PDT 2026; root:xnu-12377.121.10~1/RELEASE_ARM64_T8112	aarch64	64	ta-core=default(f64,std); ta-benchmarks=catalogue-matrix	4c83bdfcb2569e9d106c8547f98a1d06f289a397	false
fast-ta	Momentum Indicators	ADX: Average Directional Movement Index	ADX	Owned Compact Output	timeperiod=14	4096	float	1	26508.15873015873	26382.275132275132	26673.502645502645	154518465.1146637	31	1	0	1	27	4069	fnv1a64:c1d363ac0cdbd25d	verified		measured		unavailable	separate Rust execution cost; not aggregated with the direct C kernel	3733	189	IndicatorConfig::compute; API-owned Compact Output allocation included	catalogue_fixture_v1:f64le	fnv1a64:06be03be64d63c6c	0.6.4	43f9d5042ecc4bd367941846494ad907bf20ea50	3.12.13	0.6.4	0.6.4	2.2.3	rustc 1.93.0 (254b59607 2026-01-19)	Apple M2	Darwin 25.5.0 Darwin Kernel Version 25.5.0: Tue Jun  9 22:27:52 PDT 2026; root:xnu-12377.121.10~1/RELEASE_ARM64_T8112	aarch64	64	ta-core=default(f64,std); ta-benchmarks=catalogue-matrix	4c83bdfcb2569e9d106c8547f98a1d06f289a397	false
fast-ta	Momentum Indicators	ADX: Average Directional Movement Index	ADX	caller-owned Batch Computation	timeperiod=14	4096	float	1	25944.222222222223	25892.195767195768	26237.433862433863	157877155.2647132	31	1	0	1	27	4069	fnv1a64:c1d363ac0cdbd25d	verified		measured		comparable	primary caller-owned Rust/C kernel	3827	189	IndicatorConfig::compute_into; caller output allocation excluded	catalogue_fixture_v1:f64le	fnv1a64:06be03be64d63c6c	0.6.4	43f9d5042ecc4bd367941846494ad907bf20ea50	3.12.13	0.6.4	0.6.4	2.2.3	rustc 1.93.0 (254b59607 2026-01-19)	Apple M2	Darwin 25.5.0 Darwin Kernel Version 25.5.0: Tue Jun  9 22:27:52 PDT 2026; root:xnu-12377.121.10~1/RELEASE_ARM64_T8112	aarch64	64	ta-core=default(f64,std); ta-benchmarks=catalogue-matrix	4c83bdfcb2569e9d106c8547f98a1d06f289a397	false
fast-ta	Momentum Indicators	ADX: Average Directional Movement Index	ADX	Prepared Batch Runner	timeperiod=14	4096	float	1	26051.378238341968	25883.63212435233	26328.79792746114	157227765.93721932	31	0	0	0	27	4069	fnv1a64:c1d363ac0cdbd25d	verified		measured		unavailable	separate Rust execution cost; not aggregated with the direct C kernel	3825	193	PreparedBatchRunner::compute_into; preparation and caller output allocation excluded	catalogue_fixture_v1:f64le	fnv1a64:06be03be64d63c6c	0.6.4	43f9d5042ecc4bd367941846494ad907bf20ea50	3.12.13	0.6.4	0.6.4	2.2.3	rustc 1.93.0 (254b59607 2026-01-19)	Apple M2	Darwin 25.5.0 Darwin Kernel Version 25.5.0: Tue Jun  9 22:27:52 PDT 2026; root:xnu-12377.121.10~1/RELEASE_ARM64_T8112	aarch64	64	ta-core=default(f64,std); ta-benchmarks=catalogue-matrix	4c83bdfcb2569e9d106c8547f98a1d06f289a397	false
fast-ta	Momentum Indicators	ADX: Average Directional Movement Index	ADX	Streaming Computation	timeperiod=14	4096	float	1	54696.108695652176	54586.05434782609	55029.434782608696	74886497.37025248	31	0	0	0	27	4069	fnv1a64:c1d363ac0cdbd25d	verified		measured		unavailable	separate Rust execution cost; not aggregated with the direct C kernel	1767	92	StreamingComputation::reset plus one next call per observation; stream and output allocation excluded	catalogue_fixture_v1:f64le	fnv1a64:06be03be64d63c6c	0.6.4	43f9d5042ecc4bd367941846494ad907bf20ea50	3.12.13	0.6.4	0.6.4	2.2.3	rustc 1.93.0 (254b59607 2026-01-19)	Apple M2	Darwin 25.5.0 Darwin Kernel Version 25.5.0: Tue Jun  9 22:27:52 PDT 2026; root:xnu-12377.121.10~1/RELEASE_ARM64_T8112	aarch64	64	ta-core=default(f64,std); ta-benchmarks=catalogue-matrix	4c83bdfcb2569e9d106c8547f98a1d06f289a397	false
TA-Lib C	Momentum Indicators	ADX: Average Directional Movement Index	ADX	direct C caller-owned	timeperiod=14	4096	float	1	24430.15458937198	24347.0193236715	24747.787439613527	167661648.84531313	31	1	0	1	27	4069	fnv1a64:d4fcfb104dda56fb	verified		measured		comparable	primary caller-owned Rust/C kernel	4088	207	direct TA_ADX call; caller output allocation excluded	catalogue_fixture_v1:f64le	fnv1a64:06be03be64d63c6c	0.6.4	43f9d5042ecc4bd367941846494ad907bf20ea50	3.12.13	0.6.4	0.6.4	2.2.3	rustc 1.93.0 (254b59607 2026-01-19)	Apple M2	Darwin 25.5.0 Darwin Kernel Version 25.5.0: Tue Jun  9 22:27:52 PDT 2026; root:xnu-12377.121.10~1/RELEASE_ARM64_T8112	aarch64	64	ta-core=default(f64,std); ta-benchmarks=catalogue-matrix	4c83bdfcb2569e9d106c8547f98a1d06f289a397	false
TA-Lib Python	Momentum Indicators	ADX: Average Directional Movement Index	ADX	official Python NumPy API	timeperiod=14	4096	float	1	25041.666744715	24777.774610009	25149.921580747	163567387.1773912	31	0	0	0	27	4069	fnv1a64:d4fcfb104dda56fb	verified		measured		unavailable	user-facing Python API cost; not aggregated with caller-owned kernels	3951	204	direct talib.ADX NumPy API expression including API-owned output; fixture loading excluded	catalogue_fixture_v1:f64le	fnv1a64:06be03be64d63c6c	0.6.4	43f9d5042ecc4bd367941846494ad907bf20ea50	3.12.13	0.6.4	0.6.4	2.2.3	rustc 1.93.0 (254b59607 2026-01-19)	Apple M2	Darwin 25.5.0 Darwin Kernel Version 25.5.0: Tue Jun  9 22:27:52 PDT 2026; root:xnu-12377.121.10~1/RELEASE_ARM64_T8112	aarch64	64	ta-core=default(f64,std); ta-benchmarks=catalogue-matrix	4c83bdfcb2569e9d106c8547f98a1d06f289a397	false
fast-ta	Cycle Indicators	HT_DCPHASE: Hilbert Transform Dominant Cycle Phase	HT_DCPHASE	Owned Compact Output	none	4096	float	1	450145.8333333333	445802.0833333333	452013.9166666667	9099273.383625677	31	0	0	0	63	4033	fnv1a64:b0d0ff7b985daddf	verified		measured		unavailable	separate Rust execution cost; not aggregated with the direct C kernel	225	12	IndicatorConfig::compute; API-owned Compact Output allocation included	catalogue_fixture_v1:f64le	fnv1a64:06be03be64d63c6c	0.6.4	43f9d5042ecc4bd367941846494ad907bf20ea50	3.12.13	0.6.4	0.6.4	2.2.3	rustc 1.93.0 (254b59607 2026-01-19)	Apple M2	Darwin 25.5.0 Darwin Kernel Version 25.5.0: Tue Jun  9 22:27:52 PDT 2026; root:xnu-12377.121.10~1/RELEASE_ARM64_T8112	aarch64	64	ta-core=default(f64,std); ta-benchmarks=catalogue-matrix	4c83bdfcb2569e9d106c8547f98a1d06f289a397	false
fast-ta	Cycle Indicators	HT_DCPHASE: Hilbert Transform Dominant Cycle Phase	HT_DCPHASE	caller-owned Batch Computation	none	4096	float	1	443475.75	442836.75	447250	9236130.724171503	31	0	0	0	63	4033	fnv1a64:b0d0ff7b985daddf	verified		measured		comparable	primary caller-owned Rust/C kernel	222	12	IndicatorConfig::compute_into; caller output allocation excluded	catalogue_fixture_v1:f64le	fnv1a64:06be03be64d63c6c	0.6.4	43f9d5042ecc4bd367941846494ad907bf20ea50	3.12.13	0.6.4	0.6.4	2.2.3	rustc 1.93.0 (254b59607 2026-01-19)	Apple M2	Darwin 25.5.0 Darwin Kernel Version 25.5.0: Tue Jun  9 22:27:52 PDT 2026; root:xnu-12377.121.10~1/RELEASE_ARM64_T8112	aarch64	64	ta-core=default(f64,std); ta-benchmarks=catalogue-matrix	4c83bdfcb2569e9d106c8547f98a1d06f289a397	false
fast-ta	Cycle Indicators	HT_DCPHASE: Hilbert Transform Dominant Cycle Phase	HT_DCPHASE	Prepared Batch Runner	none	4096	float	1	443673.6666666667	441986.0833333333	447159.75	9232010.614408037	31	1	0	1	63	4033	fnv1a64:b0d0ff7b985daddf	verified		measured		unavailable	separate Rust execution cost; not aggregated with the direct C kernel	223	12	PreparedBatchRunner::compute_into; preparation and caller output allocation excluded	catalogue_fixture_v1:f64le	fnv1a64:06be03be64d63c6c	0.6.4	43f9d5042ecc4bd367941846494ad907bf20ea50	3.12.13	0.6.4	0.6.4	2.2.3	rustc 1.93.0 (254b59607 2026-01-19)	Apple M2	Darwin 25.5.0 Darwin Kernel Version 25.5.0: Tue Jun  9 22:27:52 PDT 2026; root:xnu-12377.121.10~1/RELEASE_ARM64_T8112	aarch64	64	ta-core=default(f64,std); ta-benchmarks=catalogue-matrix	4c83bdfcb2569e9d106c8547f98a1d06f289a397	false
fast-ta	Cycle Indicators	HT_DCPHASE: Hilbert Transform Dominant Cycle Phase	HT_DCPHASE	Streaming Computation	none	4096	float	1	432691	431090.25	434812.5	9466339.720493378	31	1	0	1	63	4033	fnv1a64:b0d0ff7b985daddf	verified		measured		unavailable	separate Rust execution cost; not aggregated with the direct C kernel	230	12	StreamingComputation::reset plus one next call per observation; stream and output allocation excluded	catalogue_fixture_v1:f64le	fnv1a64:06be03be64d63c6c	0.6.4	43f9d5042ecc4bd367941846494ad907bf20ea50	3.12.13	0.6.4	0.6.4	2.2.3	rustc 1.93.0 (254b59607 2026-01-19)	Apple M2	Darwin 25.5.0 Darwin Kernel Version 25.5.0: Tue Jun  9 22:27:52 PDT 2026; root:xnu-12377.121.10~1/RELEASE_ARM64_T8112	aarch64	64	ta-core=default(f64,std); ta-benchmarks=catalogue-matrix	4c83bdfcb2569e9d106c8547f98a1d06f289a397	false
TA-Lib C	Cycle Indicators	HT_DCPHASE: Hilbert Transform Dominant Cycle Phase	HT_DCPHASE	direct C caller-owned	none	4096	float	1	359365.3846153846	358919.92307692306	361993.6153846154	11397870.177128484	31	0	0	0	63	4033	fnv1a64:40c013053b1f2864	verified		measured		comparable	primary caller-owned Rust/C kernel	275	13	direct TA_HT_DCPHASE call; caller output allocation excluded	catalogue_fixture_v1:f64le	fnv1a64:06be03be64d63c6c	0.6.4	43f9d5042ecc4bd367941846494ad907bf20ea50	3.12.13	0.6.4	0.6.4	2.2.3	rustc 1.93.0 (254b59607 2026-01-19)	Apple M2	Darwin 25.5.0 Darwin Kernel Version 25.5.0: Tue Jun  9 22:27:52 PDT 2026; root:xnu-12377.121.10~1/RELEASE_ARM64_T8112	aarch64	64	ta-core=default(f64,std); ta-benchmarks=catalogue-matrix	4c83bdfcb2569e9d106c8547f98a1d06f289a397	false
TA-Lib Python	Cycle Indicators	HT_DCPHASE: Hilbert Transform Dominant Cycle Phase	HT_DCPHASE	official Python NumPy API	none	4096	float	1	358645.858276369	358005.927409977	361544.645524451	11420736.934437599	31	0	0	0	63	4033	fnv1a64:40c013053b1f2864	verified		measured		unavailable	user-facing Python API cost; not aggregated with caller-owned kernels	276	14	direct talib.HT_DCPHASE NumPy API expression including API-owned output; fixture loading excluded	catalogue_fixture_v1:f64le	fnv1a64:06be03be64d63c6c	0.6.4	43f9d5042ecc4bd367941846494ad907bf20ea50	3.12.13	0.6.4	0.6.4	2.2.3	rustc 1.93.0 (254b59607 2026-01-19)	Apple M2	Darwin 25.5.0 Darwin Kernel Version 25.5.0: Tue Jun  9 22:27:52 PDT 2026; root:xnu-12377.121.10~1/RELEASE_ARM64_T8112	aarch64	64	ta-core=default(f64,std); ta-benchmarks=catalogue-matrix	4c83bdfcb2569e9d106c8547f98a1d06f289a397	false
fast-ta	Pattern Recognition	CDLDOJI: Doji	CDLDOJI	Owned Compact Output	candle_settings=TA-Lib defaults	4096	integer	1	15098.58630952381	14983.752976190477	15173.238095238095	271283676.23506224	31	0	0	0	10	4086	fnv1a64:9e4f7ac204492dfc	verified		measured		unavailable	separate Rust execution cost; not aggregated with the direct C kernel	6623	336	IndicatorConfig::compute; API-owned Compact Output allocation included	catalogue_fixture_v1:f64le	fnv1a64:06be03be64d63c6c	0.6.4	43f9d5042ecc4bd367941846494ad907bf20ea50	3.12.13	0.6.4	0.6.4	2.2.3	rustc 1.93.0 (254b59607 2026-01-19)	Apple M2	Darwin 25.5.0 Darwin Kernel Version 25.5.0: Tue Jun  9 22:27:52 PDT 2026; root:xnu-12377.121.10~1/RELEASE_ARM64_T8112	aarch64	64	ta-core=default(f64,std); ta-benchmarks=catalogue-matrix	4c83bdfcb2569e9d106c8547f98a1d06f289a397	false
fast-ta	Pattern Recognition	CDLDOJI: Doji	CDLDOJI	caller-owned Batch Computation	candle_settings=TA-Lib defaults	4096	integer	1	14354.580736543909	14279.509915014165	14424.337110481587	285344453.8141332	31	1	0	1	10	4086	fnv1a64:9e4f7ac204492dfc	verified		measured		comparable	primary caller-owned Rust/C kernel	6952	353	IndicatorConfig::compute_into; caller output allocation excluded	catalogue_fixture_v1:f64le	fnv1a64:06be03be64d63c6c	0.6.4	43f9d5042ecc4bd367941846494ad907bf20ea50	3.12.13	0.6.4	0.6.4	2.2.3	rustc 1.93.0 (254b59607 2026-01-19)	Apple M2	Darwin 25.5.0 Darwin Kernel Version 25.5.0: Tue Jun  9 22:27:52 PDT 2026; root:xnu-12377.121.10~1/RELEASE_ARM64_T8112	aarch64	64	ta-core=default(f64,std); ta-benchmarks=catalogue-matrix	4c83bdfcb2569e9d106c8547f98a1d06f289a397	false
fast-ta	Pattern Recognition	CDLDOJI: Doji	CDLDOJI	Prepared Batch Runner	candle_settings=TA-Lib defaults	4096	integer	1	14294.991452991453	14224.478632478633	14405.270655270655	286533924.37970626	31	0	0	0	10	4086	fnv1a64:9e4f7ac204492dfc	verified		measured		unavailable	separate Rust execution cost; not aggregated with the direct C kernel	6981	351	PreparedBatchRunner::compute_into; preparation and caller output allocation excluded	catalogue_fixture_v1:f64le	fnv1a64:06be03be64d63c6c	0.6.4	43f9d5042ecc4bd367941846494ad907bf20ea50	3.12.13	0.6.4	0.6.4	2.2.3	rustc 1.93.0 (254b59607 2026-01-19)	Apple M2	Darwin 25.5.0 Darwin Kernel Version 25.5.0: Tue Jun  9 22:27:52 PDT 2026; root:xnu-12377.121.10~1/RELEASE_ARM64_T8112	aarch64	64	ta-core=default(f64,std); ta-benchmarks=catalogue-matrix	4c83bdfcb2569e9d106c8547f98a1d06f289a397	false
fast-ta	Pattern Recognition	CDLDOJI: Doji	CDLDOJI	Streaming Computation	candle_settings=TA-Lib defaults	4096	integer	1	40969.845528455284	40892.617886178865	41448.170731707316	99975968.84164856	31	0	0	0	10	4086	fnv1a64:9e4f7ac204492dfc	verified		measured		unavailable	separate Rust execution cost; not aggregated with the direct C kernel	2427	123	StreamingComputation::reset plus one next call per observation; stream and output allocation excluded	catalogue_fixture_v1:f64le	fnv1a64:06be03be64d63c6c	0.6.4	43f9d5042ecc4bd367941846494ad907bf20ea50	3.12.13	0.6.4	0.6.4	2.2.3	rustc 1.93.0 (254b59607 2026-01-19)	Apple M2	Darwin 25.5.0 Darwin Kernel Version 25.5.0: Tue Jun  9 22:27:52 PDT 2026; root:xnu-12377.121.10~1/RELEASE_ARM64_T8112	aarch64	64	ta-core=default(f64,std); ta-benchmarks=catalogue-matrix	4c83bdfcb2569e9d106c8547f98a1d06f289a397	false
TA-Lib C	Pattern Recognition	CDLDOJI: Doji	CDLDOJI	direct C caller-owned	candle_settings=TA-Lib defaults	4096	integer	1	5554.36013590034	5515.430351075877	5602.728199320498	737438678.7644	31	1	0	1	10	4086	fnv1a64:9e4f7ac204492dfc	verified		measured		comparable	primary caller-owned Rust/C kernel	17835	883	direct TA_CDLDOJI call; caller output allocation excluded	catalogue_fixture_v1:f64le	fnv1a64:06be03be64d63c6c	0.6.4	43f9d5042ecc4bd367941846494ad907bf20ea50	3.12.13	0.6.4	0.6.4	2.2.3	rustc 1.93.0 (254b59607 2026-01-19)	Apple M2	Darwin 25.5.0 Darwin Kernel Version 25.5.0: Tue Jun  9 22:27:52 PDT 2026; root:xnu-12377.121.10~1/RELEASE_ARM64_T8112	aarch64	64	ta-core=default(f64,std); ta-benchmarks=catalogue-matrix	4c83bdfcb2569e9d106c8547f98a1d06f289a397	false
TA-Lib Python	Pattern Recognition	CDLDOJI: Doji	CDLDOJI	official Python NumPy API	candle_settings=TA-Lib defaults	4096	integer	1	5700.010311956	5659.53193377	5742.055911477	718595191.2066678	31	0	0	0	10	4086	fnv1a64:9e4f7ac204492dfc	verified		measured		unavailable	user-facing Python API cost; not aggregated with caller-owned kernels	16429	876	direct talib.CDLDOJI NumPy API expression including API-owned output; fixture loading excluded	catalogue_fixture_v1:f64le	fnv1a64:06be03be64d63c6c	0.6.4	43f9d5042ecc4bd367941846494ad907bf20ea50	3.12.13	0.6.4	0.6.4	2.2.3	rustc 1.93.0 (254b59607 2026-01-19)	Apple M2	Darwin 25.5.0 Darwin Kernel Version 25.5.0: Tue Jun  9 22:27:52 PDT 2026; root:xnu-12377.121.10~1/RELEASE_ARM64_T8112	aarch64	64	ta-core=default(f64,std); ta-benchmarks=catalogue-matrix	4c83bdfcb2569e9d106c8547f98a1d06f289a397	false
fast-ta	Pattern Recognition	CDLENGULFING: Engulfing Pattern	CDLENGULFING	Owned Compact Output	candle_settings=TA-Lib defaults	4096	integer	1	9332.71719038817	9263.476894639556	9401.109057301293	438886116.06258667	31	0	0	0	2	4094	fnv1a64:85650c50e74b19bc	verified		measured		unavailable	separate Rust execution cost; not aggregated with the direct C kernel	10690	541	IndicatorConfig::compute; API-owned Compact Output allocation included	catalogue_fixture_v1:f64le	fnv1a64:06be03be64d63c6c	0.6.4	43f9d5042ecc4bd367941846494ad907bf20ea50	3.12.13	0.6.4	0.6.4	2.2.3	rustc 1.93.0 (254b59607 2026-01-19)	Apple M2	Darwin 25.5.0 Darwin Kernel Version 25.5.0: Tue Jun  9 22:27:52 PDT 2026; root:xnu-12377.121.10~1/RELEASE_ARM64_T8112	aarch64	64	ta-core=default(f64,std); ta-benchmarks=catalogue-matrix	4c83bdfcb2569e9d106c8547f98a1d06f289a397	false
fast-ta	Pattern Recognition	CDLENGULFING: Engulfing Pattern	CDLENGULFING	caller-owned Batch Computation	candle_settings=TA-Lib defaults	4096	integer	1	8536.739130434782	8478.84	8606.231304347826	479808500.34378266	31	1	0	1	2	4094	fnv1a64:85650c50e74b19bc	verified		measured		comparable	primary caller-owned Rust/C kernel	11699	575	IndicatorConfig::compute_into; caller output allocation excluded	catalogue_fixture_v1:f64le	fnv1a64:06be03be64d63c6c	0.6.4	43f9d5042ecc4bd367941846494ad907bf20ea50	3.12.13	0.6.4	0.6.4	2.2.3	rustc 1.93.0 (254b59607 2026-01-19)	Apple M2	Darwin 25.5.0 Darwin Kernel Version 25.5.0: Tue Jun  9 22:27:52 PDT 2026; root:xnu-12377.121.10~1/RELEASE_ARM64_T8112	aarch64	64	ta-core=default(f64,std); ta-benchmarks=catalogue-matrix	4c83bdfcb2569e9d106c8547f98a1d06f289a397	false
fast-ta	Pattern Recognition	CDLENGULFING: Engulfing Pattern	CDLENGULFING	Prepared Batch Runner	candle_settings=TA-Lib defaults	4096	integer	1	8508.390784982936	8487.201365187713	8602.95733788396	481407131.326093	31	0	0	0	2	4094	fnv1a64:85650c50e74b19bc	verified		measured		unavailable	separate Rust execution cost; not aggregated with the direct C kernel	11690	586	PreparedBatchRunner::compute_into; preparation and caller output allocation excluded	catalogue_fixture_v1:f64le	fnv1a64:06be03be64d63c6c	0.6.4	43f9d5042ecc4bd367941846494ad907bf20ea50	3.12.13	0.6.4	0.6.4	2.2.3	rustc 1.93.0 (254b59607 2026-01-19)	Apple M2	Darwin 25.5.0 Darwin Kernel Version 25.5.0: Tue Jun  9 22:27:52 PDT 2026; root:xnu-12377.121.10~1/RELEASE_ARM64_T8112	aarch64	64	ta-core=default(f64,std); ta-benchmarks=catalogue-matrix	4c83bdfcb2569e9d106c8547f98a1d06f289a397	false
fast-ta	Pattern Recognition	CDLENGULFING: Engulfing Pattern	CDLENGULFING	Streaming Computation	candle_settings=TA-Lib defaults	4096	integer	1	48168.64761904762	47812.304761904765	48381.35238095238	85034565.06385897	31	0	0	0	2	4094	fnv1a64:85650c50e74b19bc	verified		measured		unavailable	separate Rust execution cost; not aggregated with the direct C kernel	2075	105	StreamingComputation::reset plus one next call per observation; stream and output allocation excluded	catalogue_fixture_v1:f64le	fnv1a64:06be03be64d63c6c	0.6.4	43f9d5042ecc4bd367941846494ad907bf20ea50	3.12.13	0.6.4	0.6.4	2.2.3	rustc 1.93.0 (254b59607 2026-01-19)	Apple M2	Darwin 25.5.0 Darwin Kernel Version 25.5.0: Tue Jun  9 22:27:52 PDT 2026; root:xnu-12377.121.10~1/RELEASE_ARM64_T8112	aarch64	64	ta-core=default(f64,std); ta-benchmarks=catalogue-matrix	4c83bdfcb2569e9d106c8547f98a1d06f289a397	false
TA-Lib C	Pattern Recognition	CDLENGULFING: Engulfing Pattern	CDLENGULFING	direct C caller-owned	candle_settings=TA-Lib defaults	4096	integer	1	3988.2	3957.2	4013.4	1027029737.7262926	31	0	0	0	2	4094	fnv1a64:85650c50e74b19bc	verified		measured		comparable	primary caller-owned Rust/C kernel	24958	1250	direct TA_CDLENGULFING call; caller output allocation excluded	catalogue_fixture_v1:f64le	fnv1a64:06be03be64d63c6c	0.6.4	43f9d5042ecc4bd367941846494ad907bf20ea50	3.12.13	0.6.4	0.6.4	2.2.3	rustc 1.93.0 (254b59607 2026-01-19)	Apple M2	Darwin 25.5.0 Darwin Kernel Version 25.5.0: Tue Jun  9 22:27:52 PDT 2026; root:xnu-12377.121.10~1/RELEASE_ARM64_T8112	aarch64	64	ta-core=default(f64,std); ta-benchmarks=catalogue-matrix	4c83bdfcb2569e9d106c8547f98a1d06f289a397	false
TA-Lib Python	Pattern Recognition	CDLENGULFING: Engulfing Pattern	CDLENGULFING	official Python NumPy API	candle_settings=TA-Lib defaults	4096	integer	1	4072.482460083	4065.135512881	4092.108562817	1005774743.0829992	31	0	0	0	2	4094	fnv1a64:85650c50e74b19bc	verified		measured		unavailable	user-facing Python API cost; not aggregated with caller-owned kernels	22788	1225	direct talib.CDLENGULFING NumPy API expression including API-owned output; fixture loading excluded	catalogue_fixture_v1:f64le	fnv1a64:06be03be64d63c6c	0.6.4	43f9d5042ecc4bd367941846494ad907bf20ea50	3.12.13	0.6.4	0.6.4	2.2.3	rustc 1.93.0 (254b59607 2026-01-19)	Apple M2	Darwin 25.5.0 Darwin Kernel Version 25.5.0: Tue Jun  9 22:27:52 PDT 2026; root:xnu-12377.121.10~1/RELEASE_ARM64_T8112	aarch64	64	ta-core=default(f64,std); ta-benchmarks=catalogue-matrix	4c83bdfcb2569e9d106c8547f98a1d06f289a397	false
fast-ta	Pattern Recognition	CDL3WHITESOLDIERS: Three Advancing White Soldiers	CDL3WHITESOLDIERS	Owned Compact Output	candle_settings=TA-Lib defaults	4096	integer	1	88848.41379310345	88140.81034482758	89445.39655172414	46100991.84818467	31	0	0	0	12	4084	fnv1a64:cdd2e3efc6dcb458	verified		measured		unavailable	separate Rust execution cost; not aggregated with the direct C kernel	1123	58	IndicatorConfig::compute; API-owned Compact Output allocation included	catalogue_fixture_v1:f64le	fnv1a64:06be03be64d63c6c	0.6.4	43f9d5042ecc4bd367941846494ad907bf20ea50	3.12.13	0.6.4	0.6.4	2.2.3	rustc 1.93.0 (254b59607 2026-01-19)	Apple M2	Darwin 25.5.0 Darwin Kernel Version 25.5.0: Tue Jun  9 22:27:52 PDT 2026; root:xnu-12377.121.10~1/RELEASE_ARM64_T8112	aarch64	64	ta-core=default(f64,std); ta-benchmarks=catalogue-matrix	4c83bdfcb2569e9d106c8547f98a1d06f289a397	false
fast-ta	Pattern Recognition	CDL3WHITESOLDIERS: Three Advancing White Soldiers	CDL3WHITESOLDIERS	caller-owned Batch Computation	candle_settings=TA-Lib defaults	4096	integer	1	87950.89285714286	87654.01785714286	88273.05357142857	46571443.07395564	31	2	0	2	12	4084	fnv1a64:cdd2e3efc6dcb458	verified		measured		comparable	primary caller-owned Rust/C kernel	1126	56	IndicatorConfig::compute_into; caller output allocation excluded	catalogue_fixture_v1:f64le	fnv1a64:06be03be64d63c6c	0.6.4	43f9d5042ecc4bd367941846494ad907bf20ea50	3.12.13	0.6.4	0.6.4	2.2.3	rustc 1.93.0 (254b59607 2026-01-19)	Apple M2	Darwin 25.5.0 Darwin Kernel Version 25.5.0: Tue Jun  9 22:27:52 PDT 2026; root:xnu-12377.121.10~1/RELEASE_ARM64_T8112	aarch64	64	ta-core=default(f64,std); ta-benchmarks=catalogue-matrix	4c83bdfcb2569e9d106c8547f98a1d06f289a397	false
fast-ta	Pattern Recognition	CDL3WHITESOLDIERS: Three Advancing White Soldiers	CDL3WHITESOLDIERS	Prepared Batch Runner	candle_settings=TA-Lib defaults	4096	integer	1	87183.91379310345	87089.79310344828	87501.43103448275	46981143.90368201	31	1	0	1	12	4084	fnv1a64:cdd2e3efc6dcb458	verified		measured		unavailable	separate Rust execution cost; not aggregated with the direct C kernel	1134	58	PreparedBatchRunner::compute_into; preparation and caller output allocation excluded	catalogue_fixture_v1:f64le	fnv1a64:06be03be64d63c6c	0.6.4	43f9d5042ecc4bd367941846494ad907bf20ea50	3.12.13	0.6.4	0.6.4	2.2.3	rustc 1.93.0 (254b59607 2026-01-19)	Apple M2	Darwin 25.5.0 Darwin Kernel Version 25.5.0: Tue Jun  9 22:27:52 PDT 2026; root:xnu-12377.121.10~1/RELEASE_ARM64_T8112	aarch64	64	ta-core=default(f64,std); ta-benchmarks=catalogue-matrix	4c83bdfcb2569e9d106c8547f98a1d06f289a397	false
fast-ta	Pattern Recognition	CDL3WHITESOLDIERS: Three Advancing White Soldiers	CDL3WHITESOLDIERS	Streaming Computation	candle_settings=TA-Lib defaults	4096	integer	1	97256.40384615384	96995.19230769231	97907.84615384616	42115478.65248343	31	1	0	1	12	4084	fnv1a64:cdd2e3efc6dcb458	verified		measured		unavailable	separate Rust execution cost; not aggregated with the direct C kernel	1023	52	StreamingComputation::reset plus one next call per observation; stream and output allocation excluded	catalogue_fixture_v1:f64le	fnv1a64:06be03be64d63c6c	0.6.4	43f9d5042ecc4bd367941846494ad907bf20ea50	3.12.13	0.6.4	0.6.4	2.2.3	rustc 1.93.0 (254b59607 2026-01-19)	Apple M2	Darwin 25.5.0 Darwin Kernel Version 25.5.0: Tue Jun  9 22:27:52 PDT 2026; root:xnu-12377.121.10~1/RELEASE_ARM64_T8112	aarch64	64	ta-core=default(f64,std); ta-benchmarks=catalogue-matrix	4c83bdfcb2569e9d106c8547f98a1d06f289a397	false
TA-Lib C	Pattern Recognition	CDL3WHITESOLDIERS: Three Advancing White Soldiers	CDL3WHITESOLDIERS	direct C caller-owned	candle_settings=TA-Lib defaults	4096	integer	1	20132.344262295082	19999.487704918032	20285.34836065574	203453703.48505342	31	0	0	0	12	4084	fnv1a64:cdd2e3efc6dcb458	verified		measured		comparable	primary caller-owned Rust/C kernel	4956	244	direct TA_CDL3WHITESOLDIERS call; caller output allocation excluded	catalogue_fixture_v1:f64le	fnv1a64:06be03be64d63c6c	0.6.4	43f9d5042ecc4bd367941846494ad907bf20ea50	3.12.13	0.6.4	0.6.4	2.2.3	rustc 1.93.0 (254b59607 2026-01-19)	Apple M2	Darwin 25.5.0 Darwin Kernel Version 25.5.0: Tue Jun  9 22:27:52 PDT 2026; root:xnu-12377.121.10~1/RELEASE_ARM64_T8112	aarch64	64	ta-core=default(f64,std); ta-benchmarks=catalogue-matrix	4c83bdfcb2569e9d106c8547f98a1d06f289a397	false
TA-Lib Python	Pattern Recognition	CDL3WHITESOLDIERS: Three Advancing White Soldiers	CDL3WHITESOLDIERS	official Python NumPy API	candle_settings=TA-Lib defaults	4096	integer	1	20203.144611215	20087.015886144	20426.369588224	202740715.80551192	31	0	0	0	12	4084	fnv1a64:cdd2e3efc6dcb458	verified		measured		unavailable	user-facing Python API cost; not aggregated with caller-owned kernels	4838	249	direct talib.CDL3WHITESOLDIERS NumPy API expression including API-owned output; fixture loading excluded	catalogue_fixture_v1:f64le	fnv1a64:06be03be64d63c6c	0.6.4	43f9d5042ecc4bd367941846494ad907bf20ea50	3.12.13	0.6.4	0.6.4	2.2.3	rustc 1.93.0 (254b59607 2026-01-19)	Apple M2	Darwin 25.5.0 Darwin Kernel Version 25.5.0: Tue Jun  9 22:27:52 PDT 2026; root:xnu-12377.121.10~1/RELEASE_ARM64_T8112	aarch64	64	ta-core=default(f64,std); ta-benchmarks=catalogue-matrix	4c83bdfcb2569e9d106c8547f98a1d06f289a397	false
fast-ta	Statistic Functions	LINEARREG: Linear Regression endpoint	LINEARREG	Owned Compact Output	timeperiod=14	4096	float	1	23385.701834862386	23125.380733944956	23620.02752293578	175149757.27150774	31	0	0	0	13	4083	fnv1a64:c686529333828bdb	verified		measured		unavailable	separate Rust execution cost; not aggregated with the direct C kernel	4287	218	IndicatorConfig::compute; API-owned Compact Output allocation included	catalogue_fixture_v1:f64le	fnv1a64:06be03be64d63c6c	0.6.4	43f9d5042ecc4bd367941846494ad907bf20ea50	3.12.13	0.6.4	0.6.4	2.2.3	rustc 1.93.0 (254b59607 2026-01-19)	Apple M2	Darwin 25.5.0 Darwin Kernel Version 25.5.0: Tue Jun  9 22:27:52 PDT 2026; root:xnu-12377.121.10~1/RELEASE_ARM64_T8112	aarch64	64	ta-core=default(f64,std); ta-benchmarks=catalogue-matrix	4c83bdfcb2569e9d106c8547f98a1d06f289a397	false
fast-ta	Statistic Functions	LINEARREG: Linear Regression endpoint	LINEARREG	caller-owned Batch Computation	timeperiod=14	4096	float	1	22741.03139013453	22636.399103139014	22909.004484304933	180114961.7944294	31	0	0	0	13	4083	fnv1a64:c686529333828bdb	verified		measured		comparable	primary caller-owned Rust/C kernel	4397	223	IndicatorConfig::compute_into; caller output allocation excluded	catalogue_fixture_v1:f64le	fnv1a64:06be03be64d63c6c	0.6.4	43f9d5042ecc4bd367941846494ad907bf20ea50	3.12.13	0.6.4	0.6.4	2.2.3	rustc 1.93.0 (254b59607 2026-01-19)	Apple M2	Darwin 25.5.0 Darwin Kernel Version 25.5.0: Tue Jun  9 22:27:52 PDT 2026; root:xnu-12377.121.10~1/RELEASE_ARM64_T8112	aarch64	64	ta-core=default(f64,std); ta-benchmarks=catalogue-matrix	4c83bdfcb2569e9d106c8547f98a1d06f289a397	false
fast-ta	Statistic Functions	LINEARREG: Linear Regression endpoint	LINEARREG	Prepared Batch Runner	timeperiod=14	4096	float	1	22988.822727272727	22915.15	23201.704545454544	178173543.2298028	31	0	0	0	13	4083	fnv1a64:c686529333828bdb	verified		measured		unavailable	separate Rust execution cost; not aggregated with the direct C kernel	4354	220	PreparedBatchRunner::compute_into; preparation and caller output allocation excluded	catalogue_fixture_v1:f64le	fnv1a64:06be03be64d63c6c	0.6.4	43f9d5042ecc4bd367941846494ad907bf20ea50	3.12.13	0.6.4	0.6.4	2.2.3	rustc 1.93.0 (254b59607 2026-01-19)	Apple M2	Darwin 25.5.0 Darwin Kernel Version 25.5.0: Tue Jun  9 22:27:52 PDT 2026; root:xnu-12377.121.10~1/RELEASE_ARM64_T8112	aarch64	64	ta-core=default(f64,std); ta-benchmarks=catalogue-matrix	4c83bdfcb2569e9d106c8547f98a1d06f289a397	false
fast-ta	Statistic Functions	LINEARREG: Linear Regression endpoint	LINEARREG	Streaming Computation	timeperiod=14	4096	float	1	22608.56053811659	22488.040358744394	22821	181170313.4790207	31	1	0	1	13	4083	fnv1a64:c686529333828bdb	verified		measured		unavailable	separate Rust execution cost; not aggregated with the direct C kernel	4322	223	StreamingComputation::reset plus one next call per observation; stream and output allocation excluded	catalogue_fixture_v1:f64le	fnv1a64:06be03be64d63c6c	0.6.4	43f9d5042ecc4bd367941846494ad907bf20ea50	3.12.13	0.6.4	0.6.4	2.2.3	rustc 1.93.0 (254b59607 2026-01-19)	Apple M2	Darwin 25.5.0 Darwin Kernel Version 25.5.0: Tue Jun  9 22:27:52 PDT 2026; root:xnu-12377.121.10~1/RELEASE_ARM64_T8112	aarch64	64	ta-core=default(f64,std); ta-benchmarks=catalogue-matrix	4c83bdfcb2569e9d106c8547f98a1d06f289a397	false
TA-Lib C	Statistic Functions	LINEARREG: Linear Regression endpoint	LINEARREG	direct C caller-owned	timeperiod=14	4096	float	1	24402.846153846152	24174.278846153848	24556.091346153848	167849273.57149386	31	1	0	1	13	4083	fnv1a64:2ff73b2ada66f93d	verified		measured		comparable	primary caller-owned Rust/C kernel	4108	208	direct TA_LINEARREG call; caller output allocation excluded	catalogue_fixture_v1:f64le	fnv1a64:06be03be64d63c6c	0.6.4	43f9d5042ecc4bd367941846494ad907bf20ea50	3.12.13	0.6.4	0.6.4	2.2.3	rustc 1.93.0 (254b59607 2026-01-19)	Apple M2	Darwin 25.5.0 Darwin Kernel Version 25.5.0: Tue Jun  9 22:27:52 PDT 2026; root:xnu-12377.121.10~1/RELEASE_ARM64_T8112	aarch64	64	ta-core=default(f64,std); ta-benchmarks=catalogue-matrix	4c83bdfcb2569e9d106c8547f98a1d06f289a397	false
TA-Lib Python	Statistic Functions	LINEARREG: Linear Regression endpoint	LINEARREG	official Python NumPy API	timeperiod=14	4096	float	1	24470.410665164	24299.92267592	24641.101397034	167385830.01514775	31	1	0	1	13	4083	fnv1a64:2ff73b2ada66f93d	verified		measured		unavailable	user-facing Python API cost; not aggregated with caller-owned kernels	4028	207	direct talib.LINEARREG NumPy API expression including API-owned output; fixture loading excluded	catalogue_fixture_v1:f64le	fnv1a64:06be03be64d63c6c	0.6.4	43f9d5042ecc4bd367941846494ad907bf20ea50	3.12.13	0.6.4	0.6.4	2.2.3	rustc 1.93.0 (254b59607 2026-01-19)	Apple M2	Darwin 25.5.0 Darwin Kernel Version 25.5.0: Tue Jun  9 22:27:52 PDT 2026; root:xnu-12377.121.10~1/RELEASE_ARM64_T8112	aarch64	64	ta-core=default(f64,std); ta-benchmarks=catalogue-matrix	4c83bdfcb2569e9d106c8547f98a1d06f289a397	false
fast-ta	Price Transform	TYPPRICE: Typical Price	TYPPRICE	Owned Compact Output	none	4096	float	1	3040.9217016029593	3034.11467324291	3070.8742293464857	1346960034.4661548	31	0	0	0	0	4096	fnv1a64:cc0fe58200a02aee	verified		measured		unavailable	separate Rust execution cost; not aggregated with the direct C kernel	33112	1622	IndicatorConfig::compute; API-owned Compact Output allocation included	catalogue_fixture_v1:f64le	fnv1a64:06be03be64d63c6c	0.6.4	43f9d5042ecc4bd367941846494ad907bf20ea50	3.12.13	0.6.4	0.6.4	2.2.3	rustc 1.93.0 (254b59607 2026-01-19)	Apple M2	Darwin 25.5.0 Darwin Kernel Version 25.5.0: Tue Jun  9 22:27:52 PDT 2026; root:xnu-12377.121.10~1/RELEASE_ARM64_T8112	aarch64	64	ta-core=default(f64,std); ta-benchmarks=catalogue-matrix	4c83bdfcb2569e9d106c8547f98a1d06f289a397	false
fast-ta	Price Transform	TYPPRICE: Typical Price	TYPPRICE	caller-owned Batch Computation	none	4096	float	1	2534.17174796748	2522.5904471544713	2551.744918699187	1616307183.3174593	31	0	0	0	0	4096	fnv1a64:cc0fe58200a02aee	verified		measured		comparable	primary caller-owned Rust/C kernel	39177	1968	IndicatorConfig::compute_into; caller output allocation excluded	catalogue_fixture_v1:f64le	fnv1a64:06be03be64d63c6c	0.6.4	43f9d5042ecc4bd367941846494ad907bf20ea50	3.12.13	0.6.4	0.6.4	2.2.3	rustc 1.93.0 (254b59607 2026-01-19)	Apple M2	Darwin 25.5.0 Darwin Kernel Version 25.5.0: Tue Jun  9 22:27:52 PDT 2026; root:xnu-12377.121.10~1/RELEASE_ARM64_T8112	aarch64	64	ta-core=default(f64,std); ta-benchmarks=catalogue-matrix	4c83bdfcb2569e9d106c8547f98a1d06f289a397	false
fast-ta	Price Transform	TYPPRICE: Typical Price	TYPPRICE	Prepared Batch Runner	none	4096	float	1	2526.021	2515.9165	2541.8335	1621522544.745273	31	1	0	1	0	4096	fnv1a64:cc0fe58200a02aee	verified		measured		unavailable	separate Rust execution cost; not aggregated with the direct C kernel	38531	2000	PreparedBatchRunner::compute_into; preparation and caller output allocation excluded	catalogue_fixture_v1:f64le	fnv1a64:06be03be64d63c6c	0.6.4	43f9d5042ecc4bd367941846494ad907bf20ea50	3.12.13	0.6.4	0.6.4	2.2.3	rustc 1.93.0 (254b59607 2026-01-19)	Apple M2	Darwin 25.5.0 Darwin Kernel Version 25.5.0: Tue Jun  9 22:27:52 PDT 2026; root:xnu-12377.121.10~1/RELEASE_ARM64_T8112	aarch64	64	ta-core=default(f64,std); ta-benchmarks=catalogue-matrix	4c83bdfcb2569e9d106c8547f98a1d06f289a397	false
fast-ta	Price Transform	TYPPRICE: Typical Price	TYPPRICE	Streaming Computation	none	4096	float	1	30942.742331288344	30868.0981595092	31180.46625766871	132373529.02164239	31	1	0	1	0	4096	fnv1a64:cc0fe58200a02aee	verified		measured		unavailable	separate Rust execution cost; not aggregated with the direct C kernel	3204	163	StreamingComputation::reset plus one next call per observation; stream and output allocation excluded	catalogue_fixture_v1:f64le	fnv1a64:06be03be64d63c6c	0.6.4	43f9d5042ecc4bd367941846494ad907bf20ea50	3.12.13	0.6.4	0.6.4	2.2.3	rustc 1.93.0 (254b59607 2026-01-19)	Apple M2	Darwin 25.5.0 Darwin Kernel Version 25.5.0: Tue Jun  9 22:27:52 PDT 2026; root:xnu-12377.121.10~1/RELEASE_ARM64_T8112	aarch64	64	ta-core=default(f64,std); ta-benchmarks=catalogue-matrix	4c83bdfcb2569e9d106c8547f98a1d06f289a397	false
TA-Lib C	Price Transform	TYPPRICE: Typical Price	TYPPRICE	direct C caller-owned	none	4096	float	1	859.3321084864392	851.5676290463692	861.5193350831146	4766492441.687506	31	0	0	0	0	4096	fnv1a64:cc0fe58200a02aee	verified		measured		comparable	primary caller-owned Rust/C kernel	116198	5715	direct TA_TYPPRICE call; caller output allocation excluded	catalogue_fixture_v1:f64le	fnv1a64:06be03be64d63c6c	0.6.4	43f9d5042ecc4bd367941846494ad907bf20ea50	3.12.13	0.6.4	0.6.4	2.2.3	rustc 1.93.0 (254b59607 2026-01-19)	Apple M2	Darwin 25.5.0 Darwin Kernel Version 25.5.0: Tue Jun  9 22:27:52 PDT 2026; root:xnu-12377.121.10~1/RELEASE_ARM64_T8112	aarch64	64	ta-core=default(f64,std); ta-benchmarks=catalogue-matrix	4c83bdfcb2569e9d106c8547f98a1d06f289a397	false
TA-Lib Python	Price Transform	TYPPRICE: Typical Price	TYPPRICE	official Python NumPy API	none	4096	float	1	931.391953199	925.149202792	947.793086637	4397718904.411507	31	1	0	1	0	4096	fnv1a64:cc0fe58200a02aee	verified		measured		unavailable	user-facing Python API cost; not aggregated with caller-owned kernels	78052	4799	direct talib.TYPPRICE NumPy API expression including API-owned output; fixture loading excluded	catalogue_fixture_v1:f64le	fnv1a64:06be03be64d63c6c	0.6.4	43f9d5042ecc4bd367941846494ad907bf20ea50	3.12.13	0.6.4	0.6.4	2.2.3	rustc 1.93.0 (254b59607 2026-01-19)	Apple M2	Darwin 25.5.0 Darwin Kernel Version 25.5.0: Tue Jun  9 22:27:52 PDT 2026; root:xnu-12377.121.10~1/RELEASE_ARM64_T8112	aarch64	64	ta-core=default(f64,std); ta-benchmarks=catalogue-matrix	4c83bdfcb2569e9d106c8547f98a1d06f289a397	false
fast-ta	Volume Indicators	OBV: On Balance Volume	OBV	Owned Compact Output	none	4096	float	1	5334.474885844749	5302.987442922375	5400.16095890411	767835651.6156644	31	0	0	0	0	4096	fnv1a64:6576c3bc827e5b5e	verified		measured		unavailable	separate Rust execution cost; not aggregated with the direct C kernel	19096	876	IndicatorConfig::compute; API-owned Compact Output allocation included	catalogue_fixture_v1:f64le	fnv1a64:06be03be64d63c6c	0.6.4	43f9d5042ecc4bd367941846494ad907bf20ea50	3.12.13	0.6.4	0.6.4	2.2.3	rustc 1.93.0 (254b59607 2026-01-19)	Apple M2	Darwin 25.5.0 Darwin Kernel Version 25.5.0: Tue Jun  9 22:27:52 PDT 2026; root:xnu-12377.121.10~1/RELEASE_ARM64_T8112	aarch64	64	ta-core=default(f64,std); ta-benchmarks=catalogue-matrix	4c83bdfcb2569e9d106c8547f98a1d06f289a397	false
fast-ta	Volume Indicators	OBV: On Balance Volume	OBV	caller-owned Batch Computation	none	4096	float	1	4719.178171641791	4703.319029850746	4735.619402985075	867947733.9112651	31	2	0	2	0	4096	fnv1a64:6576c3bc827e5b5e	verified		measured		comparable	primary caller-owned Rust/C kernel	21118	1072	IndicatorConfig::compute_into; caller output allocation excluded	catalogue_fixture_v1:f64le	fnv1a64:06be03be64d63c6c	0.6.4	43f9d5042ecc4bd367941846494ad907bf20ea50	3.12.13	0.6.4	0.6.4	2.2.3	rustc 1.93.0 (254b59607 2026-01-19)	Apple M2	Darwin 25.5.0 Darwin Kernel Version 25.5.0: Tue Jun  9 22:27:52 PDT 2026; root:xnu-12377.121.10~1/RELEASE_ARM64_T8112	aarch64	64	ta-core=default(f64,std); ta-benchmarks=catalogue-matrix	4c83bdfcb2569e9d106c8547f98a1d06f289a397	false
fast-ta	Volume Indicators	OBV: On Balance Volume	OBV	Prepared Batch Runner	none	4096	float	1	4711.761149653122	4668.813676907829	4731.045589692765	869314014.4214538	31	0	0	0	0	4096	fnv1a64:6576c3bc827e5b5e	verified		measured		unavailable	separate Rust execution cost; not aggregated with the direct C kernel	21102	1009	PreparedBatchRunner::compute_into; preparation and caller output allocation excluded	catalogue_fixture_v1:f64le	fnv1a64:06be03be64d63c6c	0.6.4	43f9d5042ecc4bd367941846494ad907bf20ea50	3.12.13	0.6.4	0.6.4	2.2.3	rustc 1.93.0 (254b59607 2026-01-19)	Apple M2	Darwin 25.5.0 Darwin Kernel Version 25.5.0: Tue Jun  9 22:27:52 PDT 2026; root:xnu-12377.121.10~1/RELEASE_ARM64_T8112	aarch64	64	ta-core=default(f64,std); ta-benchmarks=catalogue-matrix	4c83bdfcb2569e9d106c8547f98a1d06f289a397	false
fast-ta	Volume Indicators	OBV: On Balance Volume	OBV	Streaming Computation	none	4096	float	1	25427.678756476686	25359.455958549224	25846.502590673575	161084306.56324488	31	0	0	0	0	4096	fnv1a64:6576c3bc827e5b5e	verified		measured		unavailable	separate Rust execution cost; not aggregated with the direct C kernel	3920	193	StreamingComputation::reset plus one next call per observation; stream and output allocation excluded	catalogue_fixture_v1:f64le	fnv1a64:06be03be64d63c6c	0.6.4	43f9d5042ecc4bd367941846494ad907bf20ea50	3.12.13	0.6.4	0.6.4	2.2.3	rustc 1.93.0 (254b59607 2026-01-19)	Apple M2	Darwin 25.5.0 Darwin Kernel Version 25.5.0: Tue Jun  9 22:27:52 PDT 2026; root:xnu-12377.121.10~1/RELEASE_ARM64_T8112	aarch64	64	ta-core=default(f64,std); ta-benchmarks=catalogue-matrix	4c83bdfcb2569e9d106c8547f98a1d06f289a397	false
TA-Lib C	Volume Indicators	OBV: On Balance Volume	OBV	direct C caller-owned	none	4096	float	1	3656.905231235785	3636.3404094010616	3682.303260045489	1120072777.66283	31	0	0	0	0	4096	fnv1a64:6576c3bc827e5b5e	verified		measured		comparable	primary caller-owned Rust/C kernel	27246	1319	direct TA_OBV call; caller output allocation excluded	catalogue_fixture_v1:f64le	fnv1a64:06be03be64d63c6c	0.6.4	43f9d5042ecc4bd367941846494ad907bf20ea50	3.12.13	0.6.4	0.6.4	2.2.3	rustc 1.93.0 (254b59607 2026-01-19)	Apple M2	Darwin 25.5.0 Darwin Kernel Version 25.5.0: Tue Jun  9 22:27:52 PDT 2026; root:xnu-12377.121.10~1/RELEASE_ARM64_T8112	aarch64	64	ta-core=default(f64,std); ta-benchmarks=catalogue-matrix	4c83bdfcb2569e9d106c8547f98a1d06f289a397	false
TA-Lib Python	Volume Indicators	OBV: On Balance Volume	OBV	official Python NumPy API	none	4096	float	1	3770.561674717	3763.728719776	3789.687373986	1086310304.2353566	31	1	0	1	0	4096	fnv1a64:6576c3bc827e5b5e	verified		measured		unavailable	user-facing Python API cost; not aggregated with caller-owned kernels	24443	1305	direct talib.OBV NumPy API expression including API-owned output; fixture loading excluded	catalogue_fixture_v1:f64le	fnv1a64:06be03be64d63c6c	0.6.4	43f9d5042ecc4bd367941846494ad907bf20ea50	3.12.13	0.6.4	0.6.4	2.2.3	rustc 1.93.0 (254b59607 2026-01-19)	Apple M2	Darwin 25.5.0 Darwin Kernel Version 25.5.0: Tue Jun  9 22:27:52 PDT 2026; root:xnu-12377.121.10~1/RELEASE_ARM64_T8112	aarch64	64	ta-core=default(f64,std); ta-benchmarks=catalogue-matrix	4c83bdfcb2569e9d106c8547f98a1d06f289a397	false
fast-ta	Math Transform	SIN: Vector Trigonometric Sine	SIN	Owned Compact Output	none	4096	float	1	14869.85294117647	14800	14992.032352941176	275456658.2603966	31	0	0	0	0	4096	fnv1a64:91be4763beb470e2	verified		measured		unavailable	separate Rust execution cost; not aggregated with the direct C kernel	6708	340	IndicatorConfig::compute; API-owned Compact Output allocation included	catalogue_fixture_v1:f64le	fnv1a64:06be03be64d63c6c	0.6.4	43f9d5042ecc4bd367941846494ad907bf20ea50	3.12.13	0.6.4	0.6.4	2.2.3	rustc 1.93.0 (254b59607 2026-01-19)	Apple M2	Darwin 25.5.0 Darwin Kernel Version 25.5.0: Tue Jun  9 22:27:52 PDT 2026; root:xnu-12377.121.10~1/RELEASE_ARM64_T8112	aarch64	64	ta-core=default(f64,std); ta-benchmarks=catalogue-matrix	4c83bdfcb2569e9d106c8547f98a1d06f289a397	false
fast-ta	Math Transform	SIN: Vector Trigonometric Sine	SIN	caller-owned Batch Computation	none	4096	float	1	14484.642857142857	14409.642857142857	14585	282782257.0702961	31	0	0	0	0	4096	fnv1a64:91be4763beb470e2	verified		measured		comparable	primary caller-owned Rust/C kernel	6924	350	IndicatorConfig::compute_into; caller output allocation excluded	catalogue_fixture_v1:f64le	fnv1a64:06be03be64d63c6c	0.6.4	43f9d5042ecc4bd367941846494ad907bf20ea50	3.12.13	0.6.4	0.6.4	2.2.3	rustc 1.93.0 (254b59607 2026-01-19)	Apple M2	Darwin 25.5.0 Darwin Kernel Version 25.5.0: Tue Jun  9 22:27:52 PDT 2026; root:xnu-12377.121.10~1/RELEASE_ARM64_T8112	aarch64	64	ta-core=default(f64,std); ta-benchmarks=catalogue-matrix	4c83bdfcb2569e9d106c8547f98a1d06f289a397	false
fast-ta	Math Transform	SIN: Vector Trigonometric Sine	SIN	Prepared Batch Runner	none	4096	float	1	14436.460410557185	14370.724340175953	14497.800586510264	283726057.73951703	31	1	0	1	0	4096	fnv1a64:91be4763beb470e2	verified		measured		unavailable	separate Rust execution cost; not aggregated with the direct C kernel	6897	341	PreparedBatchRunner::compute_into; preparation and caller output allocation excluded	catalogue_fixture_v1:f64le	fnv1a64:06be03be64d63c6c	0.6.4	43f9d5042ecc4bd367941846494ad907bf20ea50	3.12.13	0.6.4	0.6.4	2.2.3	rustc 1.93.0 (254b59607 2026-01-19)	Apple M2	Darwin 25.5.0 Darwin Kernel Version 25.5.0: Tue Jun  9 22:27:52 PDT 2026; root:xnu-12377.121.10~1/RELEASE_ARM64_T8112	aarch64	64	ta-core=default(f64,std); ta-benchmarks=catalogue-matrix	4c83bdfcb2569e9d106c8547f98a1d06f289a397	false
fast-ta	Math Transform	SIN: Vector Trigonometric Sine	SIN	Streaming Computation	none	4096	float	1	14877.842729970327	14841.86646884273	15052.548961424332	275308730.86518836	31	0	0	0	0	4096	fnv1a64:91be4763beb470e2	verified		measured		unavailable	separate Rust execution cost; not aggregated with the direct C kernel	6664	337	StreamingComputation::reset plus one next call per observation; stream and output allocation excluded	catalogue_fixture_v1:f64le	fnv1a64:06be03be64d63c6c	0.6.4	43f9d5042ecc4bd367941846494ad907bf20ea50	3.12.13	0.6.4	0.6.4	2.2.3	rustc 1.93.0 (254b59607 2026-01-19)	Apple M2	Darwin 25.5.0 Darwin Kernel Version 25.5.0: Tue Jun  9 22:27:52 PDT 2026; root:xnu-12377.121.10~1/RELEASE_ARM64_T8112	aarch64	64	ta-core=default(f64,std); ta-benchmarks=catalogue-matrix	4c83bdfcb2569e9d106c8547f98a1d06f289a397	false
TA-Lib C	Math Transform	SIN: Vector Trigonometric Sine	SIN	direct C caller-owned	none	4096	float	1	13872.116343490305	13827.908587257618	13986.725761772854	295268573.199511	31	0	0	0	0	4096	fnv1a64:91be4763beb470e2	verified		measured		comparable	primary caller-owned Rust/C kernel	7170	361	direct TA_SIN call; caller output allocation excluded	catalogue_fixture_v1:f64le	fnv1a64:06be03be64d63c6c	0.6.4	43f9d5042ecc4bd367941846494ad907bf20ea50	3.12.13	0.6.4	0.6.4	2.2.3	rustc 1.93.0 (254b59607 2026-01-19)	Apple M2	Darwin 25.5.0 Darwin Kernel Version 25.5.0: Tue Jun  9 22:27:52 PDT 2026; root:xnu-12377.121.10~1/RELEASE_ARM64_T8112	aarch64	64	ta-core=default(f64,std); ta-benchmarks=catalogue-matrix	4c83bdfcb2569e9d106c8547f98a1d06f289a397	false
TA-Lib Python	Math Transform	SIN: Vector Trigonometric Sine	SIN	official Python NumPy API	none	4096	float	1	14105.1074682	14038.017055146	14276.129961814	290391264.95380783	31	0	0	0	0	4096	fnv1a64:91be4763beb470e2	verified		measured		unavailable	user-facing Python API cost; not aggregated with caller-owned kernels	6869	354	direct talib.SIN NumPy API expression including API-owned output; fixture loading excluded	catalogue_fixture_v1:f64le	fnv1a64:06be03be64d63c6c	0.6.4	43f9d5042ecc4bd367941846494ad907bf20ea50	3.12.13	0.6.4	0.6.4	2.2.3	rustc 1.93.0 (254b59607 2026-01-19)	Apple M2	Darwin 25.5.0 Darwin Kernel Version 25.5.0: Tue Jun  9 22:27:52 PDT 2026; root:xnu-12377.121.10~1/RELEASE_ARM64_T8112	aarch64	64	ta-core=default(f64,std); ta-benchmarks=catalogue-matrix	4c83bdfcb2569e9d106c8547f98a1d06f289a397	false
fast-ta	Math Operators	ADD: Vector Arithmetic Add	ADD	Owned Compact Output	none	4096	float	1	2209.6744402985073	2151.916044776119	2246.9099813432836	1853666732.6643226	31	1	0	1	0	4096	fnv1a64:d50f71f555286fae	verified		measured		unavailable	separate Rust execution cost; not aggregated with the direct C kernel	46143	2144	IndicatorConfig::compute; API-owned Compact Output allocation included	catalogue_fixture_v1:f64le	fnv1a64:06be03be64d63c6c	0.6.4	43f9d5042ecc4bd367941846494ad907bf20ea50	3.12.13	0.6.4	0.6.4	2.2.3	rustc 1.93.0 (254b59607 2026-01-19)	Apple M2	Darwin 25.5.0 Darwin Kernel Version 25.5.0: Tue Jun  9 22:27:52 PDT 2026; root:xnu-12377.121.10~1/RELEASE_ARM64_T8112	aarch64	64	ta-core=default(f64,std); ta-benchmarks=catalogue-matrix	4c83bdfcb2569e9d106c8547f98a1d06f289a397	false
fast-ta	Math Operators	ADD: Vector Arithmetic Add	ADD	caller-owned Batch Computation	none	4096	float	1	1765.2439024390244	1744.7489837398373	1781.207825203252	2320359240.0690846	31	0	0	0	0	4096	fnv1a64:d50f71f555286fae	verified		measured		comparable	primary caller-owned Rust/C kernel	58735	1968	IndicatorConfig::compute_into; caller output allocation excluded	catalogue_fixture_v1:f64le	fnv1a64:06be03be64d63c6c	0.6.4	43f9d5042ecc4bd367941846494ad907bf20ea50	3.12.13	0.6.4	0.6.4	2.2.3	rustc 1.93.0 (254b59607 2026-01-19)	Apple M2	Darwin 25.5.0 Darwin Kernel Version 25.5.0: Tue Jun  9 22:27:52 PDT 2026; root:xnu-12377.121.10~1/RELEASE_ARM64_T8112	aarch64	64	ta-core=default(f64,std); ta-benchmarks=catalogue-matrix	4c83bdfcb2569e9d106c8547f98a1d06f289a397	false
fast-ta	Math Operators	ADD: Vector Arithmetic Add	ADD	Prepared Batch Runner	none	4096	float	1	1693.7088174982912	1684.9935064935064	1706.126110731374	2418361384.0128884	31	2	0	2	0	4096	fnv1a64:d50f71f555286fae	verified		measured		unavailable	separate Rust execution cost; not aggregated with the direct C kernel	62723	2926	PreparedBatchRunner::compute_into; preparation and caller output allocation excluded	catalogue_fixture_v1:f64le	fnv1a64:06be03be64d63c6c	0.6.4	43f9d5042ecc4bd367941846494ad907bf20ea50	3.12.13	0.6.4	0.6.4	2.2.3	rustc 1.93.0 (254b59607 2026-01-19)	Apple M2	Darwin 25.5.0 Darwin Kernel Version 25.5.0: Tue Jun  9 22:27:52 PDT 2026; root:xnu-12377.121.10~1/RELEASE_ARM64_T8112	aarch64	64	ta-core=default(f64,std); ta-benchmarks=catalogue-matrix	4c83bdfcb2569e9d106c8547f98a1d06f289a397	false
fast-ta	Math Operators	ADD: Vector Arithmetic Add	ADD	Streaming Computation	none	4096	float	1	4615.74011299435	4558.224105461393	4646.146892655367	887398315.2710084	31	0	0	0	0	4096	fnv1a64:d50f71f555286fae	verified		measured		unavailable	separate Rust execution cost; not aggregated with the direct C kernel	16157	1062	StreamingComputation::reset plus one next call per observation; stream and output allocation excluded	catalogue_fixture_v1:f64le	fnv1a64:06be03be64d63c6c	0.6.4	43f9d5042ecc4bd367941846494ad907bf20ea50	3.12.13	0.6.4	0.6.4	2.2.3	rustc 1.93.0 (254b59607 2026-01-19)	Apple M2	Darwin 25.5.0 Darwin Kernel Version 25.5.0: Tue Jun  9 22:27:52 PDT 2026; root:xnu-12377.121.10~1/RELEASE_ARM64_T8112	aarch64	64	ta-core=default(f64,std); ta-benchmarks=catalogue-matrix	4c83bdfcb2569e9d106c8547f98a1d06f289a397	false
TA-Lib C	Math Operators	ADD: Vector Arithmetic Add	ADD	direct C caller-owned	none	4096	float	1	601.298937784522	577.4712768263603	628.3013223498808	6811919567.14851	31	1	0	1	0	4096	fnv1a64:d50f71f555286fae	verified		measured		comparable	primary caller-owned Rust/C kernel	172344	9226	direct TA_ADD call; caller output allocation excluded	catalogue_fixture_v1:f64le	fnv1a64:06be03be64d63c6c	0.6.4	43f9d5042ecc4bd367941846494ad907bf20ea50	3.12.13	0.6.4	0.6.4	2.2.3	rustc 1.93.0 (254b59607 2026-01-19)	Apple M2	Darwin 25.5.0 Darwin Kernel Version 25.5.0: Tue Jun  9 22:27:52 PDT 2026; root:xnu-12377.121.10~1/RELEASE_ARM64_T8112	aarch64	64	ta-core=default(f64,std); ta-benchmarks=catalogue-matrix	4c83bdfcb2569e9d106c8547f98a1d06f289a397	false
TA-Lib Python	Math Operators	ADD: Vector Arithmetic Add	ADD	official Python NumPy API	none	4096	float	1	869.218054796	844.758125194	877.582048664	4712281316.98358	31	4	4	0	0	4096	fnv1a64:d50f71f555286fae	verified		measured		unavailable	user-facing Python API cost; not aggregated with caller-owned kernels	95790	6003	direct talib.ADD NumPy API expression including API-owned output; fixture loading excluded	catalogue_fixture_v1:f64le	fnv1a64:06be03be64d63c6c	0.6.4	43f9d5042ecc4bd367941846494ad907bf20ea50	3.12.13	0.6.4	0.6.4	2.2.3	rustc 1.93.0 (254b59607 2026-01-19)	Apple M2	Darwin 25.5.0 Darwin Kernel Version 25.5.0: Tue Jun  9 22:27:52 PDT 2026; root:xnu-12377.121.10~1/RELEASE_ARM64_T8112	aarch64	64	ta-core=default(f64,std); ta-benchmarks=catalogue-matrix	4c83bdfcb2569e9d106c8547f98a1d06f289a397	false
fast-ta	Overlap Studies	SMA: Simple Moving Average	SMA	Owned Compact Output	timeperiod=14	65536	float	1	73091.17391304347	72901.56521739131	73803.7536231884	896633567.248053	31	1	0	1	13	65523	fnv1a64:af3bde69a6a8b06c	verified		measured		unavailable	separate Rust execution cost; not aggregated with the direct C kernel	1351	69	IndicatorConfig::compute; API-owned Compact Output allocation included	catalogue_fixture_v1:f64le	fnv1a64:a4171d0a7611733a	0.6.4	43f9d5042ecc4bd367941846494ad907bf20ea50	3.12.13	0.6.4	0.6.4	2.2.3	rustc 1.93.0 (254b59607 2026-01-19)	Apple M2	Darwin 25.5.0 Darwin Kernel Version 25.5.0: Tue Jun  9 22:27:52 PDT 2026; root:xnu-12377.121.10~1/RELEASE_ARM64_T8112	aarch64	64	ta-core=default(f64,std); ta-benchmarks=catalogue-matrix	4c83bdfcb2569e9d106c8547f98a1d06f289a397	false
fast-ta	Overlap Studies	SMA: Simple Moving Average	SMA	caller-owned Batch Computation	timeperiod=14	65536	float	1	69549.08219178082	69334.47945205479	70115.86301369863	942298560.0196018	31	0	0	0	13	65523	fnv1a64:af3bde69a6a8b06c	verified		measured		comparable	primary caller-owned Rust/C kernel	1433	73	IndicatorConfig::compute_into; caller output allocation excluded	catalogue_fixture_v1:f64le	fnv1a64:a4171d0a7611733a	0.6.4	43f9d5042ecc4bd367941846494ad907bf20ea50	3.12.13	0.6.4	0.6.4	2.2.3	rustc 1.93.0 (254b59607 2026-01-19)	Apple M2	Darwin 25.5.0 Darwin Kernel Version 25.5.0: Tue Jun  9 22:27:52 PDT 2026; root:xnu-12377.121.10~1/RELEASE_ARM64_T8112	aarch64	64	ta-core=default(f64,std); ta-benchmarks=catalogue-matrix	4c83bdfcb2569e9d106c8547f98a1d06f289a397	false
fast-ta	Overlap Studies	SMA: Simple Moving Average	SMA	Prepared Batch Runner	timeperiod=14	65536	float	1	69562.20547945205	69345.8904109589	70009.69863013699	942120790.281134	31	0	0	0	13	65523	fnv1a64:af3bde69a6a8b06c	verified		measured		unavailable	separate Rust execution cost; not aggregated with the direct C kernel	1427	73	PreparedBatchRunner::compute_into; preparation and caller output allocation excluded	catalogue_fixture_v1:f64le	fnv1a64:a4171d0a7611733a	0.6.4	43f9d5042ecc4bd367941846494ad907bf20ea50	3.12.13	0.6.4	0.6.4	2.2.3	rustc 1.93.0 (254b59607 2026-01-19)	Apple M2	Darwin 25.5.0 Darwin Kernel Version 25.5.0: Tue Jun  9 22:27:52 PDT 2026; root:xnu-12377.121.10~1/RELEASE_ARM64_T8112	aarch64	64	ta-core=default(f64,std); ta-benchmarks=catalogue-matrix	4c83bdfcb2569e9d106c8547f98a1d06f289a397	false
fast-ta	Overlap Studies	SMA: Simple Moving Average	SMA	Streaming Computation	timeperiod=14	65536	float	1	326973.21428571426	325592.28571428574	330038.64285714284	200432320.25340652	31	0	0	0	13	65523	fnv1a64:af3bde69a6a8b06c	verified		measured		unavailable	separate Rust execution cost; not aggregated with the direct C kernel	305	14	StreamingComputation::reset plus one next call per observation; stream and output allocation excluded	catalogue_fixture_v1:f64le	fnv1a64:a4171d0a7611733a	0.6.4	43f9d5042ecc4bd367941846494ad907bf20ea50	3.12.13	0.6.4	0.6.4	2.2.3	rustc 1.93.0 (254b59607 2026-01-19)	Apple M2	Darwin 25.5.0 Darwin Kernel Version 25.5.0: Tue Jun  9 22:27:52 PDT 2026; root:xnu-12377.121.10~1/RELEASE_ARM64_T8112	aarch64	64	ta-core=default(f64,std); ta-benchmarks=catalogue-matrix	4c83bdfcb2569e9d106c8547f98a1d06f289a397	false
TA-Lib C	Overlap Studies	SMA: Simple Moving Average	SMA	direct C caller-owned	timeperiod=14	65536	float	1	117551.3488372093	116870.16279069768	118505.81395348837	557509553.4697553	31	0	0	0	13	65523	fnv1a64:f15ad23244873212	verified		measured		comparable	primary caller-owned Rust/C kernel	849	43	direct TA_SMA call; caller output allocation excluded	catalogue_fixture_v1:f64le	fnv1a64:a4171d0a7611733a	0.6.4	43f9d5042ecc4bd367941846494ad907bf20ea50	3.12.13	0.6.4	0.6.4	2.2.3	rustc 1.93.0 (254b59607 2026-01-19)	Apple M2	Darwin 25.5.0 Darwin Kernel Version 25.5.0: Tue Jun  9 22:27:52 PDT 2026; root:xnu-12377.121.10~1/RELEASE_ARM64_T8112	aarch64	64	ta-core=default(f64,std); ta-benchmarks=catalogue-matrix	4c83bdfcb2569e9d106c8547f98a1d06f289a397	false
TA-Lib Python	Overlap Studies	SMA: Simple Moving Average	SMA	official Python NumPy API	timeperiod=14	65536	float	1	117402.116302401	116972.860522828	118519.396109636	558218216.7073909	31	0	0	0	13	65523	fnv1a64:f15ad23244873212	verified		measured		unavailable	user-facing Python API cost; not aggregated with caller-owned kernels	840	43	direct talib.SMA NumPy API expression including API-owned output; fixture loading excluded	catalogue_fixture_v1:f64le	fnv1a64:a4171d0a7611733a	0.6.4	43f9d5042ecc4bd367941846494ad907bf20ea50	3.12.13	0.6.4	0.6.4	2.2.3	rustc 1.93.0 (254b59607 2026-01-19)	Apple M2	Darwin 25.5.0 Darwin Kernel Version 25.5.0: Tue Jun  9 22:27:52 PDT 2026; root:xnu-12377.121.10~1/RELEASE_ARM64_T8112	aarch64	64	ta-core=default(f64,std); ta-benchmarks=catalogue-matrix	4c83bdfcb2569e9d106c8547f98a1d06f289a397	false
fast-ta	Overlap Studies	BBANDS: Bollinger Bands	BBANDS	Owned Compact Output	timeperiod=20;nbdevup=2;nbdevdn=2;matype=SMA	65536	float	3	230776.5	229831.45454545456	232827.63636363635	283980387.95111287	31	1	0	1	19	65517	fnv1a64:d9001fec0702c969	verified		measured		unavailable	separate Rust execution cost; not aggregated with the direct C kernel	432	22	IndicatorConfig::compute; API-owned Compact Output allocation included	catalogue_fixture_v1:f64le	fnv1a64:a4171d0a7611733a	0.6.4	43f9d5042ecc4bd367941846494ad907bf20ea50	3.12.13	0.6.4	0.6.4	2.2.3	rustc 1.93.0 (254b59607 2026-01-19)	Apple M2	Darwin 25.5.0 Darwin Kernel Version 25.5.0: Tue Jun  9 22:27:52 PDT 2026; root:xnu-12377.121.10~1/RELEASE_ARM64_T8112	aarch64	64	ta-core=default(f64,std); ta-benchmarks=catalogue-matrix	4c83bdfcb2569e9d106c8547f98a1d06f289a397	false
fast-ta	Overlap Studies	BBANDS: Bollinger Bands	BBANDS	caller-owned Batch Computation	timeperiod=20;nbdevup=2;nbdevdn=2;matype=SMA	65536	float	3	221000	220592.39130434784	223572.47826086957	296542986.42533934	31	0	0	0	19	65517	fnv1a64:d9001fec0702c969	verified		measured		comparable	primary caller-owned Rust/C kernel	450	23	IndicatorConfig::compute_into; caller output allocation excluded	catalogue_fixture_v1:f64le	fnv1a64:a4171d0a7611733a	0.6.4	43f9d5042ecc4bd367941846494ad907bf20ea50	3.12.13	0.6.4	0.6.4	2.2.3	rustc 1.93.0 (254b59607 2026-01-19)	Apple M2	Darwin 25.5.0 Darwin Kernel Version 25.5.0: Tue Jun  9 22:27:52 PDT 2026; root:xnu-12377.121.10~1/RELEASE_ARM64_T8112	aarch64	64	ta-core=default(f64,std); ta-benchmarks=catalogue-matrix	4c83bdfcb2569e9d106c8547f98a1d06f289a397	false
fast-ta	Overlap Studies	BBANDS: Bollinger Bands	BBANDS	Prepared Batch Runner	timeperiod=20;nbdevup=2;nbdevdn=2;matype=SMA	65536	float	3	221688.39130434784	220411.26086956522	224052.5652173913	295622155.10882586	31	0	0	0	19	65517	fnv1a64:d9001fec0702c969	verified		measured		unavailable	separate Rust execution cost; not aggregated with the direct C kernel	450	23	PreparedBatchRunner::compute_into; preparation and caller output allocation excluded	catalogue_fixture_v1:f64le	fnv1a64:a4171d0a7611733a	0.6.4	43f9d5042ecc4bd367941846494ad907bf20ea50	3.12.13	0.6.4	0.6.4	2.2.3	rustc 1.93.0 (254b59607 2026-01-19)	Apple M2	Darwin 25.5.0 Darwin Kernel Version 25.5.0: Tue Jun  9 22:27:52 PDT 2026; root:xnu-12377.121.10~1/RELEASE_ARM64_T8112	aarch64	64	ta-core=default(f64,std); ta-benchmarks=catalogue-matrix	4c83bdfcb2569e9d106c8547f98a1d06f289a397	false
fast-ta	Overlap Studies	BBANDS: Bollinger Bands	BBANDS	Streaming Computation	timeperiod=20;nbdevup=2;nbdevdn=2;matype=SMA	65536	float	3	539054.2	536604.2	545820.8	121575900.90198722	31	0	0	0	19	65517	fnv1a64:d9001fec0702c969	verified		measured		unavailable	separate Rust execution cost; not aggregated with the direct C kernel	185	10	StreamingComputation::reset plus one next call per observation; stream and output allocation excluded	catalogue_fixture_v1:f64le	fnv1a64:a4171d0a7611733a	0.6.4	43f9d5042ecc4bd367941846494ad907bf20ea50	3.12.13	0.6.4	0.6.4	2.2.3	rustc 1.93.0 (254b59607 2026-01-19)	Apple M2	Darwin 25.5.0 Darwin Kernel Version 25.5.0: Tue Jun  9 22:27:52 PDT 2026; root:xnu-12377.121.10~1/RELEASE_ARM64_T8112	aarch64	64	ta-core=default(f64,std); ta-benchmarks=catalogue-matrix	4c83bdfcb2569e9d106c8547f98a1d06f289a397	false
TA-Lib C	Overlap Studies	BBANDS: Bollinger Bands	BBANDS	direct C caller-owned	timeperiod=20;nbdevup=2;nbdevdn=2;matype=SMA	65536	float	3	346088.86666666664	344516.6666666667	349675	189361768.93295038	31	0	0	0	19	65517	fnv1a64:25bf9c5b84b4c3ac	verified		measured		comparable	primary caller-owned Rust/C kernel	289	15	direct TA_BBANDS call; caller output allocation excluded	catalogue_fixture_v1:f64le	fnv1a64:a4171d0a7611733a	0.6.4	43f9d5042ecc4bd367941846494ad907bf20ea50	3.12.13	0.6.4	0.6.4	2.2.3	rustc 1.93.0 (254b59607 2026-01-19)	Apple M2	Darwin 25.5.0 Darwin Kernel Version 25.5.0: Tue Jun  9 22:27:52 PDT 2026; root:xnu-12377.121.10~1/RELEASE_ARM64_T8112	aarch64	64	ta-core=default(f64,std); ta-benchmarks=catalogue-matrix	4c83bdfcb2569e9d106c8547f98a1d06f289a397	false
TA-Lib Python	Overlap Studies	BBANDS: Bollinger Bands	BBANDS	official Python NumPy API	timeperiod=20;nbdevup=2;nbdevdn=2;matype=SMA	65536	float	3	349044.400112083	347569.468431175	351641.664747149	187758348.16130978	31	0	0	0	19	65517	fnv1a64:25bf9c5b84b4c3ac	verified		measured		unavailable	user-facing Python API cost; not aggregated with caller-owned kernels	285	15	direct talib.BBANDS NumPy API expression including API-owned output; fixture loading excluded	catalogue_fixture_v1:f64le	fnv1a64:a4171d0a7611733a	0.6.4	43f9d5042ecc4bd367941846494ad907bf20ea50	3.12.13	0.6.4	0.6.4	2.2.3	rustc 1.93.0 (254b59607 2026-01-19)	Apple M2	Darwin 25.5.0 Darwin Kernel Version 25.5.0: Tue Jun  9 22:27:52 PDT 2026; root:xnu-12377.121.10~1/RELEASE_ARM64_T8112	aarch64	64	ta-core=default(f64,std); ta-benchmarks=catalogue-matrix	4c83bdfcb2569e9d106c8547f98a1d06f289a397	false
fast-ta	Momentum Indicators	RSI: Relative Strength Index	RSI	Owned Compact Output	timeperiod=14	65536	float	1	346775	345588.86666666664	349141.6666666667	188987095.37884796	31	0	0	0	14	65522	fnv1a64:b3cd1ba41e0575e9	verified		measured		unavailable	separate Rust execution cost; not aggregated with the direct C kernel	288	15	IndicatorConfig::compute; API-owned Compact Output allocation included	catalogue_fixture_v1:f64le	fnv1a64:a4171d0a7611733a	0.6.4	43f9d5042ecc4bd367941846494ad907bf20ea50	3.12.13	0.6.4	0.6.4	2.2.3	rustc 1.93.0 (254b59607 2026-01-19)	Apple M2	Darwin 25.5.0 Darwin Kernel Version 25.5.0: Tue Jun  9 22:27:52 PDT 2026; root:xnu-12377.121.10~1/RELEASE_ARM64_T8112	aarch64	64	ta-core=default(f64,std); ta-benchmarks=catalogue-matrix	4c83bdfcb2569e9d106c8547f98a1d06f289a397	false
fast-ta	Momentum Indicators	RSI: Relative Strength Index	RSI	caller-owned Batch Computation	timeperiod=14	65536	float	1	342316.6666666667	340580.5333333333	345577.8	191448463.89795023	31	0	0	0	14	65522	fnv1a64:b3cd1ba41e0575e9	verified		measured		comparable	primary caller-owned Rust/C kernel	291	15	IndicatorConfig::compute_into; caller output allocation excluded	catalogue_fixture_v1:f64le	fnv1a64:a4171d0a7611733a	0.6.4	43f9d5042ecc4bd367941846494ad907bf20ea50	3.12.13	0.6.4	0.6.4	2.2.3	rustc 1.93.0 (254b59607 2026-01-19)	Apple M2	Darwin 25.5.0 Darwin Kernel Version 25.5.0: Tue Jun  9 22:27:52 PDT 2026; root:xnu-12377.121.10~1/RELEASE_ARM64_T8112	aarch64	64	ta-core=default(f64,std); ta-benchmarks=catalogue-matrix	4c83bdfcb2569e9d106c8547f98a1d06f289a397	false
fast-ta	Momentum Indicators	RSI: Relative Strength Index	RSI	Prepared Batch Runner	timeperiod=14	65536	float	1	341571.4285714286	340479.14285714284	343678.5714285714	191866164.78460896	31	0	0	0	14	65522	fnv1a64:b3cd1ba41e0575e9	verified		measured		unavailable	separate Rust execution cost; not aggregated with the direct C kernel	291	14	PreparedBatchRunner::compute_into; preparation and caller output allocation excluded	catalogue_fixture_v1:f64le	fnv1a64:a4171d0a7611733a	0.6.4	43f9d5042ecc4bd367941846494ad907bf20ea50	3.12.13	0.6.4	0.6.4	2.2.3	rustc 1.93.0 (254b59607 2026-01-19)	Apple M2	Darwin 25.5.0 Darwin Kernel Version 25.5.0: Tue Jun  9 22:27:52 PDT 2026; root:xnu-12377.121.10~1/RELEASE_ARM64_T8112	aarch64	64	ta-core=default(f64,std); ta-benchmarks=catalogue-matrix	4c83bdfcb2569e9d106c8547f98a1d06f289a397	false
fast-ta	Momentum Indicators	RSI: Relative Strength Index	RSI	Streaming Computation	timeperiod=14	65536	float	1	580444.4444444445	578560.2222222222	587069.4444444445	112906584.99234302	31	0	0	0	14	65522	fnv1a64:b3cd1ba41e0575e9	verified		measured		unavailable	separate Rust execution cost; not aggregated with the direct C kernel	172	9	StreamingComputation::reset plus one next call per observation; stream and output allocation excluded	catalogue_fixture_v1:f64le	fnv1a64:a4171d0a7611733a	0.6.4	43f9d5042ecc4bd367941846494ad907bf20ea50	3.12.13	0.6.4	0.6.4	2.2.3	rustc 1.93.0 (254b59607 2026-01-19)	Apple M2	Darwin 25.5.0 Darwin Kernel Version 25.5.0: Tue Jun  9 22:27:52 PDT 2026; root:xnu-12377.121.10~1/RELEASE_ARM64_T8112	aarch64	64	ta-core=default(f64,std); ta-benchmarks=catalogue-matrix	4c83bdfcb2569e9d106c8547f98a1d06f289a397	false
TA-Lib C	Momentum Indicators	RSI: Relative Strength Index	RSI	direct C caller-owned	timeperiod=14	65536	float	1	368589.28571428574	367669.64285714284	372800.64285714284	177802238.26365	31	0	0	0	14	65522	fnv1a64:b3cd1ba41e0575e9	verified		measured		comparable	primary caller-owned Rust/C kernel	270	14	direct TA_RSI call; caller output allocation excluded	catalogue_fixture_v1:f64le	fnv1a64:a4171d0a7611733a	0.6.4	43f9d5042ecc4bd367941846494ad907bf20ea50	3.12.13	0.6.4	0.6.4	2.2.3	rustc 1.93.0 (254b59607 2026-01-19)	Apple M2	Darwin 25.5.0 Darwin Kernel Version 25.5.0: Tue Jun  9 22:27:52 PDT 2026; root:xnu-12377.121.10~1/RELEASE_ARM64_T8112	aarch64	64	ta-core=default(f64,std); ta-benchmarks=catalogue-matrix	4c83bdfcb2569e9d106c8547f98a1d06f289a397	false
TA-Lib Python	Momentum Indicators	RSI: Relative Strength Index	RSI	official Python NumPy API	timeperiod=14	65536	float	1	369446.431120325	368651.784291225	372193.429419505	177389722.78407416	31	0	0	0	14	65522	fnv1a64:b3cd1ba41e0575e9	verified		measured		unavailable	user-facing Python API cost; not aggregated with caller-owned kernels	270	14	direct talib.RSI NumPy API expression including API-owned output; fixture loading excluded	catalogue_fixture_v1:f64le	fnv1a64:a4171d0a7611733a	0.6.4	43f9d5042ecc4bd367941846494ad907bf20ea50	3.12.13	0.6.4	0.6.4	2.2.3	rustc 1.93.0 (254b59607 2026-01-19)	Apple M2	Darwin 25.5.0 Darwin Kernel Version 25.5.0: Tue Jun  9 22:27:52 PDT 2026; root:xnu-12377.121.10~1/RELEASE_ARM64_T8112	aarch64	64	ta-core=default(f64,std); ta-benchmarks=catalogue-matrix	4c83bdfcb2569e9d106c8547f98a1d06f289a397	false
fast-ta	Momentum Indicators	MACD: Moving Average Convergence/Divergence	MACD	Owned Compact Output	fastperiod=12;slowperiod=26;signalperiod=9	65536	float	3	215826.375	215296.875	217690.95833333334	303651488.3781002	31	0	0	0	33	65503	fnv1a64:69846d5bb019b909	verified		measured		unavailable	separate Rust execution cost; not aggregated with the direct C kernel	461	24	IndicatorConfig::compute; API-owned Compact Output allocation included	catalogue_fixture_v1:f64le	fnv1a64:a4171d0a7611733a	0.6.4	43f9d5042ecc4bd367941846494ad907bf20ea50	3.12.13	0.6.4	0.6.4	2.2.3	rustc 1.93.0 (254b59607 2026-01-19)	Apple M2	Darwin 25.5.0 Darwin Kernel Version 25.5.0: Tue Jun  9 22:27:52 PDT 2026; root:xnu-12377.121.10~1/RELEASE_ARM64_T8112	aarch64	64	ta-core=default(f64,std); ta-benchmarks=catalogue-matrix	4c83bdfcb2569e9d106c8547f98a1d06f289a397	false
fast-ta	Momentum Indicators	MACD: Moving Average Convergence/Divergence	MACD	caller-owned Batch Computation	fastperiod=12;slowperiod=26;signalperiod=9	65536	float	3	206568.36	206031.68	207900	317260591.11860114	31	1	0	1	33	65503	fnv1a64:69846d5bb019b909	verified		measured		comparable	primary caller-owned Rust/C kernel	483	25	IndicatorConfig::compute_into; caller output allocation excluded	catalogue_fixture_v1:f64le	fnv1a64:a4171d0a7611733a	0.6.4	43f9d5042ecc4bd367941846494ad907bf20ea50	3.12.13	0.6.4	0.6.4	2.2.3	rustc 1.93.0 (254b59607 2026-01-19)	Apple M2	Darwin 25.5.0 Darwin Kernel Version 25.5.0: Tue Jun  9 22:27:52 PDT 2026; root:xnu-12377.121.10~1/RELEASE_ARM64_T8112	aarch64	64	ta-core=default(f64,std); ta-benchmarks=catalogue-matrix	4c83bdfcb2569e9d106c8547f98a1d06f289a397	false
fast-ta	Momentum Indicators	MACD: Moving Average Convergence/Divergence	MACD	Prepared Batch Runner	fastperiod=12;slowperiod=26;signalperiod=9	65536	float	3	206434.04166666666	205826.375	208182.29166666666	317467019.8330096	31	0	0	0	33	65503	fnv1a64:69846d5bb019b909	verified		measured		unavailable	separate Rust execution cost; not aggregated with the direct C kernel	481	24	PreparedBatchRunner::compute_into; preparation and caller output allocation excluded	catalogue_fixture_v1:f64le	fnv1a64:a4171d0a7611733a	0.6.4	43f9d5042ecc4bd367941846494ad907bf20ea50	3.12.13	0.6.4	0.6.4	2.2.3	rustc 1.93.0 (254b59607 2026-01-19)	Apple M2	Darwin 25.5.0 Darwin Kernel Version 25.5.0: Tue Jun  9 22:27:52 PDT 2026; root:xnu-12377.121.10~1/RELEASE_ARM64_T8112	aarch64	64	ta-core=default(f64,std); ta-benchmarks=catalogue-matrix	4c83bdfcb2569e9d106c8547f98a1d06f289a397	false
fast-ta	Momentum Indicators	MACD: Moving Average Convergence/Divergence	MACD	Streaming Computation	fastperiod=12;slowperiod=26;signalperiod=9	65536	float	3	986743.1666666666	980847.1666666666	995256.8333333334	66416472.10123405	31	0	0	0	33	65503	fnv1a64:69846d5bb019b909	verified		measured		unavailable	separate Rust execution cost; not aggregated with the direct C kernel	101	6	StreamingComputation::reset plus one next call per observation; stream and output allocation excluded	catalogue_fixture_v1:f64le	fnv1a64:a4171d0a7611733a	0.6.4	43f9d5042ecc4bd367941846494ad907bf20ea50	3.12.13	0.6.4	0.6.4	2.2.3	rustc 1.93.0 (254b59607 2026-01-19)	Apple M2	Darwin 25.5.0 Darwin Kernel Version 25.5.0: Tue Jun  9 22:27:52 PDT 2026; root:xnu-12377.121.10~1/RELEASE_ARM64_T8112	aarch64	64	ta-core=default(f64,std); ta-benchmarks=catalogue-matrix	4c83bdfcb2569e9d106c8547f98a1d06f289a397	false
TA-Lib C	Momentum Indicators	MACD: Moving Average Convergence/Divergence	MACD	direct C caller-owned	fastperiod=12;slowperiod=26;signalperiod=9	65536	float	3	444215.9090909091	443181.8181818182	446140.0909090909	147531861.55381033	31	3	0	3	33	65503	fnv1a64:3d060218c024f918	verified		measured		comparable	primary caller-owned Rust/C kernel	223	11	direct TA_MACD call; caller output allocation excluded	catalogue_fixture_v1:f64le	fnv1a64:a4171d0a7611733a	0.6.4	43f9d5042ecc4bd367941846494ad907bf20ea50	3.12.13	0.6.4	0.6.4	2.2.3	rustc 1.93.0 (254b59607 2026-01-19)	Apple M2	Darwin 25.5.0 Darwin Kernel Version 25.5.0: Tue Jun  9 22:27:52 PDT 2026; root:xnu-12377.121.10~1/RELEASE_ARM64_T8112	aarch64	64	ta-core=default(f64,std); ta-benchmarks=catalogue-matrix	4c83bdfcb2569e9d106c8547f98a1d06f289a397	false
TA-Lib Python	Momentum Indicators	MACD: Moving Average Convergence/Divergence	MACD	official Python NumPy API	fastperiod=12;slowperiod=26;signalperiod=9	65536	float	3	448874.998255633	446826.331123399	451305.585253673	146000557.51529613	31	0	0	0	33	65503	fnv1a64:3d060218c024f918	verified		measured		unavailable	user-facing Python API cost; not aggregated with caller-owned kernels	217	12	direct talib.MACD NumPy API expression including API-owned output; fixture loading excluded	catalogue_fixture_v1:f64le	fnv1a64:a4171d0a7611733a	0.6.4	43f9d5042ecc4bd367941846494ad907bf20ea50	3.12.13	0.6.4	0.6.4	2.2.3	rustc 1.93.0 (254b59607 2026-01-19)	Apple M2	Darwin 25.5.0 Darwin Kernel Version 25.5.0: Tue Jun  9 22:27:52 PDT 2026; root:xnu-12377.121.10~1/RELEASE_ARM64_T8112	aarch64	64	ta-core=default(f64,std); ta-benchmarks=catalogue-matrix	4c83bdfcb2569e9d106c8547f98a1d06f289a397	false
fast-ta	Volatility Indicators	ATR: Average True Range	ATR	Owned Compact Output	timeperiod=14	65536	float	1	360894.23076923075	358019.23076923075	362051.3076923077	181593371.16670665	31	1	0	1	14	65522	fnv1a64:a4ba80c09e461d2a	verified		measured		unavailable	separate Rust execution cost; not aggregated with the direct C kernel	277	13	IndicatorConfig::compute; API-owned Compact Output allocation included	catalogue_fixture_v1:f64le	fnv1a64:a4171d0a7611733a	0.6.4	43f9d5042ecc4bd367941846494ad907bf20ea50	3.12.13	0.6.4	0.6.4	2.2.3	rustc 1.93.0 (254b59607 2026-01-19)	Apple M2	Darwin 25.5.0 Darwin Kernel Version 25.5.0: Tue Jun  9 22:27:52 PDT 2026; root:xnu-12377.121.10~1/RELEASE_ARM64_T8112	aarch64	64	ta-core=default(f64,std); ta-benchmarks=catalogue-matrix	4c83bdfcb2569e9d106c8547f98a1d06f289a397	false
fast-ta	Volatility Indicators	ATR: Average True Range	ATR	caller-owned Batch Computation	timeperiod=14	65536	float	1	355419.4666666667	354291.6666666667	358252.73333333334	184390575.49276987	31	0	0	0	14	65522	fnv1a64:a4ba80c09e461d2a	verified		measured		comparable	primary caller-owned Rust/C kernel	281	15	IndicatorConfig::compute_into; caller output allocation excluded	catalogue_fixture_v1:f64le	fnv1a64:a4171d0a7611733a	0.6.4	43f9d5042ecc4bd367941846494ad907bf20ea50	3.12.13	0.6.4	0.6.4	2.2.3	rustc 1.93.0 (254b59607 2026-01-19)	Apple M2	Darwin 25.5.0 Darwin Kernel Version 25.5.0: Tue Jun  9 22:27:52 PDT 2026; root:xnu-12377.121.10~1/RELEASE_ARM64_T8112	aarch64	64	ta-core=default(f64,std); ta-benchmarks=catalogue-matrix	4c83bdfcb2569e9d106c8547f98a1d06f289a397	false
fast-ta	Volatility Indicators	ATR: Average True Range	ATR	Prepared Batch Runner	timeperiod=14	65536	float	1	355130.9285714286	353098.21428571426	359511.9285714286	184540389.83208004	31	0	0	0	14	65522	fnv1a64:a4ba80c09e461d2a	verified		measured		unavailable	separate Rust execution cost; not aggregated with the direct C kernel	281	14	PreparedBatchRunner::compute_into; preparation and caller output allocation excluded	catalogue_fixture_v1:f64le	fnv1a64:a4171d0a7611733a	0.6.4	43f9d5042ecc4bd367941846494ad907bf20ea50	3.12.13	0.6.4	0.6.4	2.2.3	rustc 1.93.0 (254b59607 2026-01-19)	Apple M2	Darwin 25.5.0 Darwin Kernel Version 25.5.0: Tue Jun  9 22:27:52 PDT 2026; root:xnu-12377.121.10~1/RELEASE_ARM64_T8112	aarch64	64	ta-core=default(f64,std); ta-benchmarks=catalogue-matrix	4c83bdfcb2569e9d106c8547f98a1d06f289a397	false
fast-ta	Volatility Indicators	ATR: Average True Range	ATR	Streaming Computation	timeperiod=14	65536	float	1	562685.2222222222	560444.4444444445	568287	116470092.71218741	31	0	0	0	14	65522	fnv1a64:a4ba80c09e461d2a	verified		measured		unavailable	separate Rust execution cost; not aggregated with the direct C kernel	177	9	StreamingComputation::reset plus one next call per observation; stream and output allocation excluded	catalogue_fixture_v1:f64le	fnv1a64:a4171d0a7611733a	0.6.4	43f9d5042ecc4bd367941846494ad907bf20ea50	3.12.13	0.6.4	0.6.4	2.2.3	rustc 1.93.0 (254b59607 2026-01-19)	Apple M2	Darwin 25.5.0 Darwin Kernel Version 25.5.0: Tue Jun  9 22:27:52 PDT 2026; root:xnu-12377.121.10~1/RELEASE_ARM64_T8112	aarch64	64	ta-core=default(f64,std); ta-benchmarks=catalogue-matrix	4c83bdfcb2569e9d106c8547f98a1d06f289a397	false
TA-Lib C	Volatility Indicators	ATR: Average True Range	ATR	direct C caller-owned	timeperiod=14	65536	float	1	351219.4666666667	349738.86666666664	354775	186595579.74387145	31	0	0	0	14	65522	fnv1a64:a4ba80c09e461d2a	verified		measured		comparable	primary caller-owned Rust/C kernel	284	15	direct TA_ATR call; caller output allocation excluded	catalogue_fixture_v1:f64le	fnv1a64:a4171d0a7611733a	0.6.4	43f9d5042ecc4bd367941846494ad907bf20ea50	3.12.13	0.6.4	0.6.4	2.2.3	rustc 1.93.0 (254b59607 2026-01-19)	Apple M2	Darwin 25.5.0 Darwin Kernel Version 25.5.0: Tue Jun  9 22:27:52 PDT 2026; root:xnu-12377.121.10~1/RELEASE_ARM64_T8112	aarch64	64	ta-core=default(f64,std); ta-benchmarks=catalogue-matrix	4c83bdfcb2569e9d106c8547f98a1d06f289a397	false
TA-Lib Python	Volatility Indicators	ATR: Average True Range	ATR	official Python NumPy API	timeperiod=14	65536	float	1	351927.798086156	350677.800209572	353936.06328095	186220015.45884144	31	1	0	1	14	65522	fnv1a64:a4ba80c09e461d2a	verified		measured		unavailable	user-facing Python API cost; not aggregated with caller-owned kernels	283	15	direct talib.ATR NumPy API expression including API-owned output; fixture loading excluded	catalogue_fixture_v1:f64le	fnv1a64:a4171d0a7611733a	0.6.4	43f9d5042ecc4bd367941846494ad907bf20ea50	3.12.13	0.6.4	0.6.4	2.2.3	rustc 1.93.0 (254b59607 2026-01-19)	Apple M2	Darwin 25.5.0 Darwin Kernel Version 25.5.0: Tue Jun  9 22:27:52 PDT 2026; root:xnu-12377.121.10~1/RELEASE_ARM64_T8112	aarch64	64	ta-core=default(f64,std); ta-benchmarks=catalogue-matrix	4c83bdfcb2569e9d106c8547f98a1d06f289a397	false
fast-ta	Momentum Indicators	ADX: Average Directional Movement Index	ADX	Owned Compact Output	timeperiod=14	65536	float	1	421208.3333333333	419684	423072.9166666667	155590463.9430211	31	0	0	0	27	65509	fnv1a64:a2c7455499facb3b	verified		measured		unavailable	separate Rust execution cost; not aggregated with the direct C kernel	236	12	IndicatorConfig::compute; API-owned Compact Output allocation included	catalogue_fixture_v1:f64le	fnv1a64:a4171d0a7611733a	0.6.4	43f9d5042ecc4bd367941846494ad907bf20ea50	3.12.13	0.6.4	0.6.4	2.2.3	rustc 1.93.0 (254b59607 2026-01-19)	Apple M2	Darwin 25.5.0 Darwin Kernel Version 25.5.0: Tue Jun  9 22:27:52 PDT 2026; root:xnu-12377.121.10~1/RELEASE_ARM64_T8112	aarch64	64	ta-core=default(f64,std); ta-benchmarks=catalogue-matrix	4c83bdfcb2569e9d106c8547f98a1d06f289a397	false
fast-ta	Momentum Indicators	ADX: Average Directional Movement Index	ADX	caller-owned Batch Computation	timeperiod=14	65536	float	1	417637.76923076925	416378.1538461539	420589.76923076925	156920673.43599743	31	0	0	0	27	65509	fnv1a64:a2c7455499facb3b	verified		measured		comparable	primary caller-owned Rust/C kernel	239	13	IndicatorConfig::compute_into; caller output allocation excluded	catalogue_fixture_v1:f64le	fnv1a64:a4171d0a7611733a	0.6.4	43f9d5042ecc4bd367941846494ad907bf20ea50	3.12.13	0.6.4	0.6.4	2.2.3	rustc 1.93.0 (254b59607 2026-01-19)	Apple M2	Darwin 25.5.0 Darwin Kernel Version 25.5.0: Tue Jun  9 22:27:52 PDT 2026; root:xnu-12377.121.10~1/RELEASE_ARM64_T8112	aarch64	64	ta-core=default(f64,std); ta-benchmarks=catalogue-matrix	4c83bdfcb2569e9d106c8547f98a1d06f289a397	false
fast-ta	Momentum Indicators	ADX: Average Directional Movement Index	ADX	Prepared Batch Runner	timeperiod=14	65536	float	1	417801.3076923077	417278.8461538461	420951.92307692306	156859250.5418015	31	0	0	0	27	65509	fnv1a64:a2c7455499facb3b	verified		measured		unavailable	separate Rust execution cost; not aggregated with the direct C kernel	239	13	PreparedBatchRunner::compute_into; preparation and caller output allocation excluded	catalogue_fixture_v1:f64le	fnv1a64:a4171d0a7611733a	0.6.4	43f9d5042ecc4bd367941846494ad907bf20ea50	3.12.13	0.6.4	0.6.4	2.2.3	rustc 1.93.0 (254b59607 2026-01-19)	Apple M2	Darwin 25.5.0 Darwin Kernel Version 25.5.0: Tue Jun  9 22:27:52 PDT 2026; root:xnu-12377.121.10~1/RELEASE_ARM64_T8112	aarch64	64	ta-core=default(f64,std); ta-benchmarks=catalogue-matrix	4c83bdfcb2569e9d106c8547f98a1d06f289a397	false
fast-ta	Momentum Indicators	ADX: Average Directional Movement Index	ADX	Streaming Computation	timeperiod=14	65536	float	1	875270.8333333334	870652.6666666666	882298.5	74875110.0849737	31	0	0	0	27	65509	fnv1a64:a2c7455499facb3b	verified		measured		unavailable	separate Rust execution cost; not aggregated with the direct C kernel	115	6	StreamingComputation::reset plus one next call per observation; stream and output allocation excluded	catalogue_fixture_v1:f64le	fnv1a64:a4171d0a7611733a	0.6.4	43f9d5042ecc4bd367941846494ad907bf20ea50	3.12.13	0.6.4	0.6.4	2.2.3	rustc 1.93.0 (254b59607 2026-01-19)	Apple M2	Darwin 25.5.0 Darwin Kernel Version 25.5.0: Tue Jun  9 22:27:52 PDT 2026; root:xnu-12377.121.10~1/RELEASE_ARM64_T8112	aarch64	64	ta-core=default(f64,std); ta-benchmarks=catalogue-matrix	4c83bdfcb2569e9d106c8547f98a1d06f289a397	false
TA-Lib C	Momentum Indicators	ADX: Average Directional Movement Index	ADX	direct C caller-owned	timeperiod=14	65536	float	1	394878.23076923075	391676.3076923077	397442.3076923077	165965087.19241005	31	0	0	0	27	65509	fnv1a64:afebef904b1e6370	verified		measured		comparable	primary caller-owned Rust/C kernel	253	13	direct TA_ADX call; caller output allocation excluded	catalogue_fixture_v1:f64le	fnv1a64:a4171d0a7611733a	0.6.4	43f9d5042ecc4bd367941846494ad907bf20ea50	3.12.13	0.6.4	0.6.4	2.2.3	rustc 1.93.0 (254b59607 2026-01-19)	Apple M2	Darwin 25.5.0 Darwin Kernel Version 25.5.0: Tue Jun  9 22:27:52 PDT 2026; root:xnu-12377.121.10~1/RELEASE_ARM64_T8112	aarch64	64	ta-core=default(f64,std); ta-benchmarks=catalogue-matrix	4c83bdfcb2569e9d106c8547f98a1d06f289a397	false
TA-Lib Python	Momentum Indicators	ADX: Average Directional Movement Index	ADX	official Python NumPy API	timeperiod=14	65536	float	1	396564.150623118	393349.38628599	398782.077424515	165259517.02145496	31	0	0	0	27	65509	fnv1a64:afebef904b1e6370	verified		measured		unavailable	user-facing Python API cost; not aggregated with caller-owned kernels	253	13	direct talib.ADX NumPy API expression including API-owned output; fixture loading excluded	catalogue_fixture_v1:f64le	fnv1a64:a4171d0a7611733a	0.6.4	43f9d5042ecc4bd367941846494ad907bf20ea50	3.12.13	0.6.4	0.6.4	2.2.3	rustc 1.93.0 (254b59607 2026-01-19)	Apple M2	Darwin 25.5.0 Darwin Kernel Version 25.5.0: Tue Jun  9 22:27:52 PDT 2026; root:xnu-12377.121.10~1/RELEASE_ARM64_T8112	aarch64	64	ta-core=default(f64,std); ta-benchmarks=catalogue-matrix	4c83bdfcb2569e9d106c8547f98a1d06f289a397	false
fast-ta	Cycle Indicators	HT_DCPHASE: Hilbert Transform Dominant Cycle Phase	HT_DCPHASE	Owned Compact Output	none	65536	float	1	7176833	7149083	7215084	9131604.42774689	31	0	0	0	63	65473	fnv1a64:26f4c48e9a13e773	verified		measured		unavailable	separate Rust execution cost; not aggregated with the direct C kernel	14	1	IndicatorConfig::compute; API-owned Compact Output allocation included	catalogue_fixture_v1:f64le	fnv1a64:a4171d0a7611733a	0.6.4	43f9d5042ecc4bd367941846494ad907bf20ea50	3.12.13	0.6.4	0.6.4	2.2.3	rustc 1.93.0 (254b59607 2026-01-19)	Apple M2	Darwin 25.5.0 Darwin Kernel Version 25.5.0: Tue Jun  9 22:27:52 PDT 2026; root:xnu-12377.121.10~1/RELEASE_ARM64_T8112	aarch64	64	ta-core=default(f64,std); ta-benchmarks=catalogue-matrix	4c83bdfcb2569e9d106c8547f98a1d06f289a397	false
fast-ta	Cycle Indicators	HT_DCPHASE: Hilbert Transform Dominant Cycle Phase	HT_DCPHASE	caller-owned Batch Computation	none	65536	float	1	7184708	7137209	7209417	9121595.477505837	31	0	0	0	63	65473	fnv1a64:26f4c48e9a13e773	verified		measured		comparable	primary caller-owned Rust/C kernel	14	1	IndicatorConfig::compute_into; caller output allocation excluded	catalogue_fixture_v1:f64le	fnv1a64:a4171d0a7611733a	0.6.4	43f9d5042ecc4bd367941846494ad907bf20ea50	3.12.13	0.6.4	0.6.4	2.2.3	rustc 1.93.0 (254b59607 2026-01-19)	Apple M2	Darwin 25.5.0 Darwin Kernel Version 25.5.0: Tue Jun  9 22:27:52 PDT 2026; root:xnu-12377.121.10~1/RELEASE_ARM64_T8112	aarch64	64	ta-core=default(f64,std); ta-benchmarks=catalogue-matrix	4c83bdfcb2569e9d106c8547f98a1d06f289a397	false
fast-ta	Cycle Indicators	HT_DCPHASE: Hilbert Transform Dominant Cycle Phase	HT_DCPHASE	Prepared Batch Runner	none	65536	float	1	7194334	7163084	7242334	9109390.806709835	31	1	0	1	63	65473	fnv1a64:26f4c48e9a13e773	verified		measured		unavailable	separate Rust execution cost; not aggregated with the direct C kernel	14	1	PreparedBatchRunner::compute_into; preparation and caller output allocation excluded	catalogue_fixture_v1:f64le	fnv1a64:a4171d0a7611733a	0.6.4	43f9d5042ecc4bd367941846494ad907bf20ea50	3.12.13	0.6.4	0.6.4	2.2.3	rustc 1.93.0 (254b59607 2026-01-19)	Apple M2	Darwin 25.5.0 Darwin Kernel Version 25.5.0: Tue Jun  9 22:27:52 PDT 2026; root:xnu-12377.121.10~1/RELEASE_ARM64_T8112	aarch64	64	ta-core=default(f64,std); ta-benchmarks=catalogue-matrix	4c83bdfcb2569e9d106c8547f98a1d06f289a397	false
fast-ta	Cycle Indicators	HT_DCPHASE: Hilbert Transform Dominant Cycle Phase	HT_DCPHASE	Streaming Computation	none	65536	float	1	6966750	6930208	7000917	9406968.816162486	31	1	0	1	63	65473	fnv1a64:26f4c48e9a13e773	verified		measured		unavailable	separate Rust execution cost; not aggregated with the direct C kernel	15	1	StreamingComputation::reset plus one next call per observation; stream and output allocation excluded	catalogue_fixture_v1:f64le	fnv1a64:a4171d0a7611733a	0.6.4	43f9d5042ecc4bd367941846494ad907bf20ea50	3.12.13	0.6.4	0.6.4	2.2.3	rustc 1.93.0 (254b59607 2026-01-19)	Apple M2	Darwin 25.5.0 Darwin Kernel Version 25.5.0: Tue Jun  9 22:27:52 PDT 2026; root:xnu-12377.121.10~1/RELEASE_ARM64_T8112	aarch64	64	ta-core=default(f64,std); ta-benchmarks=catalogue-matrix	4c83bdfcb2569e9d106c8547f98a1d06f289a397	false
TA-Lib C	Cycle Indicators	HT_DCPHASE: Hilbert Transform Dominant Cycle Phase	HT_DCPHASE	direct C caller-owned	none	65536	float	1	5847750	5811833	5873334	11207045.444829207	31	0	0	0	63	65473	fnv1a64:01c2e65ea4391c50	verified		measured		comparable	primary caller-owned Rust/C kernel	18	1	direct TA_HT_DCPHASE call; caller output allocation excluded	catalogue_fixture_v1:f64le	fnv1a64:a4171d0a7611733a	0.6.4	43f9d5042ecc4bd367941846494ad907bf20ea50	3.12.13	0.6.4	0.6.4	2.2.3	rustc 1.93.0 (254b59607 2026-01-19)	Apple M2	Darwin 25.5.0 Darwin Kernel Version 25.5.0: Tue Jun  9 22:27:52 PDT 2026; root:xnu-12377.121.10~1/RELEASE_ARM64_T8112	aarch64	64	ta-core=default(f64,std); ta-benchmarks=catalogue-matrix	4c83bdfcb2569e9d106c8547f98a1d06f289a397	false
TA-Lib Python	Cycle Indicators	HT_DCPHASE: Hilbert Transform Dominant Cycle Phase	HT_DCPHASE	official Python NumPy API	none	65536	float	1	5913000.029977411	5889999.971259385	5953832.995146513	11083375.556866074	31	0	0	0	63	65473	fnv1a64:01c2e65ea4391c50	verified		measured		unavailable	user-facing Python API cost; not aggregated with caller-owned kernels	17	1	direct talib.HT_DCPHASE NumPy API expression including API-owned output; fixture loading excluded	catalogue_fixture_v1:f64le	fnv1a64:a4171d0a7611733a	0.6.4	43f9d5042ecc4bd367941846494ad907bf20ea50	3.12.13	0.6.4	0.6.4	2.2.3	rustc 1.93.0 (254b59607 2026-01-19)	Apple M2	Darwin 25.5.0 Darwin Kernel Version 25.5.0: Tue Jun  9 22:27:52 PDT 2026; root:xnu-12377.121.10~1/RELEASE_ARM64_T8112	aarch64	64	ta-core=default(f64,std); ta-benchmarks=catalogue-matrix	4c83bdfcb2569e9d106c8547f98a1d06f289a397	false
fast-ta	Pattern Recognition	CDLDOJI: Doji	CDLDOJI	Owned Compact Output	candle_settings=TA-Lib defaults	65536	integer	1	237962.13636363635	237486.72727272726	239628.77272727274	275405158.99492794	31	0	0	0	10	65526	fnv1a64:b84f1c58fca059ac	verified		measured		unavailable	separate Rust execution cost; not aggregated with the direct C kernel	418	22	IndicatorConfig::compute; API-owned Compact Output allocation included	catalogue_fixture_v1:f64le	fnv1a64:a4171d0a7611733a	0.6.4	43f9d5042ecc4bd367941846494ad907bf20ea50	3.12.13	0.6.4	0.6.4	2.2.3	rustc 1.93.0 (254b59607 2026-01-19)	Apple M2	Darwin 25.5.0 Darwin Kernel Version 25.5.0: Tue Jun  9 22:27:52 PDT 2026; root:xnu-12377.121.10~1/RELEASE_ARM64_T8112	aarch64	64	ta-core=default(f64,std); ta-benchmarks=catalogue-matrix	4c83bdfcb2569e9d106c8547f98a1d06f289a397	false
fast-ta	Pattern Recognition	CDLDOJI: Doji	CDLDOJI	caller-owned Batch Computation	candle_settings=TA-Lib defaults	65536	integer	1	228929.34782608695	227614.13043478262	229672.13043478262	286271728.03456545	31	1	0	1	10	65526	fnv1a64:b84f1c58fca059ac	verified		measured		comparable	primary caller-owned Rust/C kernel	438	23	IndicatorConfig::compute_into; caller output allocation excluded	catalogue_fixture_v1:f64le	fnv1a64:a4171d0a7611733a	0.6.4	43f9d5042ecc4bd367941846494ad907bf20ea50	3.12.13	0.6.4	0.6.4	2.2.3	rustc 1.93.0 (254b59607 2026-01-19)	Apple M2	Darwin 25.5.0 Darwin Kernel Version 25.5.0: Tue Jun  9 22:27:52 PDT 2026; root:xnu-12377.121.10~1/RELEASE_ARM64_T8112	aarch64	64	ta-core=default(f64,std); ta-benchmarks=catalogue-matrix	4c83bdfcb2569e9d106c8547f98a1d06f289a397	false
fast-ta	Pattern Recognition	CDLDOJI: Doji	CDLDOJI	Prepared Batch Runner	candle_settings=TA-Lib defaults	65536	integer	1	228007.95238095237	226519.80952380953	230601.19047619047	287428571.3092296	31	0	0	0	10	65526	fnv1a64:b84f1c58fca059ac	verified		measured		unavailable	separate Rust execution cost; not aggregated with the direct C kernel	438	21	PreparedBatchRunner::compute_into; preparation and caller output allocation excluded	catalogue_fixture_v1:f64le	fnv1a64:a4171d0a7611733a	0.6.4	43f9d5042ecc4bd367941846494ad907bf20ea50	3.12.13	0.6.4	0.6.4	2.2.3	rustc 1.93.0 (254b59607 2026-01-19)	Apple M2	Darwin 25.5.0 Darwin Kernel Version 25.5.0: Tue Jun  9 22:27:52 PDT 2026; root:xnu-12377.121.10~1/RELEASE_ARM64_T8112	aarch64	64	ta-core=default(f64,std); ta-benchmarks=catalogue-matrix	4c83bdfcb2569e9d106c8547f98a1d06f289a397	false
fast-ta	Pattern Recognition	CDLDOJI: Doji	CDLDOJI	Streaming Computation	candle_settings=TA-Lib defaults	65536	integer	1	655198	653677	662239.625	100024725.35019948	31	0	0	0	10	65526	fnv1a64:b84f1c58fca059ac	verified		measured		unavailable	separate Rust execution cost; not aggregated with the direct C kernel	152	8	StreamingComputation::reset plus one next call per observation; stream and output allocation excluded	catalogue_fixture_v1:f64le	fnv1a64:a4171d0a7611733a	0.6.4	43f9d5042ecc4bd367941846494ad907bf20ea50	3.12.13	0.6.4	0.6.4	2.2.3	rustc 1.93.0 (254b59607 2026-01-19)	Apple M2	Darwin 25.5.0 Darwin Kernel Version 25.5.0: Tue Jun  9 22:27:52 PDT 2026; root:xnu-12377.121.10~1/RELEASE_ARM64_T8112	aarch64	64	ta-core=default(f64,std); ta-benchmarks=catalogue-matrix	4c83bdfcb2569e9d106c8547f98a1d06f289a397	false
TA-Lib C	Pattern Recognition	CDLDOJI: Doji	CDLDOJI	direct C caller-owned	candle_settings=TA-Lib defaults	65536	integer	1	87453.31034482758	87007.89655172414	88189.6551724138	749382724.8115842	31	0	0	0	10	65526	fnv1a64:b84f1c58fca059ac	verified		measured		comparable	primary caller-owned Rust/C kernel	1135	58	direct TA_CDLDOJI call; caller output allocation excluded	catalogue_fixture_v1:f64le	fnv1a64:a4171d0a7611733a	0.6.4	43f9d5042ecc4bd367941846494ad907bf20ea50	3.12.13	0.6.4	0.6.4	2.2.3	rustc 1.93.0 (254b59607 2026-01-19)	Apple M2	Darwin 25.5.0 Darwin Kernel Version 25.5.0: Tue Jun  9 22:27:52 PDT 2026; root:xnu-12377.121.10~1/RELEASE_ARM64_T8112	aarch64	64	ta-core=default(f64,std); ta-benchmarks=catalogue-matrix	4c83bdfcb2569e9d106c8547f98a1d06f289a397	false
TA-Lib Python	Pattern Recognition	CDLDOJI: Doji	CDLDOJI	official Python NumPy API	candle_settings=TA-Lib defaults	65536	integer	1	88158.481438378	87686.767593758	88541.679100932	743388485.4948311	31	2	0	2	10	65526	fnv1a64:b84f1c58fca059ac	verified		measured		unavailable	user-facing Python API cost; not aggregated with caller-owned kernels	1125	56	direct talib.CDLDOJI NumPy API expression including API-owned output; fixture loading excluded	catalogue_fixture_v1:f64le	fnv1a64:a4171d0a7611733a	0.6.4	43f9d5042ecc4bd367941846494ad907bf20ea50	3.12.13	0.6.4	0.6.4	2.2.3	rustc 1.93.0 (254b59607 2026-01-19)	Apple M2	Darwin 25.5.0 Darwin Kernel Version 25.5.0: Tue Jun  9 22:27:52 PDT 2026; root:xnu-12377.121.10~1/RELEASE_ARM64_T8112	aarch64	64	ta-core=default(f64,std); ta-benchmarks=catalogue-matrix	4c83bdfcb2569e9d106c8547f98a1d06f289a397	false
fast-ta	Pattern Recognition	CDLENGULFING: Engulfing Pattern	CDLENGULFING	Owned Compact Output	candle_settings=TA-Lib defaults	65536	integer	1	144340.45714285714	143719.05714285714	145679.74285714285	454037636.41359043	31	0	0	0	2	65534	fnv1a64:cea047aad4b8716c	verified		measured		unavailable	separate Rust execution cost; not aggregated with the direct C kernel	690	35	IndicatorConfig::compute; API-owned Compact Output allocation included	catalogue_fixture_v1:f64le	fnv1a64:a4171d0a7611733a	0.6.4	43f9d5042ecc4bd367941846494ad907bf20ea50	3.12.13	0.6.4	0.6.4	2.2.3	rustc 1.93.0 (254b59607 2026-01-19)	Apple M2	Darwin 25.5.0 Darwin Kernel Version 25.5.0: Tue Jun  9 22:27:52 PDT 2026; root:xnu-12377.121.10~1/RELEASE_ARM64_T8112	aarch64	64	ta-core=default(f64,std); ta-benchmarks=catalogue-matrix	4c83bdfcb2569e9d106c8547f98a1d06f289a397	false
fast-ta	Pattern Recognition	CDLENGULFING: Engulfing Pattern	CDLENGULFING	caller-owned Batch Computation	candle_settings=TA-Lib defaults	65536	integer	1	134126.1052631579	133349.7894736842	135141.44736842104	488614799.2698152	31	2	0	2	2	65534	fnv1a64:cea047aad4b8716c	verified		measured		comparable	primary caller-owned Rust/C kernel	739	38	IndicatorConfig::compute_into; caller output allocation excluded	catalogue_fixture_v1:f64le	fnv1a64:a4171d0a7611733a	0.6.4	43f9d5042ecc4bd367941846494ad907bf20ea50	3.12.13	0.6.4	0.6.4	2.2.3	rustc 1.93.0 (254b59607 2026-01-19)	Apple M2	Darwin 25.5.0 Darwin Kernel Version 25.5.0: Tue Jun  9 22:27:52 PDT 2026; root:xnu-12377.121.10~1/RELEASE_ARM64_T8112	aarch64	64	ta-core=default(f64,std); ta-benchmarks=catalogue-matrix	4c83bdfcb2569e9d106c8547f98a1d06f289a397	false
fast-ta	Pattern Recognition	CDLENGULFING: Engulfing Pattern	CDLENGULFING	Prepared Batch Runner	candle_settings=TA-Lib defaults	65536	integer	1	133711.6052631579	133372.81578947368	134433.1052631579	490129483.30863696	31	1	0	1	2	65534	fnv1a64:cea047aad4b8716c	verified		measured		unavailable	separate Rust execution cost; not aggregated with the direct C kernel	743	38	PreparedBatchRunner::compute_into; preparation and caller output allocation excluded	catalogue_fixture_v1:f64le	fnv1a64:a4171d0a7611733a	0.6.4	43f9d5042ecc4bd367941846494ad907bf20ea50	3.12.13	0.6.4	0.6.4	2.2.3	rustc 1.93.0 (254b59607 2026-01-19)	Apple M2	Darwin 25.5.0 Darwin Kernel Version 25.5.0: Tue Jun  9 22:27:52 PDT 2026; root:xnu-12377.121.10~1/RELEASE_ARM64_T8112	aarch64	64	ta-core=default(f64,std); ta-benchmarks=catalogue-matrix	4c83bdfcb2569e9d106c8547f98a1d06f289a397	false
fast-ta	Pattern Recognition	CDLENGULFING: Engulfing Pattern	CDLENGULFING	Streaming Computation	candle_settings=TA-Lib defaults	65536	integer	1	695973.875	691369.75	698375	94164454.08960214	31	0	0	0	2	65534	fnv1a64:cea047aad4b8716c	verified		measured		unavailable	separate Rust execution cost; not aggregated with the direct C kernel	142	8	StreamingComputation::reset plus one next call per observation; stream and output allocation excluded	catalogue_fixture_v1:f64le	fnv1a64:a4171d0a7611733a	0.6.4	43f9d5042ecc4bd367941846494ad907bf20ea50	3.12.13	0.6.4	0.6.4	2.2.3	rustc 1.93.0 (254b59607 2026-01-19)	Apple M2	Darwin 25.5.0 Darwin Kernel Version 25.5.0: Tue Jun  9 22:27:52 PDT 2026; root:xnu-12377.121.10~1/RELEASE_ARM64_T8112	aarch64	64	ta-core=default(f64,std); ta-benchmarks=catalogue-matrix	4c83bdfcb2569e9d106c8547f98a1d06f289a397	false
TA-Lib C	Pattern Recognition	CDLENGULFING: Engulfing Pattern	CDLENGULFING	direct C caller-owned	candle_settings=TA-Lib defaults	65536	integer	1	62621.91358024691	62389.91358024691	63065.83950617284	1046534611.4985584	31	2	0	2	2	65534	fnv1a64:cea047aad4b8716c	verified		measured		comparable	primary caller-owned Rust/C kernel	1585	81	direct TA_CDLENGULFING call; caller output allocation excluded	catalogue_fixture_v1:f64le	fnv1a64:a4171d0a7611733a	0.6.4	43f9d5042ecc4bd367941846494ad907bf20ea50	3.12.13	0.6.4	0.6.4	2.2.3	rustc 1.93.0 (254b59607 2026-01-19)	Apple M2	Darwin 25.5.0 Darwin Kernel Version 25.5.0: Tue Jun  9 22:27:52 PDT 2026; root:xnu-12377.121.10~1/RELEASE_ARM64_T8112	aarch64	64	ta-core=default(f64,std); ta-benchmarks=catalogue-matrix	4c83bdfcb2569e9d106c8547f98a1d06f289a397	false
TA-Lib Python	Pattern Recognition	CDLENGULFING: Engulfing Pattern	CDLENGULFING	official Python NumPy API	candle_settings=TA-Lib defaults	65536	integer	1	62929.01220329	62619.851913625	63392.999840693	1041427438.7191747	31	0	0	0	2	65534	fnv1a64:cea047aad4b8716c	verified		measured		unavailable	user-facing Python API cost; not aggregated with caller-owned kernels	1590	81	direct talib.CDLENGULFING NumPy API expression including API-owned output; fixture loading excluded	catalogue_fixture_v1:f64le	fnv1a64:a4171d0a7611733a	0.6.4	43f9d5042ecc4bd367941846494ad907bf20ea50	3.12.13	0.6.4	0.6.4	2.2.3	rustc 1.93.0 (254b59607 2026-01-19)	Apple M2	Darwin 25.5.0 Darwin Kernel Version 25.5.0: Tue Jun  9 22:27:52 PDT 2026; root:xnu-12377.121.10~1/RELEASE_ARM64_T8112	aarch64	64	ta-core=default(f64,std); ta-benchmarks=catalogue-matrix	4c83bdfcb2569e9d106c8547f98a1d06f289a397	false
fast-ta	Pattern Recognition	CDL3WHITESOLDIERS: Three Advancing White Soldiers	CDL3WHITESOLDIERS	Owned Compact Output	candle_settings=TA-Lib defaults	65536	integer	1	1416698	1413072.75	1426968.75	46259682.72701733	31	0	0	0	12	65524	fnv1a64:cb1bba177bb14aa8	verified		measured		unavailable	separate Rust execution cost; not aggregated with the direct C kernel	71	4	IndicatorConfig::compute; API-owned Compact Output allocation included	catalogue_fixture_v1:f64le	fnv1a64:a4171d0a7611733a	0.6.4	43f9d5042ecc4bd367941846494ad907bf20ea50	3.12.13	0.6.4	0.6.4	2.2.3	rustc 1.93.0 (254b59607 2026-01-19)	Apple M2	Darwin 25.5.0 Darwin Kernel Version 25.5.0: Tue Jun  9 22:27:52 PDT 2026; root:xnu-12377.121.10~1/RELEASE_ARM64_T8112	aarch64	64	ta-core=default(f64,std); ta-benchmarks=catalogue-matrix	4c83bdfcb2569e9d106c8547f98a1d06f289a397	false
fast-ta	Pattern Recognition	CDL3WHITESOLDIERS: Three Advancing White Soldiers	CDL3WHITESOLDIERS	caller-owned Batch Computation	candle_settings=TA-Lib defaults	65536	integer	1	1403854.25	1400791.75	1412948	46682908.856100984	31	2	0	2	12	65524	fnv1a64:cb1bba177bb14aa8	verified		measured		comparable	primary caller-owned Rust/C kernel	71	4	IndicatorConfig::compute_into; caller output allocation excluded	catalogue_fixture_v1:f64le	fnv1a64:a4171d0a7611733a	0.6.4	43f9d5042ecc4bd367941846494ad907bf20ea50	3.12.13	0.6.4	0.6.4	2.2.3	rustc 1.93.0 (254b59607 2026-01-19)	Apple M2	Darwin 25.5.0 Darwin Kernel Version 25.5.0: Tue Jun  9 22:27:52 PDT 2026; root:xnu-12377.121.10~1/RELEASE_ARM64_T8112	aarch64	64	ta-core=default(f64,std); ta-benchmarks=catalogue-matrix	4c83bdfcb2569e9d106c8547f98a1d06f289a397	false
fast-ta	Pattern Recognition	CDL3WHITESOLDIERS: Three Advancing White Soldiers	CDL3WHITESOLDIERS	Prepared Batch Runner	candle_settings=TA-Lib defaults	65536	integer	1	1406375	1399729	1419718.75	46599235.62350013	31	0	0	0	12	65524	fnv1a64:cb1bba177bb14aa8	verified		measured		unavailable	separate Rust execution cost; not aggregated with the direct C kernel	71	4	PreparedBatchRunner::compute_into; preparation and caller output allocation excluded	catalogue_fixture_v1:f64le	fnv1a64:a4171d0a7611733a	0.6.4	43f9d5042ecc4bd367941846494ad907bf20ea50	3.12.13	0.6.4	0.6.4	2.2.3	rustc 1.93.0 (254b59607 2026-01-19)	Apple M2	Darwin 25.5.0 Darwin Kernel Version 25.5.0: Tue Jun  9 22:27:52 PDT 2026; root:xnu-12377.121.10~1/RELEASE_ARM64_T8112	aarch64	64	ta-core=default(f64,std); ta-benchmarks=catalogue-matrix	4c83bdfcb2569e9d106c8547f98a1d06f289a397	false
fast-ta	Pattern Recognition	CDL3WHITESOLDIERS: Three Advancing White Soldiers	CDL3WHITESOLDIERS	Streaming Computation	candle_settings=TA-Lib defaults	65536	integer	1	1560146	1554416.75	1567854.25	42006325.04906592	31	0	0	0	12	65524	fnv1a64:cb1bba177bb14aa8	verified		measured		unavailable	separate Rust execution cost; not aggregated with the direct C kernel	65	4	StreamingComputation::reset plus one next call per observation; stream and output allocation excluded	catalogue_fixture_v1:f64le	fnv1a64:a4171d0a7611733a	0.6.4	43f9d5042ecc4bd367941846494ad907bf20ea50	3.12.13	0.6.4	0.6.4	2.2.3	rustc 1.93.0 (254b59607 2026-01-19)	Apple M2	Darwin 25.5.0 Darwin Kernel Version 25.5.0: Tue Jun  9 22:27:52 PDT 2026; root:xnu-12377.121.10~1/RELEASE_ARM64_T8112	aarch64	64	ta-core=default(f64,std); ta-benchmarks=catalogue-matrix	4c83bdfcb2569e9d106c8547f98a1d06f289a397	false
TA-Lib C	Pattern Recognition	CDL3WHITESOLDIERS: Three Advancing White Soldiers	CDL3WHITESOLDIERS	direct C caller-owned	candle_settings=TA-Lib defaults	65536	integer	1	320033.875	318916.625	322778.625	204778322.29478833	31	1	0	1	12	65524	fnv1a64:cb1bba177bb14aa8	verified		measured		comparable	primary caller-owned Rust/C kernel	310	16	direct TA_CDL3WHITESOLDIERS call; caller output allocation excluded	catalogue_fixture_v1:f64le	fnv1a64:a4171d0a7611733a	0.6.4	43f9d5042ecc4bd367941846494ad907bf20ea50	3.12.13	0.6.4	0.6.4	2.2.3	rustc 1.93.0 (254b59607 2026-01-19)	Apple M2	Darwin 25.5.0 Darwin Kernel Version 25.5.0: Tue Jun  9 22:27:52 PDT 2026; root:xnu-12377.121.10~1/RELEASE_ARM64_T8112	aarch64	64	ta-core=default(f64,std); ta-benchmarks=catalogue-matrix	4c83bdfcb2569e9d106c8547f98a1d06f289a397	false
TA-Lib Python	Pattern Recognition	CDL3WHITESOLDIERS: Three Advancing White Soldiers	CDL3WHITESOLDIERS	official Python NumPy API	candle_settings=TA-Lib defaults	65536	integer	1	322104.187944205	319596.310873749	323973.999911686	203462117.08166975	31	0	0	0	12	65524	fnv1a64:cb1bba177bb14aa8	verified		measured		unavailable	user-facing Python API cost; not aggregated with caller-owned kernels	311	16	direct talib.CDL3WHITESOLDIERS NumPy API expression including API-owned output; fixture loading excluded	catalogue_fixture_v1:f64le	fnv1a64:a4171d0a7611733a	0.6.4	43f9d5042ecc4bd367941846494ad907bf20ea50	3.12.13	0.6.4	0.6.4	2.2.3	rustc 1.93.0 (254b59607 2026-01-19)	Apple M2	Darwin 25.5.0 Darwin Kernel Version 25.5.0: Tue Jun  9 22:27:52 PDT 2026; root:xnu-12377.121.10~1/RELEASE_ARM64_T8112	aarch64	64	ta-core=default(f64,std); ta-benchmarks=catalogue-matrix	4c83bdfcb2569e9d106c8547f98a1d06f289a397	false
fast-ta	Statistic Functions	LINEARREG: Linear Regression endpoint	LINEARREG	Owned Compact Output	timeperiod=14	65536	float	1	369407.71428571426	368169.64285714284	372270.85714285716	177408314.62255797	31	1	0	1	13	65523	fnv1a64:6e3590c0494b4248	verified		measured		unavailable	separate Rust execution cost; not aggregated with the direct C kernel	270	14	IndicatorConfig::compute; API-owned Compact Output allocation included	catalogue_fixture_v1:f64le	fnv1a64:a4171d0a7611733a	0.6.4	43f9d5042ecc4bd367941846494ad907bf20ea50	3.12.13	0.6.4	0.6.4	2.2.3	rustc 1.93.0 (254b59607 2026-01-19)	Apple M2	Darwin 25.5.0 Darwin Kernel Version 25.5.0: Tue Jun  9 22:27:52 PDT 2026; root:xnu-12377.121.10~1/RELEASE_ARM64_T8112	aarch64	64	ta-core=default(f64,std); ta-benchmarks=catalogue-matrix	4c83bdfcb2569e9d106c8547f98a1d06f289a397	false
fast-ta	Statistic Functions	LINEARREG: Linear Regression endpoint	LINEARREG	caller-owned Batch Computation	timeperiod=14	65536	float	1	362217.28571428574	360651.78571428574	365491.0714285714	180930073.14867437	31	1	0	1	13	65523	fnv1a64:6e3590c0494b4248	verified		measured		comparable	primary caller-owned Rust/C kernel	275	14	IndicatorConfig::compute_into; caller output allocation excluded	catalogue_fixture_v1:f64le	fnv1a64:a4171d0a7611733a	0.6.4	43f9d5042ecc4bd367941846494ad907bf20ea50	3.12.13	0.6.4	0.6.4	2.2.3	rustc 1.93.0 (254b59607 2026-01-19)	Apple M2	Darwin 25.5.0 Darwin Kernel Version 25.5.0: Tue Jun  9 22:27:52 PDT 2026; root:xnu-12377.121.10~1/RELEASE_ARM64_T8112	aarch64	64	ta-core=default(f64,std); ta-benchmarks=catalogue-matrix	4c83bdfcb2569e9d106c8547f98a1d06f289a397	false
fast-ta	Statistic Functions	LINEARREG: Linear Regression endpoint	LINEARREG	Prepared Batch Runner	timeperiod=14	65536	float	1	366940.5	365758.9285714286	369735.14285714284	178601162.8588286	31	0	0	0	13	65523	fnv1a64:6e3590c0494b4248	verified		measured		unavailable	separate Rust execution cost; not aggregated with the direct C kernel	272	14	PreparedBatchRunner::compute_into; preparation and caller output allocation excluded	catalogue_fixture_v1:f64le	fnv1a64:a4171d0a7611733a	0.6.4	43f9d5042ecc4bd367941846494ad907bf20ea50	3.12.13	0.6.4	0.6.4	2.2.3	rustc 1.93.0 (254b59607 2026-01-19)	Apple M2	Darwin 25.5.0 Darwin Kernel Version 25.5.0: Tue Jun  9 22:27:52 PDT 2026; root:xnu-12377.121.10~1/RELEASE_ARM64_T8112	aarch64	64	ta-core=default(f64,std); ta-benchmarks=catalogue-matrix	4c83bdfcb2569e9d106c8547f98a1d06f289a397	false
fast-ta	Statistic Functions	LINEARREG: Linear Regression endpoint	LINEARREG	Streaming Computation	timeperiod=14	65536	float	1	361003	359467.21428571426	365488.14285714284	181538657.57348278	31	1	0	1	13	65523	fnv1a64:6e3590c0494b4248	verified		measured		unavailable	separate Rust execution cost; not aggregated with the direct C kernel	275	14	StreamingComputation::reset plus one next call per observation; stream and output allocation excluded	catalogue_fixture_v1:f64le	fnv1a64:a4171d0a7611733a	0.6.4	43f9d5042ecc4bd367941846494ad907bf20ea50	3.12.13	0.6.4	0.6.4	2.2.3	rustc 1.93.0 (254b59607 2026-01-19)	Apple M2	Darwin 25.5.0 Darwin Kernel Version 25.5.0: Tue Jun  9 22:27:52 PDT 2026; root:xnu-12377.121.10~1/RELEASE_ARM64_T8112	aarch64	64	ta-core=default(f64,std); ta-benchmarks=catalogue-matrix	4c83bdfcb2569e9d106c8547f98a1d06f289a397	false
TA-Lib C	Statistic Functions	LINEARREG: Linear Regression endpoint	LINEARREG	direct C caller-owned	timeperiod=14	65536	float	1	389439.07692307694	387785.23076923075	392625	168283061.1601538	31	0	0	0	13	65523	fnv1a64:a5ae9e210bf80e82	verified		measured		comparable	primary caller-owned Rust/C kernel	256	13	direct TA_LINEARREG call; caller output allocation excluded	catalogue_fixture_v1:f64le	fnv1a64:a4171d0a7611733a	0.6.4	43f9d5042ecc4bd367941846494ad907bf20ea50	3.12.13	0.6.4	0.6.4	2.2.3	rustc 1.93.0 (254b59607 2026-01-19)	Apple M2	Darwin 25.5.0 Darwin Kernel Version 25.5.0: Tue Jun  9 22:27:52 PDT 2026; root:xnu-12377.121.10~1/RELEASE_ARM64_T8112	aarch64	64	ta-core=default(f64,std); ta-benchmarks=catalogue-matrix	4c83bdfcb2569e9d106c8547f98a1d06f289a397	false
TA-Lib Python	Statistic Functions	LINEARREG: Linear Regression endpoint	LINEARREG	official Python NumPy API	timeperiod=14	65536	float	1	389778.847770336	387432.693969458	392500.002187892	168136368.54561916	31	0	0	0	13	65523	fnv1a64:a5ae9e210bf80e82	verified		measured		unavailable	user-facing Python API cost; not aggregated with caller-owned kernels	256	13	direct talib.LINEARREG NumPy API expression including API-owned output; fixture loading excluded	catalogue_fixture_v1:f64le	fnv1a64:a4171d0a7611733a	0.6.4	43f9d5042ecc4bd367941846494ad907bf20ea50	3.12.13	0.6.4	0.6.4	2.2.3	rustc 1.93.0 (254b59607 2026-01-19)	Apple M2	Darwin 25.5.0 Darwin Kernel Version 25.5.0: Tue Jun  9 22:27:52 PDT 2026; root:xnu-12377.121.10~1/RELEASE_ARM64_T8112	aarch64	64	ta-core=default(f64,std); ta-benchmarks=catalogue-matrix	4c83bdfcb2569e9d106c8547f98a1d06f289a397	false
fast-ta	Price Transform	TYPPRICE: Typical Price	TYPPRICE	Owned Compact Output	none	65536	float	1	49602.27272727273	48979.42857142857	50054.11688311688	1321229782.3596792	31	0	0	0	0	65536	fnv1a64:4353ac99036ca1fd	verified		measured		unavailable	separate Rust execution cost; not aggregated with the direct C kernel	1992	77	IndicatorConfig::compute; API-owned Compact Output allocation included	catalogue_fixture_v1:f64le	fnv1a64:a4171d0a7611733a	0.6.4	43f9d5042ecc4bd367941846494ad907bf20ea50	3.12.13	0.6.4	0.6.4	2.2.3	rustc 1.93.0 (254b59607 2026-01-19)	Apple M2	Darwin 25.5.0 Darwin Kernel Version 25.5.0: Tue Jun  9 22:27:52 PDT 2026; root:xnu-12377.121.10~1/RELEASE_ARM64_T8112	aarch64	64	ta-core=default(f64,std); ta-benchmarks=catalogue-matrix	4c83bdfcb2569e9d106c8547f98a1d06f289a397	false
fast-ta	Price Transform	TYPPRICE: Typical Price	TYPPRICE	caller-owned Batch Computation	none	65536	float	1	45572.544642857145	45239.205357142855	45728.419642857145	1438058824.9699998	31	0	0	0	0	65536	fnv1a64:4353ac99036ca1fd	verified		measured		comparable	primary caller-owned Rust/C kernel	2204	112	IndicatorConfig::compute_into; caller output allocation excluded	catalogue_fixture_v1:f64le	fnv1a64:a4171d0a7611733a	0.6.4	43f9d5042ecc4bd367941846494ad907bf20ea50	3.12.13	0.6.4	0.6.4	2.2.3	rustc 1.93.0 (254b59607 2026-01-19)	Apple M2	Darwin 25.5.0 Darwin Kernel Version 25.5.0: Tue Jun  9 22:27:52 PDT 2026; root:xnu-12377.121.10~1/RELEASE_ARM64_T8112	aarch64	64	ta-core=default(f64,std); ta-benchmarks=catalogue-matrix	4c83bdfcb2569e9d106c8547f98a1d06f289a397	false
fast-ta	Price Transform	TYPPRICE: Typical Price	TYPPRICE	Prepared Batch Runner	none	65536	float	1	45287.19642857143	45119.794642857145	45622.40178571428	1447119830.068653	31	0	0	0	0	65536	fnv1a64:4353ac99036ca1fd	verified		measured		unavailable	separate Rust execution cost; not aggregated with the direct C kernel	2201	112	PreparedBatchRunner::compute_into; preparation and caller output allocation excluded	catalogue_fixture_v1:f64le	fnv1a64:a4171d0a7611733a	0.6.4	43f9d5042ecc4bd367941846494ad907bf20ea50	3.12.13	0.6.4	0.6.4	2.2.3	rustc 1.93.0 (254b59607 2026-01-19)	Apple M2	Darwin 25.5.0 Darwin Kernel Version 25.5.0: Tue Jun  9 22:27:52 PDT 2026; root:xnu-12377.121.10~1/RELEASE_ARM64_T8112	aarch64	64	ta-core=default(f64,std); ta-benchmarks=catalogue-matrix	4c83bdfcb2569e9d106c8547f98a1d06f289a397	false
fast-ta	Price Transform	TYPPRICE: Typical Price	TYPPRICE	Streaming Computation	none	65536	float	1	496515.1818181818	494894	500443.1818181818	131991935.79542656	31	1	0	1	0	65536	fnv1a64:4353ac99036ca1fd	verified		measured		unavailable	separate Rust execution cost; not aggregated with the direct C kernel	202	11	StreamingComputation::reset plus one next call per observation; stream and output allocation excluded	catalogue_fixture_v1:f64le	fnv1a64:a4171d0a7611733a	0.6.4	43f9d5042ecc4bd367941846494ad907bf20ea50	3.12.13	0.6.4	0.6.4	2.2.3	rustc 1.93.0 (254b59607 2026-01-19)	Apple M2	Darwin 25.5.0 Darwin Kernel Version 25.5.0: Tue Jun  9 22:27:52 PDT 2026; root:xnu-12377.121.10~1/RELEASE_ARM64_T8112	aarch64	64	ta-core=default(f64,std); ta-benchmarks=catalogue-matrix	4c83bdfcb2569e9d106c8547f98a1d06f289a397	false
TA-Lib C	Price Transform	TYPPRICE: Typical Price	TYPPRICE	direct C caller-owned	none	65536	float	1	19934.91472868217	19887.437984496122	20020.67054263566	3287498386.2212067	31	0	0	0	0	65536	fnv1a64:4353ac99036ca1fd	verified		measured		comparable	primary caller-owned Rust/C kernel	5107	258	direct TA_TYPPRICE call; caller output allocation excluded	catalogue_fixture_v1:f64le	fnv1a64:a4171d0a7611733a	0.6.4	43f9d5042ecc4bd367941846494ad907bf20ea50	3.12.13	0.6.4	0.6.4	2.2.3	rustc 1.93.0 (254b59607 2026-01-19)	Apple M2	Darwin 25.5.0 Darwin Kernel Version 25.5.0: Tue Jun  9 22:27:52 PDT 2026; root:xnu-12377.121.10~1/RELEASE_ARM64_T8112	aarch64	64	ta-core=default(f64,std); ta-benchmarks=catalogue-matrix	4c83bdfcb2569e9d106c8547f98a1d06f289a397	false
TA-Lib Python	Price Transform	TYPPRICE: Typical Price	TYPPRICE	official Python NumPy API	none	65536	float	1	20686.20323903	20628.111993438	20865.145181905	3168101910.376138	31	0	0	0	0	65536	fnv1a64:4353ac99036ca1fd	verified		measured		unavailable	user-facing Python API cost; not aggregated with caller-owned kernels	4703	241	direct talib.TYPPRICE NumPy API expression including API-owned output; fixture loading excluded	catalogue_fixture_v1:f64le	fnv1a64:a4171d0a7611733a	0.6.4	43f9d5042ecc4bd367941846494ad907bf20ea50	3.12.13	0.6.4	0.6.4	2.2.3	rustc 1.93.0 (254b59607 2026-01-19)	Apple M2	Darwin 25.5.0 Darwin Kernel Version 25.5.0: Tue Jun  9 22:27:52 PDT 2026; root:xnu-12377.121.10~1/RELEASE_ARM64_T8112	aarch64	64	ta-core=default(f64,std); ta-benchmarks=catalogue-matrix	4c83bdfcb2569e9d106c8547f98a1d06f289a397	false
fast-ta	Volume Indicators	OBV: On Balance Volume	OBV	Owned Compact Output	none	65536	float	1	79238.71186440678	78841.10169491525	79874.30508474576	827070486.8618404	31	0	0	0	0	65536	fnv1a64:e593c37485616ce2	verified		measured		unavailable	separate Rust execution cost; not aggregated with the direct C kernel	1255	59	IndicatorConfig::compute; API-owned Compact Output allocation included	catalogue_fixture_v1:f64le	fnv1a64:a4171d0a7611733a	0.6.4	43f9d5042ecc4bd367941846494ad907bf20ea50	3.12.13	0.6.4	0.6.4	2.2.3	rustc 1.93.0 (254b59607 2026-01-19)	Apple M2	Darwin 25.5.0 Darwin Kernel Version 25.5.0: Tue Jun  9 22:27:52 PDT 2026; root:xnu-12377.121.10~1/RELEASE_ARM64_T8112	aarch64	64	ta-core=default(f64,std); ta-benchmarks=catalogue-matrix	4c83bdfcb2569e9d106c8547f98a1d06f289a397	false
fast-ta	Volume Indicators	OBV: On Balance Volume	OBV	caller-owned Batch Computation	none	65536	float	1	75015.32352941176	74862.75	75693.01470588235	873634837.7449157	31	0	0	0	0	65536	fnv1a64:e593c37485616ce2	verified		measured		comparable	primary caller-owned Rust/C kernel	1323	68	IndicatorConfig::compute_into; caller output allocation excluded	catalogue_fixture_v1:f64le	fnv1a64:a4171d0a7611733a	0.6.4	43f9d5042ecc4bd367941846494ad907bf20ea50	3.12.13	0.6.4	0.6.4	2.2.3	rustc 1.93.0 (254b59607 2026-01-19)	Apple M2	Darwin 25.5.0 Darwin Kernel Version 25.5.0: Tue Jun  9 22:27:52 PDT 2026; root:xnu-12377.121.10~1/RELEASE_ARM64_T8112	aarch64	64	ta-core=default(f64,std); ta-benchmarks=catalogue-matrix	4c83bdfcb2569e9d106c8547f98a1d06f289a397	false
fast-ta	Volume Indicators	OBV: On Balance Volume	OBV	Prepared Batch Runner	none	65536	float	1	75254.89705882352	74940.55882352941	76102.33823529411	870853626.2932274	31	1	0	1	0	65536	fnv1a64:e593c37485616ce2	verified		measured		unavailable	separate Rust execution cost; not aggregated with the direct C kernel	1322	68	PreparedBatchRunner::compute_into; preparation and caller output allocation excluded	catalogue_fixture_v1:f64le	fnv1a64:a4171d0a7611733a	0.6.4	43f9d5042ecc4bd367941846494ad907bf20ea50	3.12.13	0.6.4	0.6.4	2.2.3	rustc 1.93.0 (254b59607 2026-01-19)	Apple M2	Darwin 25.5.0 Darwin Kernel Version 25.5.0: Tue Jun  9 22:27:52 PDT 2026; root:xnu-12377.121.10~1/RELEASE_ARM64_T8112	aarch64	64	ta-core=default(f64,std); ta-benchmarks=catalogue-matrix	4c83bdfcb2569e9d106c8547f98a1d06f289a397	false
fast-ta	Volume Indicators	OBV: On Balance Volume	OBV	Streaming Computation	none	65536	float	1	407673.07692307694	405788.46153846156	411054.46153846156	160756262.08783433	31	1	0	1	0	65536	fnv1a64:e593c37485616ce2	verified		measured		unavailable	separate Rust execution cost; not aggregated with the direct C kernel	244	13	StreamingComputation::reset plus one next call per observation; stream and output allocation excluded	catalogue_fixture_v1:f64le	fnv1a64:a4171d0a7611733a	0.6.4	43f9d5042ecc4bd367941846494ad907bf20ea50	3.12.13	0.6.4	0.6.4	2.2.3	rustc 1.93.0 (254b59607 2026-01-19)	Apple M2	Darwin 25.5.0 Darwin Kernel Version 25.5.0: Tue Jun  9 22:27:52 PDT 2026; root:xnu-12377.121.10~1/RELEASE_ARM64_T8112	aarch64	64	ta-core=default(f64,std); ta-benchmarks=catalogue-matrix	4c83bdfcb2569e9d106c8547f98a1d06f289a397	false
TA-Lib C	Volume Indicators	OBV: On Balance Volume	OBV	direct C caller-owned	none	65536	float	1	58333.333333333336	57953.54022988506	58886.49425287356	1123474285.7142856	31	0	0	0	0	65536	fnv1a64:e593c37485616ce2	verified		measured		comparable	primary caller-owned Rust/C kernel	1710	87	direct TA_OBV call; caller output allocation excluded	catalogue_fixture_v1:f64le	fnv1a64:a4171d0a7611733a	0.6.4	43f9d5042ecc4bd367941846494ad907bf20ea50	3.12.13	0.6.4	0.6.4	2.2.3	rustc 1.93.0 (254b59607 2026-01-19)	Apple M2	Darwin 25.5.0 Darwin Kernel Version 25.5.0: Tue Jun  9 22:27:52 PDT 2026; root:xnu-12377.121.10~1/RELEASE_ARM64_T8112	aarch64	64	ta-core=default(f64,std); ta-benchmarks=catalogue-matrix	4c83bdfcb2569e9d106c8547f98a1d06f289a397	false
TA-Lib Python	Volume Indicators	OBV: On Balance Volume	OBV	official Python NumPy API	none	65536	float	1	58694.919919188	58489.459588182	59161.884522858	1116553188.7637105	31	0	0	0	0	65536	fnv1a64:e593c37485616ce2	verified		measured		unavailable	user-facing Python API cost; not aggregated with caller-owned kernels	1696	87	direct talib.OBV NumPy API expression including API-owned output; fixture loading excluded	catalogue_fixture_v1:f64le	fnv1a64:a4171d0a7611733a	0.6.4	43f9d5042ecc4bd367941846494ad907bf20ea50	3.12.13	0.6.4	0.6.4	2.2.3	rustc 1.93.0 (254b59607 2026-01-19)	Apple M2	Darwin 25.5.0 Darwin Kernel Version 25.5.0: Tue Jun  9 22:27:52 PDT 2026; root:xnu-12377.121.10~1/RELEASE_ARM64_T8112	aarch64	64	ta-core=default(f64,std); ta-benchmarks=catalogue-matrix	4c83bdfcb2569e9d106c8547f98a1d06f289a397	false
fast-ta	Math Transform	SIN: Vector Trigonometric Sine	SIN	Owned Compact Output	none	65536	float	1	237666.68181818182	237085.22727272726	238373.13636363635	275747528.00283515	31	0	0	0	0	65536	fnv1a64:30b1808cf18aee44	verified		measured		unavailable	separate Rust execution cost; not aggregated with the direct C kernel	422	22	IndicatorConfig::compute; API-owned Compact Output allocation included	catalogue_fixture_v1:f64le	fnv1a64:a4171d0a7611733a	0.6.4	43f9d5042ecc4bd367941846494ad907bf20ea50	3.12.13	0.6.4	0.6.4	2.2.3	rustc 1.93.0 (254b59607 2026-01-19)	Apple M2	Darwin 25.5.0 Darwin Kernel Version 25.5.0: Tue Jun  9 22:27:52 PDT 2026; root:xnu-12377.121.10~1/RELEASE_ARM64_T8112	aarch64	64	ta-core=default(f64,std); ta-benchmarks=catalogue-matrix	4c83bdfcb2569e9d106c8547f98a1d06f289a397	false
fast-ta	Math Transform	SIN: Vector Trigonometric Sine	SIN	caller-owned Batch Computation	none	65536	float	1	232287.86363636365	231007.5909090909	234026.5	282132690.7659442	31	1	0	1	0	65536	fnv1a64:30b1808cf18aee44	verified		measured		comparable	primary caller-owned Rust/C kernel	429	22	IndicatorConfig::compute_into; caller output allocation excluded	catalogue_fixture_v1:f64le	fnv1a64:a4171d0a7611733a	0.6.4	43f9d5042ecc4bd367941846494ad907bf20ea50	3.12.13	0.6.4	0.6.4	2.2.3	rustc 1.93.0 (254b59607 2026-01-19)	Apple M2	Darwin 25.5.0 Darwin Kernel Version 25.5.0: Tue Jun  9 22:27:52 PDT 2026; root:xnu-12377.121.10~1/RELEASE_ARM64_T8112	aarch64	64	ta-core=default(f64,std); ta-benchmarks=catalogue-matrix	4c83bdfcb2569e9d106c8547f98a1d06f289a397	false
fast-ta	Math Transform	SIN: Vector Trigonometric Sine	SIN	Prepared Batch Runner	none	65536	float	1	232488.09523809524	231757.90476190476	234462.2857142857	281889702.49372727	31	0	0	0	0	65536	fnv1a64:30b1808cf18aee44	verified		measured		unavailable	separate Rust execution cost; not aggregated with the direct C kernel	427	21	PreparedBatchRunner::compute_into; preparation and caller output allocation excluded	catalogue_fixture_v1:f64le	fnv1a64:a4171d0a7611733a	0.6.4	43f9d5042ecc4bd367941846494ad907bf20ea50	3.12.13	0.6.4	0.6.4	2.2.3	rustc 1.93.0 (254b59607 2026-01-19)	Apple M2	Darwin 25.5.0 Darwin Kernel Version 25.5.0: Tue Jun  9 22:27:52 PDT 2026; root:xnu-12377.121.10~1/RELEASE_ARM64_T8112	aarch64	64	ta-core=default(f64,std); ta-benchmarks=catalogue-matrix	4c83bdfcb2569e9d106c8547f98a1d06f289a397	false
fast-ta	Math Transform	SIN: Vector Trigonometric Sine	SIN	Streaming Computation	none	65536	float	1	240825.38095238095	238936.52380952382	241674.61904761905	272130785.13912374	31	0	0	0	0	65536	fnv1a64:30b1808cf18aee44	verified		measured		unavailable	separate Rust execution cost; not aggregated with the direct C kernel	415	21	StreamingComputation::reset plus one next call per observation; stream and output allocation excluded	catalogue_fixture_v1:f64le	fnv1a64:a4171d0a7611733a	0.6.4	43f9d5042ecc4bd367941846494ad907bf20ea50	3.12.13	0.6.4	0.6.4	2.2.3	rustc 1.93.0 (254b59607 2026-01-19)	Apple M2	Darwin 25.5.0 Darwin Kernel Version 25.5.0: Tue Jun  9 22:27:52 PDT 2026; root:xnu-12377.121.10~1/RELEASE_ARM64_T8112	aarch64	64	ta-core=default(f64,std); ta-benchmarks=catalogue-matrix	4c83bdfcb2569e9d106c8547f98a1d06f289a397	false
TA-Lib C	Math Transform	SIN: Vector Trigonometric Sine	SIN	direct C caller-owned	none	65536	float	1	223654	222722.8260869565	225161.21739130435	293024046.0711635	31	2	0	2	0	65536	fnv1a64:30b1808cf18aee44	verified		measured		comparable	primary caller-owned Rust/C kernel	446	23	direct TA_SIN call; caller output allocation excluded	catalogue_fixture_v1:f64le	fnv1a64:a4171d0a7611733a	0.6.4	43f9d5042ecc4bd367941846494ad907bf20ea50	3.12.13	0.6.4	0.6.4	2.2.3	rustc 1.93.0 (254b59607 2026-01-19)	Apple M2	Darwin 25.5.0 Darwin Kernel Version 25.5.0: Tue Jun  9 22:27:52 PDT 2026; root:xnu-12377.121.10~1/RELEASE_ARM64_T8112	aarch64	64	ta-core=default(f64,std); ta-benchmarks=catalogue-matrix	4c83bdfcb2569e9d106c8547f98a1d06f289a397	false
TA-Lib Python	Math Transform	SIN: Vector Trigonometric Sine	SIN	official Python NumPy API	none	65536	float	1	223798.91268666	223472.825777919	224570.652631962	292834309.2164916	31	5	0	5	0	65536	fnv1a64:30b1808cf18aee44	verified		measured		unavailable	user-facing Python API cost; not aggregated with caller-owned kernels	445	23	direct talib.SIN NumPy API expression including API-owned output; fixture loading excluded	catalogue_fixture_v1:f64le	fnv1a64:a4171d0a7611733a	0.6.4	43f9d5042ecc4bd367941846494ad907bf20ea50	3.12.13	0.6.4	0.6.4	2.2.3	rustc 1.93.0 (254b59607 2026-01-19)	Apple M2	Darwin 25.5.0 Darwin Kernel Version 25.5.0: Tue Jun  9 22:27:52 PDT 2026; root:xnu-12377.121.10~1/RELEASE_ARM64_T8112	aarch64	64	ta-core=default(f64,std); ta-benchmarks=catalogue-matrix	4c83bdfcb2569e9d106c8547f98a1d06f289a397	false
fast-ta	Math Operators	ADD: Vector Arithmetic Add	ADD	Owned Compact Output	none	65536	float	1	36502.69784172662	36399.88489208633	36905.87769784173	1795374146.978394	31	0	0	0	0	65536	fnv1a64:9215e92ad1f1444b	verified		measured		unavailable	separate Rust execution cost; not aggregated with the direct C kernel	2729	139	IndicatorConfig::compute; API-owned Compact Output allocation included	catalogue_fixture_v1:f64le	fnv1a64:a4171d0a7611733a	0.6.4	43f9d5042ecc4bd367941846494ad907bf20ea50	3.12.13	0.6.4	0.6.4	2.2.3	rustc 1.93.0 (254b59607 2026-01-19)	Apple M2	Darwin 25.5.0 Darwin Kernel Version 25.5.0: Tue Jun  9 22:27:52 PDT 2026; root:xnu-12377.121.10~1/RELEASE_ARM64_T8112	aarch64	64	ta-core=default(f64,std); ta-benchmarks=catalogue-matrix	4c83bdfcb2569e9d106c8547f98a1d06f289a397	false
fast-ta	Math Operators	ADD: Vector Arithmetic Add	ADD	caller-owned Batch Computation	none	65536	float	1	29491.44871794872	29268.160256410258	29598.55769230769	2222203480.974276	31	5	0	5	0	65536	fnv1a64:9215e92ad1f1444b	verified		measured		comparable	primary caller-owned Rust/C kernel	3077	156	IndicatorConfig::compute_into; caller output allocation excluded	catalogue_fixture_v1:f64le	fnv1a64:a4171d0a7611733a	0.6.4	43f9d5042ecc4bd367941846494ad907bf20ea50	3.12.13	0.6.4	0.6.4	2.2.3	rustc 1.93.0 (254b59607 2026-01-19)	Apple M2	Darwin 25.5.0 Darwin Kernel Version 25.5.0: Tue Jun  9 22:27:52 PDT 2026; root:xnu-12377.121.10~1/RELEASE_ARM64_T8112	aarch64	64	ta-core=default(f64,std); ta-benchmarks=catalogue-matrix	4c83bdfcb2569e9d106c8547f98a1d06f289a397	false
fast-ta	Math Operators	ADD: Vector Arithmetic Add	ADD	Prepared Batch Runner	none	65536	float	1	28634	28579.06818181818	28899.857954545456	2288747642.662569	31	0	0	0	0	65536	fnv1a64:9215e92ad1f1444b	verified		measured		unavailable	separate Rust execution cost; not aggregated with the direct C kernel	3391	176	PreparedBatchRunner::compute_into; preparation and caller output allocation excluded	catalogue_fixture_v1:f64le	fnv1a64:a4171d0a7611733a	0.6.4	43f9d5042ecc4bd367941846494ad907bf20ea50	3.12.13	0.6.4	0.6.4	2.2.3	rustc 1.93.0 (254b59607 2026-01-19)	Apple M2	Darwin 25.5.0 Darwin Kernel Version 25.5.0: Tue Jun  9 22:27:52 PDT 2026; root:xnu-12377.121.10~1/RELEASE_ARM64_T8112	aarch64	64	ta-core=default(f64,std); ta-benchmarks=catalogue-matrix	4c83bdfcb2569e9d106c8547f98a1d06f289a397	false
fast-ta	Math Operators	ADD: Vector Arithmetic Add	ADD	Streaming Computation	none	65536	float	1	95237.68181818182	94492.43181818182	96135.40909090909	688130987.1140577	31	0	0	0	0	65536	fnv1a64:9215e92ad1f1444b	verified		measured		unavailable	separate Rust execution cost; not aggregated with the direct C kernel	1171	44	StreamingComputation::reset plus one next call per observation; stream and output allocation excluded	catalogue_fixture_v1:f64le	fnv1a64:a4171d0a7611733a	0.6.4	43f9d5042ecc4bd367941846494ad907bf20ea50	3.12.13	0.6.4	0.6.4	2.2.3	rustc 1.93.0 (254b59607 2026-01-19)	Apple M2	Darwin 25.5.0 Darwin Kernel Version 25.5.0: Tue Jun  9 22:27:52 PDT 2026; root:xnu-12377.121.10~1/RELEASE_ARM64_T8112	aarch64	64	ta-core=default(f64,std); ta-benchmarks=catalogue-matrix	4c83bdfcb2569e9d106c8547f98a1d06f289a397	false
TA-Lib C	Math Operators	ADD: Vector Arithmetic Add	ADD	direct C caller-owned	none	65536	float	1	15380.716463414634	15311.231707317073	15528.454268292682	4260919844.396541	31	0	0	0	0	65536	fnv1a64:9215e92ad1f1444b	verified		measured		comparable	primary caller-owned Rust/C kernel	6484	328	direct TA_ADD call; caller output allocation excluded	catalogue_fixture_v1:f64le	fnv1a64:a4171d0a7611733a	0.6.4	43f9d5042ecc4bd367941846494ad907bf20ea50	3.12.13	0.6.4	0.6.4	2.2.3	rustc 1.93.0 (254b59607 2026-01-19)	Apple M2	Darwin 25.5.0 Darwin Kernel Version 25.5.0: Tue Jun  9 22:27:52 PDT 2026; root:xnu-12377.121.10~1/RELEASE_ARM64_T8112	aarch64	64	ta-core=default(f64,std); ta-benchmarks=catalogue-matrix	4c83bdfcb2569e9d106c8547f98a1d06f289a397	false
TA-Lib Python	Math Operators	ADD: Vector Arithmetic Add	ADD	official Python NumPy API	none	65536	float	1	15717.158797618	15663.031294269	15909.788256795	4169710368.38619	31	3	0	3	0	65536	fnv1a64:9215e92ad1f1444b	verified		measured		unavailable	user-facing Python API cost; not aggregated with caller-owned kernels	6175	321	direct talib.ADD NumPy API expression including API-owned output; fixture loading excluded	catalogue_fixture_v1:f64le	fnv1a64:a4171d0a7611733a	0.6.4	43f9d5042ecc4bd367941846494ad907bf20ea50	3.12.13	0.6.4	0.6.4	2.2.3	rustc 1.93.0 (254b59607 2026-01-19)	Apple M2	Darwin 25.5.0 Darwin Kernel Version 25.5.0: Tue Jun  9 22:27:52 PDT 2026; root:xnu-12377.121.10~1/RELEASE_ARM64_T8112	aarch64	64	ta-core=default(f64,std); ta-benchmarks=catalogue-matrix	4c83bdfcb2569e9d106c8547f98a1d06f289a397	false
